session_id,user_id,session_date,channel,touch_position,total_touches,converted,revenue,cost
1,828,2024-04-12,organic_search,1,4,0,0,0
1,828,2024-04-12,facebook_ads,2,4,0,0,8
1,828,2024-04-12,google_ads,3,4,0,0,12
1,828,2024-04-12,google_ads,4,4,0,0,12
2,1088,2024-02-15,direct,1,6,0,0,0
2,1088,2024-02-15,email,2,6,0,0,1
2,1088,2024-02-15,email,3,6,0,0,1
2,1088,2024-02-15,organic_search,4,6,0,0,0
2,1088,2024-02-15,facebook_ads,5,6,0,0,8
2,1088,2024-02-15,direct,6,6,0,0,0
3,795,2024-04-18,google_ads,1,6,0,0,12
3,795,2024-04-18,organic_search,2,6,0,0,0
3,795,2024-04-18,direct,3,6,0,0,0
3,795,2024-04-18,email,4,6,0,0,1
3,795,2024-04-18,direct,5,6,0,0,0
3,795,2024-04-18,organic_search,6,6,0,0,0
4,961,2024-07-25,google_ads,1,3,0,0,12
4,961,2024-07-25,organic_search,2,3,0,0,0
4,961,2024-07-25,email,3,3,0,0,1
5,1912,2024-02-11,email,1,5,0,0,1
5,1912,2024-02-11,direct,2,5,0,0,0
5,1912,2024-02-11,organic_search,3,5,0,0,0
5,1912,2024-02-11,direct,4,5,0,0,0
5,1912,2024-02-11,email,5,5,0,0,1
6,1886,2024-03-23,referral,1,6,0,0,5
6,1886,2024-03-23,email,2,6,0,0,1
6,1886,2024-03-23,direct,3,6,0,0,0
6,1886,2024-03-23,facebook_ads,4,6,0,0,8
6,1886,2024-03-23,organic_search,5,6,0,0,0
6,1886,2024-03-23,facebook_ads,6,6,0,0,8
7,351,2024-08-02,google_ads,1,4,1,149,12
7,351,2024-08-02,email,2,4,1,149,1
7,351,2024-08-02,google_ads,3,4,1,149,12
7,351,2024-08-02,facebook_ads,4,4,1,149,8
8,279,2024-07-26,facebook_ads,1,5,0,0,8
8,279,2024-07-26,referral,2,5,0,0,5
8,279,2024-07-26,google_ads,3,5,0,0,12
8,279,2024-07-26,facebook_ads,4,5,0,0,8
8,279,2024-07-26,facebook_ads,5,5,0,0,8
9,1565,2024-06-30,direct,1,2,1,499,0
9,1565,2024-06-30,email,2,2,1,499,1
10,1596,2024-03-18,organic_search,1,6,0,0,0
10,1596,2024-03-18,email,2,6,0,0,1
10,1596,2024-03-18,google_ads,3,6,0,0,12
10,1596,2024-03-18,google_ads,4,6,0,0,12
10,1596,2024-03-18,facebook_ads,5,6,0,0,8
10,1596,2024-03-18,facebook_ads,6,6,0,0,8
11,426,2024-06-12,referral,1,5,1,49,5
11,426,2024-06-12,referral,2,5,1,49,5
11,426,2024-06-12,direct,3,5,1,49,0
11,426,2024-06-12,google_ads,4,5,1,49,12
11,426,2024-06-12,referral,5,5,1,49,5
12,1027,2024-01-06,organic_search,1,3,0,0,0
12,1027,2024-01-06,google_ads,2,3,0,0,12
12,1027,2024-01-06,facebook_ads,3,3,0,0,8
13,1685,2024-07-16,email,1,4,0,0,1
13,1685,2024-07-16,email,2,4,0,0,1
13,1685,2024-07-16,google_ads,3,4,0,0,12
13,1685,2024-07-16,direct,4,4,0,0,0
14,1478,2024-08-15,facebook_ads,1,4,1,149,8
14,1478,2024-08-15,direct,2,4,1,149,0
14,1478,2024-08-15,facebook_ads,3,4,1,149,8
14,1478,2024-08-15,referral,4,4,1,149,5
15,448,2024-05-07,email,1,6,1,149,1
15,448,2024-05-07,email,2,6,1,149,1
15,448,2024-05-07,direct,3,6,1,149,0
15,448,2024-05-07,direct,4,6,1,149,0
15,448,2024-05-07,email,5,6,1,149,1
15,448,2024-05-07,direct,6,6,1,149,0
16,1858,2024-06-13,referral,1,6,0,0,5
16,1858,2024-06-13,organic_search,2,6,0,0,0
16,1858,2024-06-13,direct,3,6,0,0,0
16,1858,2024-06-13,facebook_ads,4,6,0,0,8
16,1858,2024-06-13,direct,5,6,0,0,0
16,1858,2024-06-13,email,6,6,0,0,1
17,1252,2024-05-24,email,1,2,0,0,1
17,1252,2024-05-24,referral,2,2,0,0,5
18,1268,2024-08-13,facebook_ads,1,6,0,0,8
18,1268,2024-08-13,email,2,6,0,0,1
18,1268,2024-08-13,facebook_ads,3,6,0,0,8
18,1268,2024-08-13,google_ads,4,6,0,0,12
18,1268,2024-08-13,email,5,6,0,0,1
18,1268,2024-08-13,facebook_ads,6,6,0,0,8
19,1826,2024-03-28,referral,1,6,0,0,5
19,1826,2024-03-28,facebook_ads,2,6,0,0,8
19,1826,2024-03-28,email,3,6,0,0,1
19,1826,2024-03-28,referral,4,6,0,0,5
19,1826,2024-03-28,referral,5,6,0,0,5
19,1826,2024-03-28,email,6,6,0,0,1
20,1345,2024-01-02,google_ads,1,4,0,0,12
20,1345,2024-01-02,organic_search,2,4,0,0,0
20,1345,2024-01-02,google_ads,3,4,0,0,12
20,1345,2024-01-02,facebook_ads,4,4,0,0,8
21,1531,2024-09-18,referral,1,2,0,0,5
21,1531,2024-09-18,email,2,2,0,0,1
22,1534,2024-08-01,email,1,6,1,49,1
22,1534,2024-08-01,organic_search,2,6,1,49,0
22,1534,2024-08-01,organic_search,3,6,1,49,0
22,1534,2024-08-01,organic_search,4,6,1,49,0
22,1534,2024-08-01,referral,5,6,1,49,5
22,1534,2024-08-01,referral,6,6,1,49,5
23,216,2024-02-08,organic_search,1,3,0,0,0
23,216,2024-02-08,direct,2,3,0,0,0
23,216,2024-02-08,email,3,3,0,0,1
24,1142,2024-05-31,facebook_ads,1,6,0,0,8
24,1142,2024-05-31,google_ads,2,6,0,0,12
24,1142,2024-05-31,direct,3,6,0,0,0
24,1142,2024-05-31,email,4,6,0,0,1
24,1142,2024-05-31,referral,5,6,0,0,5
24,1142,2024-05-31,facebook_ads,6,6,0,0,8
25,1798,2024-08-16,direct,1,2,0,0,0
25,1798,2024-08-16,referral,2,2,0,0,5
26,1151,2024-04-01,email,1,6,0,0,1
26,1151,2024-04-01,facebook_ads,2,6,0,0,8
26,1151,2024-04-01,email,3,6,0,0,1
26,1151,2024-04-01,direct,4,6,0,0,0
26,1151,2024-04-01,referral,5,6,0,0,5
26,1151,2024-04-01,facebook_ads,6,6,0,0,8
27,982,2024-08-31,organic_search,1,5,1,299,0
27,982,2024-08-31,direct,2,5,1,299,0
27,982,2024-08-31,organic_search,3,5,1,299,0
27,982,2024-08-31,direct,4,5,1,299,0
27,982,2024-08-31,organic_search,5,5,1,299,0
28,148,2024-01-03,organic_search,1,3,0,0,0
28,148,2024-01-03,organic_search,2,3,0,0,0
28,148,2024-01-03,organic_search,3,3,0,0,0
29,848,2024-03-25,google_ads,1,3,1,499,12
29,848,2024-03-25,direct,2,3,1,499,0
29,848,2024-03-25,email,3,3,1,499,1
30,471,2024-05-29,google_ads,1,5,1,99,12
30,471,2024-05-29,email,2,5,1,99,1
30,471,2024-05-29,referral,3,5,1,99,5
30,471,2024-05-29,email,4,5,1,99,1
30,471,2024-05-29,referral,5,5,1,99,5
31,559,2024-07-05,google_ads,1,3,1,149,12
31,559,2024-07-05,direct,2,3,1,149,0
31,559,2024-07-05,referral,3,3,1,149,5
32,1337,2024-02-11,referral,1,5,1,499,5
32,1337,2024-02-11,google_ads,2,5,1,499,12
32,1337,2024-02-11,google_ads,3,5,1,499,12
32,1337,2024-02-11,google_ads,4,5,1,499,12
32,1337,2024-02-11,organic_search,5,5,1,499,0
33,1325,2024-03-26,email,1,4,0,0,1
33,1325,2024-03-26,referral,2,4,0,0,5
33,1325,2024-03-26,facebook_ads,3,4,0,0,8
33,1325,2024-03-26,organic_search,4,4,0,0,0
34,330,2024-01-28,direct,1,3,0,0,0
34,330,2024-01-28,referral,2,3,0,0,5
34,330,2024-01-28,email,3,3,0,0,1
35,1514,2024-03-16,email,1,1,0,0,1
36,1497,2024-04-28,email,1,1,0,0,1
37,199,2024-08-15,referral,1,2,0,0,5
37,199,2024-08-15,organic_search,2,2,0,0,0
38,1795,2024-03-26,referral,1,2,0,0,5
38,1795,2024-03-26,email,2,2,0,0,1
39,94,2024-07-22,google_ads,1,5,0,0,12
39,94,2024-07-22,direct,2,5,0,0,0
39,94,2024-07-22,google_ads,3,5,0,0,12
39,94,2024-07-22,google_ads,4,5,0,0,12
39,94,2024-07-22,facebook_ads,5,5,0,0,8
40,595,2024-09-09,email,1,1,1,149,1
41,336,2024-06-11,direct,1,5,0,0,0
41,336,2024-06-11,organic_search,2,5,0,0,0
41,336,2024-06-11,referral,3,5,0,0,5
41,336,2024-06-11,direct,4,5,0,0,0
41,336,2024-06-11,email,5,5,0,0,1
42,465,2024-03-18,referral,1,5,0,0,5
42,465,2024-03-18,google_ads,2,5,0,0,12
42,465,2024-03-18,direct,3,5,0,0,0
42,465,2024-03-18,facebook_ads,4,5,0,0,8
42,465,2024-03-18,email,5,5,0,0,1
43,1846,2024-03-30,organic_search,1,2,0,0,0
43,1846,2024-03-30,direct,2,2,0,0,0
44,1327,2024-03-24,direct,1,3,0,0,0
44,1327,2024-03-24,google_ads,2,3,0,0,12
44,1327,2024-03-24,google_ads,3,3,0,0,12
45,1716,2024-03-08,direct,1,2,0,0,0
45,1716,2024-03-08,facebook_ads,2,2,0,0,8
46,1803,2024-04-03,organic_search,1,3,0,0,0
46,1803,2024-04-03,email,2,3,0,0,1
46,1803,2024-04-03,google_ads,3,3,0,0,12
47,1031,2024-08-16,google_ads,1,4,0,0,12
47,1031,2024-08-16,organic_search,2,4,0,0,0
47,1031,2024-08-16,email,3,4,0,0,1
47,1031,2024-08-16,google_ads,4,4,0,0,12
48,187,2024-09-14,google_ads,1,3,0,0,12
48,187,2024-09-14,referral,2,3,0,0,5
48,187,2024-09-14,email,3,3,0,0,1
49,206,2024-04-13,direct,1,4,1,149,0
49,206,2024-04-13,facebook_ads,2,4,1,149,8
49,206,2024-04-13,email,3,4,1,149,1
49,206,2024-04-13,direct,4,4,1,149,0
50,344,2024-09-21,referral,1,6,0,0,5
50,344,2024-09-21,organic_search,2,6,0,0,0
50,344,2024-09-21,direct,3,6,0,0,0
50,344,2024-09-21,organic_search,4,6,0,0,0
50,344,2024-09-21,facebook_ads,5,6,0,0,8
50,344,2024-09-21,organic_search,6,6,0,0,0
51,863,2024-09-25,organic_search,1,4,0,0,0
51,863,2024-09-25,facebook_ads,2,4,0,0,8
51,863,2024-09-25,facebook_ads,3,4,0,0,8
51,863,2024-09-25,organic_search,4,4,0,0,0
52,199,2024-01-16,direct,1,6,0,0,0
52,199,2024-01-16,email,2,6,0,0,1
52,199,2024-01-16,facebook_ads,3,6,0,0,8
52,199,2024-01-16,direct,4,6,0,0,0
52,199,2024-01-16,organic_search,5,6,0,0,0
52,199,2024-01-16,facebook_ads,6,6,0,0,8
53,1376,2024-01-06,organic_search,1,3,1,149,0
53,1376,2024-01-06,facebook_ads,2,3,1,149,8
53,1376,2024-01-06,referral,3,3,1,149,5
54,798,2024-06-05,organic_search,1,2,1,49,0
54,798,2024-06-05,facebook_ads,2,2,1,49,8
55,727,2024-03-13,organic_search,1,2,0,0,0
55,727,2024-03-13,direct,2,2,0,0,0
56,735,2024-07-11,facebook_ads,1,3,1,99,8
56,735,2024-07-11,google_ads,2,3,1,99,12
56,735,2024-07-11,google_ads,3,3,1,99,12
57,455,2024-05-11,referral,1,3,1,299,5
57,455,2024-05-11,google_ads,2,3,1,299,12
57,455,2024-05-11,google_ads,3,3,1,299,12
58,166,2024-07-08,email,1,6,0,0,1
58,166,2024-07-08,organic_search,2,6,0,0,0
58,166,2024-07-08,email,3,6,0,0,1
58,166,2024-07-08,organic_search,4,6,0,0,0
58,166,2024-07-08,organic_search,5,6,0,0,0
58,166,2024-07-08,facebook_ads,6,6,0,0,8
59,239,2024-05-04,google_ads,1,3,0,0,12
59,239,2024-05-04,google_ads,2,3,0,0,12
59,239,2024-05-04,facebook_ads,3,3,0,0,8
60,555,2024-05-04,facebook_ads,1,3,0,0,8
60,555,2024-05-04,organic_search,2,3,0,0,0
60,555,2024-05-04,organic_search,3,3,0,0,0
61,537,2024-07-15,google_ads,1,1,1,299,12
62,1566,2024-08-14,email,1,6,0,0,1
62,1566,2024-08-14,direct,2,6,0,0,0
62,1566,2024-08-14,facebook_ads,3,6,0,0,8
62,1566,2024-08-14,direct,4,6,0,0,0
62,1566,2024-08-14,organic_search,5,6,0,0,0
62,1566,2024-08-14,organic_search,6,6,0,0,0
63,217,2024-07-22,referral,1,3,0,0,5
63,217,2024-07-22,google_ads,2,3,0,0,12
63,217,2024-07-22,direct,3,3,0,0,0
64,1004,2024-02-13,referral,1,3,0,0,5
64,1004,2024-02-13,google_ads,2,3,0,0,12
64,1004,2024-02-13,google_ads,3,3,0,0,12
65,840,2024-08-04,direct,1,2,0,0,0
65,840,2024-08-04,organic_search,2,2,0,0,0
66,41,2024-06-13,facebook_ads,1,1,0,0,8
67,219,2024-08-08,referral,1,1,0,0,5
68,376,2024-05-26,direct,1,2,1,99,0
68,376,2024-05-26,referral,2,2,1,99,5
69,1540,2024-07-16,organic_search,1,4,0,0,0
69,1540,2024-07-16,google_ads,2,4,0,0,12
69,1540,2024-07-16,direct,3,4,0,0,0
69,1540,2024-07-16,facebook_ads,4,4,0,0,8
70,1490,2024-05-20,referral,1,2,0,0,5
70,1490,2024-05-20,google_ads,2,2,0,0,12
71,144,2024-08-30,email,1,3,0,0,1
71,144,2024-08-30,direct,2,3,0,0,0
71,144,2024-08-30,organic_search,3,3,0,0,0
72,1766,2024-06-05,referral,1,5,0,0,5
72,1766,2024-06-05,facebook_ads,2,5,0,0,8
72,1766,2024-06-05,facebook_ads,3,5,0,0,8
72,1766,2024-06-05,facebook_ads,4,5,0,0,8
72,1766,2024-06-05,facebook_ads,5,5,0,0,8
73,1046,2024-09-14,facebook_ads,1,2,0,0,8
73,1046,2024-09-14,email,2,2,0,0,1
74,465,2024-08-10,referral,1,5,0,0,5
74,465,2024-08-10,organic_search,2,5,0,0,0
74,465,2024-08-10,email,3,5,0,0,1
74,465,2024-08-10,referral,4,5,0,0,5
74,465,2024-08-10,email,5,5,0,0,1
75,22,2024-02-15,email,1,4,1,99,1
75,22,2024-02-15,google_ads,2,4,1,99,12
75,22,2024-02-15,google_ads,3,4,1,99,12
75,22,2024-02-15,direct,4,4,1,99,0
76,612,2024-02-28,google_ads,1,2,0,0,12
76,612,2024-02-28,facebook_ads,2,2,0,0,8
77,1693,2024-04-07,google_ads,1,5,0,0,12
77,1693,2024-04-07,google_ads,2,5,0,0,12
77,1693,2024-04-07,google_ads,3,5,0,0,12
77,1693,2024-04-07,direct,4,5,0,0,0
77,1693,2024-04-07,facebook_ads,5,5,0,0,8
78,88,2024-05-08,email,1,4,0,0,1
78,88,2024-05-08,organic_search,2,4,0,0,0
78,88,2024-05-08,facebook_ads,3,4,0,0,8
78,88,2024-05-08,google_ads,4,4,0,0,12
79,1425,2024-04-28,direct,1,5,0,0,0
79,1425,2024-04-28,referral,2,5,0,0,5
79,1425,2024-04-28,organic_search,3,5,0,0,0
79,1425,2024-04-28,organic_search,4,5,0,0,0
79,1425,2024-04-28,referral,5,5,0,0,5
80,1237,2024-03-31,referral,1,3,1,499,5
80,1237,2024-03-31,direct,2,3,1,499,0
80,1237,2024-03-31,organic_search,3,3,1,499,0
81,1216,2024-03-19,google_ads,1,3,0,0,12
81,1216,2024-03-19,google_ads,2,3,0,0,12
81,1216,2024-03-19,organic_search,3,3,0,0,0
82,1143,2024-07-04,facebook_ads,1,3,0,0,8
82,1143,2024-07-04,facebook_ads,2,3,0,0,8
82,1143,2024-07-04,direct,3,3,0,0,0
83,1489,2024-05-31,google_ads,1,5,0,0,12
83,1489,2024-05-31,direct,2,5,0,0,0
83,1489,2024-05-31,email,3,5,0,0,1
83,1489,2024-05-31,organic_search,4,5,0,0,0
83,1489,2024-05-31,google_ads,5,5,0,0,12
84,973,2024-08-07,direct,1,4,0,0,0
84,973,2024-08-07,organic_search,2,4,0,0,0
84,973,2024-08-07,email,3,4,0,0,1
84,973,2024-08-07,organic_search,4,4,0,0,0
85,531,2024-04-14,direct,1,1,0,0,0
86,130,2024-02-20,direct,1,3,0,0,0
86,130,2024-02-20,email,2,3,0,0,1
86,130,2024-02-20,facebook_ads,3,3,0,0,8
87,255,2024-05-28,direct,1,5,0,0,0
87,255,2024-05-28,facebook_ads,2,5,0,0,8
87,255,2024-05-28,direct,3,5,0,0,0
87,255,2024-05-28,google_ads,4,5,0,0,12
87,255,2024-05-28,direct,5,5,0,0,0
88,589,2024-01-14,organic_search,1,6,0,0,0
88,589,2024-01-14,organic_search,2,6,0,0,0
88,589,2024-01-14,google_ads,3,6,0,0,12
88,589,2024-01-14,email,4,6,0,0,1
88,589,2024-01-14,organic_search,5,6,0,0,0
88,589,2024-01-14,facebook_ads,6,6,0,0,8
89,787,2024-06-25,google_ads,1,1,0,0,12
90,980,2024-02-03,email,1,6,1,149,1
90,980,2024-02-03,facebook_ads,2,6,1,149,8
90,980,2024-02-03,referral,3,6,1,149,5
90,980,2024-02-03,direct,4,6,1,149,0
90,980,2024-02-03,google_ads,5,6,1,149,12
90,980,2024-02-03,referral,6,6,1,149,5
91,1150,2024-06-30,referral,1,2,1,49,5
91,1150,2024-06-30,organic_search,2,2,1,49,0
92,1697,2024-01-08,email,1,2,0,0,1
92,1697,2024-01-08,organic_search,2,2,0,0,0
93,1018,2024-01-02,facebook_ads,1,6,0,0,8
93,1018,2024-01-02,google_ads,2,6,0,0,12
93,1018,2024-01-02,facebook_ads,3,6,0,0,8
93,1018,2024-01-02,direct,4,6,0,0,0
93,1018,2024-01-02,email,5,6,0,0,1
93,1018,2024-01-02,direct,6,6,0,0,0
94,1878,2024-08-22,facebook_ads,1,5,1,49,8
94,1878,2024-08-22,organic_search,2,5,1,49,0
94,1878,2024-08-22,referral,3,5,1,49,5
94,1878,2024-08-22,referral,4,5,1,49,5
94,1878,2024-08-22,google_ads,5,5,1,49,12
95,1407,2024-07-20,direct,1,2,0,0,0
95,1407,2024-07-20,direct,2,2,0,0,0
96,279,2024-06-27,referral,1,3,0,0,5
96,279,2024-06-27,google_ads,2,3,0,0,12
96,279,2024-06-27,direct,3,3,0,0,0
97,1180,2024-04-12,organic_search,1,3,0,0,0
97,1180,2024-04-12,direct,2,3,0,0,0
97,1180,2024-04-12,facebook_ads,3,3,0,0,8
98,981,2024-07-18,referral,1,1,0,0,5
99,534,2024-06-04,email,1,5,0,0,1
99,534,2024-06-04,organic_search,2,5,0,0,0
99,534,2024-06-04,referral,3,5,0,0,5
99,534,2024-06-04,google_ads,4,5,0,0,12
99,534,2024-06-04,facebook_ads,5,5,0,0,8
100,1382,2024-01-10,google_ads,1,6,0,0,12
100,1382,2024-01-10,direct,2,6,0,0,0
100,1382,2024-01-10,facebook_ads,3,6,0,0,8
100,1382,2024-01-10,facebook_ads,4,6,0,0,8
100,1382,2024-01-10,email,5,6,0,0,1
100,1382,2024-01-10,google_ads,6,6,0,0,12
101,1603,2024-01-04,google_ads,1,2,0,0,12
101,1603,2024-01-04,email,2,2,0,0,1
102,1720,2024-06-12,referral,1,4,1,299,5
102,1720,2024-06-12,facebook_ads,2,4,1,299,8
102,1720,2024-06-12,organic_search,3,4,1,299,0
102,1720,2024-06-12,referral,4,4,1,299,5
103,1137,2024-03-19,referral,1,6,0,0,5
103,1137,2024-03-19,email,2,6,0,0,1
103,1137,2024-03-19,organic_search,3,6,0,0,0
103,1137,2024-03-19,referral,4,6,0,0,5
103,1137,2024-03-19,email,5,6,0,0,1
103,1137,2024-03-19,facebook_ads,6,6,0,0,8
104,648,2024-04-20,referral,1,3,0,0,5
104,648,2024-04-20,google_ads,2,3,0,0,12
104,648,2024-04-20,direct,3,3,0,0,0
105,1628,2024-03-21,direct,1,4,0,0,0
105,1628,2024-03-21,referral,2,4,0,0,5
105,1628,2024-03-21,direct,3,4,0,0,0
105,1628,2024-03-21,facebook_ads,4,4,0,0,8
106,122,2024-01-29,google_ads,1,6,0,0,12
106,122,2024-01-29,email,2,6,0,0,1
106,122,2024-01-29,facebook_ads,3,6,0,0,8
106,122,2024-01-29,direct,4,6,0,0,0
106,122,2024-01-29,email,5,6,0,0,1
106,122,2024-01-29,organic_search,6,6,0,0,0
107,1337,2024-08-07,organic_search,1,5,0,0,0
107,1337,2024-08-07,organic_search,2,5,0,0,0
107,1337,2024-08-07,facebook_ads,3,5,0,0,8
107,1337,2024-08-07,referral,4,5,0,0,5
107,1337,2024-08-07,facebook_ads,5,5,0,0,8
108,986,2024-07-10,referral,1,5,0,0,5
108,986,2024-07-10,google_ads,2,5,0,0,12
108,986,2024-07-10,email,3,5,0,0,1
108,986,2024-07-10,email,4,5,0,0,1
108,986,2024-07-10,facebook_ads,5,5,0,0,8
109,998,2024-06-02,organic_search,1,5,0,0,0
109,998,2024-06-02,organic_search,2,5,0,0,0
109,998,2024-06-02,referral,3,5,0,0,5
109,998,2024-06-02,email,4,5,0,0,1
109,998,2024-06-02,direct,5,5,0,0,0
110,931,2024-03-03,email,1,2,0,0,1
110,931,2024-03-03,google_ads,2,2,0,0,12
111,1939,2024-01-31,referral,1,3,0,0,5
111,1939,2024-01-31,google_ads,2,3,0,0,12
111,1939,2024-01-31,referral,3,3,0,0,5
112,1122,2024-01-01,google_ads,1,4,0,0,12
112,1122,2024-01-01,organic_search,2,4,0,0,0
112,1122,2024-01-01,facebook_ads,3,4,0,0,8
112,1122,2024-01-01,direct,4,4,0,0,0
113,520,2024-06-26,referral,1,1,1,49,5
114,1571,2024-01-20,facebook_ads,1,2,0,0,8
114,1571,2024-01-20,direct,2,2,0,0,0
115,437,2024-01-04,facebook_ads,1,5,0,0,8
115,437,2024-01-04,facebook_ads,2,5,0,0,8
115,437,2024-01-04,email,3,5,0,0,1
115,437,2024-01-04,email,4,5,0,0,1
115,437,2024-01-04,direct,5,5,0,0,0
116,599,2024-08-19,google_ads,1,1,0,0,12
117,85,2024-07-23,direct,1,2,0,0,0
117,85,2024-07-23,facebook_ads,2,2,0,0,8
118,756,2024-04-05,referral,1,3,0,0,5
118,756,2024-04-05,email,2,3,0,0,1
118,756,2024-04-05,organic_search,3,3,0,0,0
119,984,2024-09-10,google_ads,1,6,0,0,12
119,984,2024-09-10,google_ads,2,6,0,0,12
119,984,2024-09-10,organic_search,3,6,0,0,0
119,984,2024-09-10,google_ads,4,6,0,0,12
119,984,2024-09-10,google_ads,5,6,0,0,12
119,984,2024-09-10,direct,6,6,0,0,0
120,1458,2024-01-02,facebook_ads,1,3,0,0,8
120,1458,2024-01-02,email,2,3,0,0,1
120,1458,2024-01-02,organic_search,3,3,0,0,0
121,1966,2024-05-15,email,1,3,0,0,1
121,1966,2024-05-15,organic_search,2,3,0,0,0
121,1966,2024-05-15,facebook_ads,3,3,0,0,8
122,1867,2024-02-10,google_ads,1,5,0,0,12
122,1867,2024-02-10,email,2,5,0,0,1
122,1867,2024-02-10,referral,3,5,0,0,5
122,1867,2024-02-10,referral,4,5,0,0,5
122,1867,2024-02-10,google_ads,5,5,0,0,12
123,658,2024-05-05,google_ads,1,2,0,0,12
123,658,2024-05-05,google_ads,2,2,0,0,12
124,1152,2024-03-26,direct,1,4,0,0,0
124,1152,2024-03-26,google_ads,2,4,0,0,12
124,1152,2024-03-26,email,3,4,0,0,1
124,1152,2024-03-26,facebook_ads,4,4,0,0,8
125,1506,2024-03-27,direct,1,2,0,0,0
125,1506,2024-03-27,organic_search,2,2,0,0,0
126,47,2024-02-01,google_ads,1,6,0,0,12
126,47,2024-02-01,facebook_ads,2,6,0,0,8
126,47,2024-02-01,email,3,6,0,0,1
126,47,2024-02-01,google_ads,4,6,0,0,12
126,47,2024-02-01,google_ads,5,6,0,0,12
126,47,2024-02-01,organic_search,6,6,0,0,0
127,507,2024-05-02,google_ads,1,3,0,0,12
127,507,2024-05-02,facebook_ads,2,3,0,0,8
127,507,2024-05-02,direct,3,3,0,0,0
128,172,2024-03-31,google_ads,1,5,0,0,12
128,172,2024-03-31,organic_search,2,5,0,0,0
128,172,2024-03-31,facebook_ads,3,5,0,0,8
128,172,2024-03-31,email,4,5,0,0,1
128,172,2024-03-31,email,5,5,0,0,1
129,1717,2024-04-19,direct,1,2,0,0,0
129,1717,2024-04-19,referral,2,2,0,0,5
130,853,2024-08-16,direct,1,2,0,0,0
130,853,2024-08-16,direct,2,2,0,0,0
131,77,2024-04-21,direct,1,6,1,99,0
131,77,2024-04-21,direct,2,6,1,99,0
131,77,2024-04-21,referral,3,6,1,99,5
131,77,2024-04-21,facebook_ads,4,6,1,99,8
131,77,2024-04-21,organic_search,5,6,1,99,0
131,77,2024-04-21,referral,6,6,1,99,5
132,558,2024-01-08,google_ads,1,4,1,49,12
132,558,2024-01-08,facebook_ads,2,4,1,49,8
132,558,2024-01-08,facebook_ads,3,4,1,49,8
132,558,2024-01-08,google_ads,4,4,1,49,12
133,1482,2024-07-09,referral,1,3,1,99,5
133,1482,2024-07-09,facebook_ads,2,3,1,99,8
133,1482,2024-07-09,email,3,3,1,99,1
134,961,2024-09-19,email,1,2,0,0,1
134,961,2024-09-19,direct,2,2,0,0,0
135,1412,2024-06-06,organic_search,1,3,1,499,0
135,1412,2024-06-06,organic_search,2,3,1,499,0
135,1412,2024-06-06,referral,3,3,1,499,5
136,648,2024-04-30,organic_search,1,6,0,0,0
136,648,2024-04-30,google_ads,2,6,0,0,12
136,648,2024-04-30,direct,3,6,0,0,0
136,648,2024-04-30,email,4,6,0,0,1
136,648,2024-04-30,facebook_ads,5,6,0,0,8
136,648,2024-04-30,google_ads,6,6,0,0,12
137,245,2024-04-13,google_ads,1,2,0,0,12
137,245,2024-04-13,organic_search,2,2,0,0,0
138,1205,2024-02-11,referral,1,3,0,0,5
138,1205,2024-02-11,facebook_ads,2,3,0,0,8
138,1205,2024-02-11,organic_search,3,3,0,0,0
139,37,2024-08-13,referral,1,6,0,0,5
139,37,2024-08-13,email,2,6,0,0,1
139,37,2024-08-13,facebook_ads,3,6,0,0,8
139,37,2024-08-13,organic_search,4,6,0,0,0
139,37,2024-08-13,facebook_ads,5,6,0,0,8
139,37,2024-08-13,email,6,6,0,0,1
140,1534,2024-06-25,direct,1,4,0,0,0
140,1534,2024-06-25,referral,2,4,0,0,5
140,1534,2024-06-25,referral,3,4,0,0,5
140,1534,2024-06-25,referral,4,4,0,0,5
141,223,2024-02-04,direct,1,2,0,0,0
141,223,2024-02-04,organic_search,2,2,0,0,0
142,483,2024-03-05,organic_search,1,5,0,0,0
142,483,2024-03-05,email,2,5,0,0,1
142,483,2024-03-05,organic_search,3,5,0,0,0
142,483,2024-03-05,referral,4,5,0,0,5
142,483,2024-03-05,facebook_ads,5,5,0,0,8
143,740,2024-01-27,google_ads,1,5,0,0,12
143,740,2024-01-27,facebook_ads,2,5,0,0,8
143,740,2024-01-27,organic_search,3,5,0,0,0
143,740,2024-01-27,facebook_ads,4,5,0,0,8
143,740,2024-01-27,google_ads,5,5,0,0,12
144,1599,2024-06-27,organic_search,1,4,0,0,0
144,1599,2024-06-27,email,2,4,0,0,1
144,1599,2024-06-27,facebook_ads,3,4,0,0,8
144,1599,2024-06-27,email,4,4,0,0,1
145,1369,2024-05-22,facebook_ads,1,3,0,0,8
145,1369,2024-05-22,organic_search,2,3,0,0,0
145,1369,2024-05-22,google_ads,3,3,0,0,12
146,1430,2024-03-05,email,1,5,0,0,1
146,1430,2024-03-05,organic_search,2,5,0,0,0
146,1430,2024-03-05,email,3,5,0,0,1
146,1430,2024-03-05,direct,4,5,0,0,0
146,1430,2024-03-05,facebook_ads,5,5,0,0,8
147,624,2024-09-24,email,1,1,1,149,1
148,30,2024-03-06,organic_search,1,4,0,0,0
148,30,2024-03-06,facebook_ads,2,4,0,0,8
148,30,2024-03-06,google_ads,3,4,0,0,12
148,30,2024-03-06,email,4,4,0,0,1
149,1174,2024-04-03,organic_search,1,5,1,299,0
149,1174,2024-04-03,facebook_ads,2,5,1,299,8
149,1174,2024-04-03,referral,3,5,1,299,5
149,1174,2024-04-03,referral,4,5,1,299,5
149,1174,2024-04-03,google_ads,5,5,1,299,12
150,625,2024-09-15,direct,1,6,1,499,0
150,625,2024-09-15,email,2,6,1,499,1
150,625,2024-09-15,organic_search,3,6,1,499,0
150,625,2024-09-15,organic_search,4,6,1,499,0
150,625,2024-09-15,email,5,6,1,499,1
150,625,2024-09-15,google_ads,6,6,1,499,12
151,1764,2024-07-07,facebook_ads,1,5,0,0,8
151,1764,2024-07-07,facebook_ads,2,5,0,0,8
151,1764,2024-07-07,referral,3,5,0,0,5
151,1764,2024-07-07,google_ads,4,5,0,0,12
151,1764,2024-07-07,direct,5,5,0,0,0
152,1530,2024-05-25,direct,1,2,0,0,0
152,1530,2024-05-25,facebook_ads,2,2,0,0,8
153,978,2024-06-07,facebook_ads,1,1,0,0,8
154,947,2024-01-30,facebook_ads,1,3,0,0,8
154,947,2024-01-30,organic_search,2,3,0,0,0
154,947,2024-01-30,google_ads,3,3,0,0,12
155,895,2024-03-16,facebook_ads,1,6,0,0,8
155,895,2024-03-16,email,2,6,0,0,1
155,895,2024-03-16,facebook_ads,3,6,0,0,8
155,895,2024-03-16,google_ads,4,6,0,0,12
155,895,2024-03-16,direct,5,6,0,0,0
155,895,2024-03-16,referral,6,6,0,0,5
156,296,2024-09-15,direct,1,2,0,0,0
156,296,2024-09-15,google_ads,2,2,0,0,12
157,599,2024-04-11,direct,1,4,0,0,0
157,599,2024-04-11,referral,2,4,0,0,5
157,599,2024-04-11,facebook_ads,3,4,0,0,8
157,599,2024-04-11,email,4,4,0,0,1
158,668,2024-03-28,email,1,6,0,0,1
158,668,2024-03-28,referral,2,6,0,0,5
158,668,2024-03-28,google_ads,3,6,0,0,12
158,668,2024-03-28,email,4,6,0,0,1
158,668,2024-03-28,facebook_ads,5,6,0,0,8
158,668,2024-03-28,email,6,6,0,0,1
159,155,2024-09-20,google_ads,1,5,0,0,12
159,155,2024-09-20,email,2,5,0,0,1
159,155,2024-09-20,referral,3,5,0,0,5
159,155,2024-09-20,google_ads,4,5,0,0,12
159,155,2024-09-20,referral,5,5,0,0,5
160,117,2024-04-21,direct,1,6,0,0,0
160,117,2024-04-21,email,2,6,0,0,1
160,117,2024-04-21,direct,3,6,0,0,0
160,117,2024-04-21,email,4,6,0,0,1
160,117,2024-04-21,google_ads,5,6,0,0,12
160,117,2024-04-21,facebook_ads,6,6,0,0,8
161,1328,2024-03-28,google_ads,1,4,0,0,12
161,1328,2024-03-28,facebook_ads,2,4,0,0,8
161,1328,2024-03-28,email,3,4,0,0,1
161,1328,2024-03-28,direct,4,4,0,0,0
162,732,2024-02-02,organic_search,1,6,0,0,0
162,732,2024-02-02,organic_search,2,6,0,0,0
162,732,2024-02-02,email,3,6,0,0,1
162,732,2024-02-02,referral,4,6,0,0,5
162,732,2024-02-02,email,5,6,0,0,1
162,732,2024-02-02,email,6,6,0,0,1
163,1529,2024-01-06,direct,1,2,0,0,0
163,1529,2024-01-06,organic_search,2,2,0,0,0
164,747,2024-05-06,email,1,1,0,0,1
165,1279,2024-03-21,direct,1,4,0,0,0
165,1279,2024-03-21,google_ads,2,4,0,0,12
165,1279,2024-03-21,referral,3,4,0,0,5
165,1279,2024-03-21,direct,4,4,0,0,0
166,1071,2024-06-11,organic_search,1,6,0,0,0
166,1071,2024-06-11,facebook_ads,2,6,0,0,8
166,1071,2024-06-11,google_ads,3,6,0,0,12
166,1071,2024-06-11,referral,4,6,0,0,5
166,1071,2024-06-11,google_ads,5,6,0,0,12
166,1071,2024-06-11,facebook_ads,6,6,0,0,8
167,1886,2024-07-11,facebook_ads,1,6,1,499,8
167,1886,2024-07-11,facebook_ads,2,6,1,499,8
167,1886,2024-07-11,facebook_ads,3,6,1,499,8
167,1886,2024-07-11,email,4,6,1,499,1
167,1886,2024-07-11,organic_search,5,6,1,499,0
167,1886,2024-07-11,referral,6,6,1,499,5
168,1784,2024-09-12,organic_search,1,1,0,0,0
169,1466,2024-06-18,google_ads,1,4,0,0,12
169,1466,2024-06-18,organic_search,2,4,0,0,0
169,1466,2024-06-18,email,3,4,0,0,1
169,1466,2024-06-18,referral,4,4,0,0,5
170,1278,2024-01-30,referral,1,2,0,0,5
170,1278,2024-01-30,google_ads,2,2,0,0,12
171,463,2024-03-10,organic_search,1,3,0,0,0
171,463,2024-03-10,google_ads,2,3,0,0,12
171,463,2024-03-10,facebook_ads,3,3,0,0,8
172,407,2024-08-14,organic_search,1,4,0,0,0
172,407,2024-08-14,direct,2,4,0,0,0
172,407,2024-08-14,google_ads,3,4,0,0,12
172,407,2024-08-14,email,4,4,0,0,1
173,1478,2024-07-08,facebook_ads,1,1,0,0,8
174,653,2024-01-01,referral,1,1,1,499,5
175,18,2024-09-23,email,1,3,0,0,1
175,18,2024-09-23,direct,2,3,0,0,0
175,18,2024-09-23,referral,3,3,0,0,5
176,1730,2024-04-27,referral,1,3,0,0,5
176,1730,2024-04-27,google_ads,2,3,0,0,12
176,1730,2024-04-27,organic_search,3,3,0,0,0
177,1847,2024-02-25,referral,1,2,0,0,5
177,1847,2024-02-25,organic_search,2,2,0,0,0
178,670,2024-05-28,direct,1,6,0,0,0
178,670,2024-05-28,google_ads,2,6,0,0,12
178,670,2024-05-28,google_ads,3,6,0,0,12
178,670,2024-05-28,organic_search,4,6,0,0,0
178,670,2024-05-28,facebook_ads,5,6,0,0,8
178,670,2024-05-28,organic_search,6,6,0,0,0
179,896,2024-02-24,facebook_ads,1,5,0,0,8
179,896,2024-02-24,google_ads,2,5,0,0,12
179,896,2024-02-24,direct,3,5,0,0,0
179,896,2024-02-24,facebook_ads,4,5,0,0,8
179,896,2024-02-24,referral,5,5,0,0,5
180,740,2024-02-22,facebook_ads,1,6,0,0,8
180,740,2024-02-22,organic_search,2,6,0,0,0
180,740,2024-02-22,direct,3,6,0,0,0
180,740,2024-02-22,email,4,6,0,0,1
180,740,2024-02-22,facebook_ads,5,6,0,0,8
180,740,2024-02-22,referral,6,6,0,0,5
181,1005,2024-04-05,email,1,6,1,49,1
181,1005,2024-04-05,referral,2,6,1,49,5
181,1005,2024-04-05,organic_search,3,6,1,49,0
181,1005,2024-04-05,direct,4,6,1,49,0
181,1005,2024-04-05,referral,5,6,1,49,5
181,1005,2024-04-05,direct,6,6,1,49,0
182,331,2024-01-21,google_ads,1,5,0,0,12
182,331,2024-01-21,facebook_ads,2,5,0,0,8
182,331,2024-01-21,organic_search,3,5,0,0,0
182,331,2024-01-21,organic_search,4,5,0,0,0
182,331,2024-01-21,direct,5,5,0,0,0
183,1688,2024-08-16,facebook_ads,1,4,0,0,8
183,1688,2024-08-16,email,2,4,0,0,1
183,1688,2024-08-16,email,3,4,0,0,1
183,1688,2024-08-16,referral,4,4,0,0,5
184,252,2024-01-25,email,1,1,0,0,1
185,492,2024-06-04,referral,1,3,1,499,5
185,492,2024-06-04,direct,2,3,1,499,0
185,492,2024-06-04,organic_search,3,3,1,499,0
186,695,2024-04-09,facebook_ads,1,5,0,0,8
186,695,2024-04-09,referral,2,5,0,0,5
186,695,2024-04-09,direct,3,5,0,0,0
186,695,2024-04-09,facebook_ads,4,5,0,0,8
186,695,2024-04-09,organic_search,5,5,0,0,0
187,7,2024-01-16,direct,1,3,1,99,0
187,7,2024-01-16,email,2,3,1,99,1
187,7,2024-01-16,referral,3,3,1,99,5
188,1594,2024-05-06,referral,1,4,0,0,5
188,1594,2024-05-06,organic_search,2,4,0,0,0
188,1594,2024-05-06,direct,3,4,0,0,0
188,1594,2024-05-06,facebook_ads,4,4,0,0,8
189,690,2024-01-01,referral,1,1,1,499,5
190,99,2024-07-22,facebook_ads,1,6,0,0,8
190,99,2024-07-22,organic_search,2,6,0,0,0
190,99,2024-07-22,direct,3,6,0,0,0
190,99,2024-07-22,referral,4,6,0,0,5
190,99,2024-07-22,referral,5,6,0,0,5
190,99,2024-07-22,facebook_ads,6,6,0,0,8
191,1190,2024-03-05,facebook_ads,1,4,0,0,8
191,1190,2024-03-05,facebook_ads,2,4,0,0,8
191,1190,2024-03-05,facebook_ads,3,4,0,0,8
191,1190,2024-03-05,email,4,4,0,0,1
192,715,2024-09-23,facebook_ads,1,4,0,0,8
192,715,2024-09-23,email,2,4,0,0,1
192,715,2024-09-23,organic_search,3,4,0,0,0
192,715,2024-09-23,google_ads,4,4,0,0,12
193,1496,2024-08-02,direct,1,5,0,0,0
193,1496,2024-08-02,direct,2,5,0,0,0
193,1496,2024-08-02,email,3,5,0,0,1
193,1496,2024-08-02,facebook_ads,4,5,0,0,8
193,1496,2024-08-02,direct,5,5,0,0,0
194,533,2024-05-27,google_ads,1,2,0,0,12
194,533,2024-05-27,google_ads,2,2,0,0,12
195,1379,2024-04-09,referral,1,5,0,0,5
195,1379,2024-04-09,direct,2,5,0,0,0
195,1379,2024-04-09,direct,3,5,0,0,0
195,1379,2024-04-09,email,4,5,0,0,1
195,1379,2024-04-09,email,5,5,0,0,1
196,1217,2024-04-28,google_ads,1,4,0,0,12
196,1217,2024-04-28,organic_search,2,4,0,0,0
196,1217,2024-04-28,organic_search,3,4,0,0,0
196,1217,2024-04-28,referral,4,4,0,0,5
197,71,2024-01-30,facebook_ads,1,1,0,0,8
198,1215,2024-05-03,referral,1,3,0,0,5
198,1215,2024-05-03,referral,2,3,0,0,5
198,1215,2024-05-03,facebook_ads,3,3,0,0,8
199,246,2024-03-02,email,1,1,0,0,1
200,418,2024-04-08,organic_search,1,5,0,0,0
200,418,2024-04-08,google_ads,2,5,0,0,12
200,418,2024-04-08,organic_search,3,5,0,0,0
200,418,2024-04-08,direct,4,5,0,0,0
200,418,2024-04-08,organic_search,5,5,0,0,0
201,707,2024-05-31,facebook_ads,1,2,0,0,8
201,707,2024-05-31,referral,2,2,0,0,5
202,752,2024-05-15,google_ads,1,3,0,0,12
202,752,2024-05-15,facebook_ads,2,3,0,0,8
202,752,2024-05-15,email,3,3,0,0,1
203,1870,2024-04-06,facebook_ads,1,6,0,0,8
203,1870,2024-04-06,email,2,6,0,0,1
203,1870,2024-04-06,direct,3,6,0,0,0
203,1870,2024-04-06,google_ads,4,6,0,0,12
203,1870,2024-04-06,email,5,6,0,0,1
203,1870,2024-04-06,google_ads,6,6,0,0,12
204,1023,2024-02-23,referral,1,5,0,0,5
204,1023,2024-02-23,google_ads,2,5,0,0,12
204,1023,2024-02-23,referral,3,5,0,0,5
204,1023,2024-02-23,email,4,5,0,0,1
204,1023,2024-02-23,email,5,5,0,0,1
205,985,2024-07-15,facebook_ads,1,4,0,0,8
205,985,2024-07-15,organic_search,2,4,0,0,0
205,985,2024-07-15,direct,3,4,0,0,0
205,985,2024-07-15,email,4,4,0,0,1
206,534,2024-03-02,organic_search,1,1,0,0,0
207,1010,2024-03-27,referral,1,3,1,149,5
207,1010,2024-03-27,email,2,3,1,149,1
207,1010,2024-03-27,email,3,3,1,149,1
208,85,2024-02-04,organic_search,1,1,1,299,0
209,1694,2024-06-16,organic_search,1,3,0,0,0
209,1694,2024-06-16,google_ads,2,3,0,0,12
209,1694,2024-06-16,organic_search,3,3,0,0,0
210,256,2024-08-19,facebook_ads,1,4,0,0,8
210,256,2024-08-19,google_ads,2,4,0,0,12
210,256,2024-08-19,google_ads,3,4,0,0,12
210,256,2024-08-19,email,4,4,0,0,1
211,78,2024-01-25,email,1,1,1,499,1
212,135,2024-04-21,referral,1,3,0,0,5
212,135,2024-04-21,facebook_ads,2,3,0,0,8
212,135,2024-04-21,email,3,3,0,0,1
213,570,2024-03-02,organic_search,1,5,0,0,0
213,570,2024-03-02,referral,2,5,0,0,5
213,570,2024-03-02,google_ads,3,5,0,0,12
213,570,2024-03-02,direct,4,5,0,0,0
213,570,2024-03-02,google_ads,5,5,0,0,12
214,1414,2024-08-16,email,1,1,0,0,1
215,372,2024-02-19,google_ads,1,4,0,0,12
215,372,2024-02-19,email,2,4,0,0,1
215,372,2024-02-19,referral,3,4,0,0,5
215,372,2024-02-19,referral,4,4,0,0,5
216,1838,2024-07-19,facebook_ads,1,4,0,0,8
216,1838,2024-07-19,referral,2,4,0,0,5
216,1838,2024-07-19,direct,3,4,0,0,0
216,1838,2024-07-19,google_ads,4,4,0,0,12
217,1168,2024-07-18,referral,1,6,0,0,5
217,1168,2024-07-18,google_ads,2,6,0,0,12
217,1168,2024-07-18,referral,3,6,0,0,5
217,1168,2024-07-18,direct,4,6,0,0,0
217,1168,2024-07-18,organic_search,5,6,0,0,0
217,1168,2024-07-18,google_ads,6,6,0,0,12
218,644,2024-01-06,direct,1,6,0,0,0
218,644,2024-01-06,google_ads,2,6,0,0,12
218,644,2024-01-06,facebook_ads,3,6,0,0,8
218,644,2024-01-06,facebook_ads,4,6,0,0,8
218,644,2024-01-06,email,5,6,0,0,1
218,644,2024-01-06,google_ads,6,6,0,0,12
219,769,2024-05-20,direct,1,6,1,499,0
219,769,2024-05-20,referral,2,6,1,499,5
219,769,2024-05-20,facebook_ads,3,6,1,499,8
219,769,2024-05-20,facebook_ads,4,6,1,499,8
219,769,2024-05-20,referral,5,6,1,499,5
219,769,2024-05-20,organic_search,6,6,1,499,0
220,317,2024-06-04,referral,1,4,0,0,5
220,317,2024-06-04,google_ads,2,4,0,0,12
220,317,2024-06-04,organic_search,3,4,0,0,0
220,317,2024-06-04,direct,4,4,0,0,0
221,809,2024-04-06,google_ads,1,4,0,0,12
221,809,2024-04-06,facebook_ads,2,4,0,0,8
221,809,2024-04-06,organic_search,3,4,0,0,0
221,809,2024-04-06,organic_search,4,4,0,0,0
222,500,2024-07-24,direct,1,3,0,0,0
222,500,2024-07-24,google_ads,2,3,0,0,12
222,500,2024-07-24,facebook_ads,3,3,0,0,8
223,489,2024-07-20,organic_search,1,5,0,0,0
223,489,2024-07-20,email,2,5,0,0,1
223,489,2024-07-20,organic_search,3,5,0,0,0
223,489,2024-07-20,direct,4,5,0,0,0
223,489,2024-07-20,google_ads,5,5,0,0,12
224,1624,2024-04-16,referral,1,3,1,149,5
224,1624,2024-04-16,google_ads,2,3,1,149,12
224,1624,2024-04-16,organic_search,3,3,1,149,0
225,17,2024-04-15,facebook_ads,1,3,0,0,8
225,17,2024-04-15,facebook_ads,2,3,0,0,8
225,17,2024-04-15,facebook_ads,3,3,0,0,8
226,1520,2024-08-07,google_ads,1,2,0,0,12
226,1520,2024-08-07,direct,2,2,0,0,0
227,994,2024-05-04,organic_search,1,3,0,0,0
227,994,2024-05-04,email,2,3,0,0,1
227,994,2024-05-04,email,3,3,0,0,1
228,1412,2024-03-09,referral,1,2,0,0,5
228,1412,2024-03-09,referral,2,2,0,0,5
229,1601,2024-05-10,google_ads,1,6,0,0,12
229,1601,2024-05-10,facebook_ads,2,6,0,0,8
229,1601,2024-05-10,facebook_ads,3,6,0,0,8
229,1601,2024-05-10,organic_search,4,6,0,0,0
229,1601,2024-05-10,google_ads,5,6,0,0,12
229,1601,2024-05-10,referral,6,6,0,0,5
230,490,2024-05-06,referral,1,4,1,99,5
230,490,2024-05-06,google_ads,2,4,1,99,12
230,490,2024-05-06,direct,3,4,1,99,0
230,490,2024-05-06,organic_search,4,4,1,99,0
231,1463,2024-08-13,direct,1,6,0,0,0
231,1463,2024-08-13,google_ads,2,6,0,0,12
231,1463,2024-08-13,email,3,6,0,0,1
231,1463,2024-08-13,organic_search,4,6,0,0,0
231,1463,2024-08-13,email,5,6,0,0,1
231,1463,2024-08-13,google_ads,6,6,0,0,12
232,674,2024-01-12,referral,1,3,0,0,5
232,674,2024-01-12,email,2,3,0,0,1
232,674,2024-01-12,facebook_ads,3,3,0,0,8
233,1757,2024-08-13,email,1,2,0,0,1
233,1757,2024-08-13,google_ads,2,2,0,0,12
234,142,2024-02-07,google_ads,1,2,1,149,12
234,142,2024-02-07,referral,2,2,1,149,5
235,1254,2024-06-25,direct,1,6,0,0,0
235,1254,2024-06-25,direct,2,6,0,0,0
235,1254,2024-06-25,email,3,6,0,0,1
235,1254,2024-06-25,google_ads,4,6,0,0,12
235,1254,2024-06-25,facebook_ads,5,6,0,0,8
235,1254,2024-06-25,google_ads,6,6,0,0,12
236,1229,2024-07-29,google_ads,1,6,0,0,12
236,1229,2024-07-29,organic_search,2,6,0,0,0
236,1229,2024-07-29,email,3,6,0,0,1
236,1229,2024-07-29,organic_search,4,6,0,0,0
236,1229,2024-07-29,facebook_ads,5,6,0,0,8
236,1229,2024-07-29,organic_search,6,6,0,0,0
237,1567,2024-01-28,referral,1,1,1,299,5
238,1642,2024-06-10,google_ads,1,4,0,0,12
238,1642,2024-06-10,direct,2,4,0,0,0
238,1642,2024-06-10,email,3,4,0,0,1
238,1642,2024-06-10,email,4,4,0,0,1
239,1745,2024-01-22,referral,1,3,0,0,5
239,1745,2024-01-22,email,2,3,0,0,1
239,1745,2024-01-22,facebook_ads,3,3,0,0,8
240,381,2024-07-09,organic_search,1,3,0,0,0
240,381,2024-07-09,email,2,3,0,0,1
240,381,2024-07-09,google_ads,3,3,0,0,12
241,1295,2024-02-02,facebook_ads,1,4,1,149,8
241,1295,2024-02-02,referral,2,4,1,149,5
241,1295,2024-02-02,direct,3,4,1,149,0
241,1295,2024-02-02,email,4,4,1,149,1
242,748,2024-04-05,referral,1,4,0,0,5
242,748,2024-04-05,google_ads,2,4,0,0,12
242,748,2024-04-05,direct,3,4,0,0,0
242,748,2024-04-05,referral,4,4,0,0,5
243,1760,2024-07-25,google_ads,1,2,0,0,12
243,1760,2024-07-25,facebook_ads,2,2,0,0,8
244,137,2024-05-14,direct,1,1,0,0,0
245,550,2024-05-13,email,1,5,0,0,1
245,550,2024-05-13,email,2,5,0,0,1
245,550,2024-05-13,organic_search,3,5,0,0,0
245,550,2024-05-13,referral,4,5,0,0,5
245,550,2024-05-13,facebook_ads,5,5,0,0,8
246,1789,2024-01-26,direct,1,2,1,49,0
246,1789,2024-01-26,email,2,2,1,49,1
247,985,2024-09-21,facebook_ads,1,1,0,0,8
248,576,2024-02-17,google_ads,1,6,1,99,12
248,576,2024-02-17,direct,2,6,1,99,0
248,576,2024-02-17,facebook_ads,3,6,1,99,8
248,576,2024-02-17,organic_search,4,6,1,99,0
248,576,2024-02-17,facebook_ads,5,6,1,99,8
248,576,2024-02-17,referral,6,6,1,99,5
249,1605,2024-02-19,facebook_ads,1,6,0,0,8
249,1605,2024-02-19,referral,2,6,0,0,5
249,1605,2024-02-19,direct,3,6,0,0,0
249,1605,2024-02-19,google_ads,4,6,0,0,12
249,1605,2024-02-19,referral,5,6,0,0,5
249,1605,2024-02-19,referral,6,6,0,0,5
250,1079,2024-02-12,email,1,2,0,0,1
250,1079,2024-02-12,referral,2,2,0,0,5
251,191,2024-01-15,organic_search,1,4,0,0,0
251,191,2024-01-15,email,2,4,0,0,1
251,191,2024-01-15,email,3,4,0,0,1
251,191,2024-01-15,email,4,4,0,0,1
252,1687,2024-08-24,google_ads,1,1,0,0,12
253,486,2024-04-23,direct,1,6,0,0,0
253,486,2024-04-23,facebook_ads,2,6,0,0,8
253,486,2024-04-23,organic_search,3,6,0,0,0
253,486,2024-04-23,google_ads,4,6,0,0,12
253,486,2024-04-23,organic_search,5,6,0,0,0
253,486,2024-04-23,direct,6,6,0,0,0
254,1779,2024-09-04,direct,1,6,1,149,0
254,1779,2024-09-04,direct,2,6,1,149,0
254,1779,2024-09-04,email,3,6,1,149,1
254,1779,2024-09-04,organic_search,4,6,1,149,0
254,1779,2024-09-04,google_ads,5,6,1,149,12
254,1779,2024-09-04,referral,6,6,1,149,5
255,1143,2024-04-10,email,1,2,0,0,1
255,1143,2024-04-10,email,2,2,0,0,1
256,386,2024-01-02,organic_search,1,1,0,0,0
257,686,2024-09-24,email,1,2,0,0,1
257,686,2024-09-24,organic_search,2,2,0,0,0
258,1342,2024-01-03,google_ads,1,5,0,0,12
258,1342,2024-01-03,google_ads,2,5,0,0,12
258,1342,2024-01-03,facebook_ads,3,5,0,0,8
258,1342,2024-01-03,referral,4,5,0,0,5
258,1342,2024-01-03,email,5,5,0,0,1
259,1329,2024-02-21,organic_search,1,5,0,0,0
259,1329,2024-02-21,email,2,5,0,0,1
259,1329,2024-02-21,referral,3,5,0,0,5
259,1329,2024-02-21,facebook_ads,4,5,0,0,8
259,1329,2024-02-21,referral,5,5,0,0,5
260,1736,2024-08-01,direct,1,3,0,0,0
260,1736,2024-08-01,organic_search,2,3,0,0,0
260,1736,2024-08-01,referral,3,3,0,0,5
261,438,2024-05-09,referral,1,2,1,149,5
261,438,2024-05-09,referral,2,2,1,149,5
262,824,2024-01-05,referral,1,4,0,0,5
262,824,2024-01-05,email,2,4,0,0,1
262,824,2024-01-05,email,3,4,0,0,1
262,824,2024-01-05,facebook_ads,4,4,0,0,8
263,1761,2024-07-06,direct,1,3,0,0,0
263,1761,2024-07-06,direct,2,3,0,0,0
263,1761,2024-07-06,direct,3,3,0,0,0
264,1772,2024-07-01,direct,1,6,0,0,0
264,1772,2024-07-01,facebook_ads,2,6,0,0,8
264,1772,2024-07-01,google_ads,3,6,0,0,12
264,1772,2024-07-01,referral,4,6,0,0,5
264,1772,2024-07-01,direct,5,6,0,0,0
264,1772,2024-07-01,organic_search,6,6,0,0,0
265,1275,2024-03-20,email,1,5,1,499,1
265,1275,2024-03-20,google_ads,2,5,1,499,12
265,1275,2024-03-20,facebook_ads,3,5,1,499,8
265,1275,2024-03-20,email,4,5,1,499,1
265,1275,2024-03-20,google_ads,5,5,1,499,12
266,1969,2024-08-12,organic_search,1,4,1,49,0
266,1969,2024-08-12,organic_search,2,4,1,49,0
266,1969,2024-08-12,email,3,4,1,49,1
266,1969,2024-08-12,direct,4,4,1,49,0
267,1215,2024-03-14,facebook_ads,1,5,0,0,8
267,1215,2024-03-14,facebook_ads,2,5,0,0,8
267,1215,2024-03-14,email,3,5,0,0,1
267,1215,2024-03-14,google_ads,4,5,0,0,12
267,1215,2024-03-14,organic_search,5,5,0,0,0
268,298,2024-05-06,direct,1,4,0,0,0
268,298,2024-05-06,direct,2,4,0,0,0
268,298,2024-05-06,direct,3,4,0,0,0
268,298,2024-05-06,direct,4,4,0,0,0
269,908,2024-09-23,facebook_ads,1,5,0,0,8
269,908,2024-09-23,google_ads,2,5,0,0,12
269,908,2024-09-23,email,3,5,0,0,1
269,908,2024-09-23,referral,4,5,0,0,5
269,908,2024-09-23,email,5,5,0,0,1
270,4,2024-06-18,facebook_ads,1,4,0,0,8
270,4,2024-06-18,facebook_ads,2,4,0,0,8
270,4,2024-06-18,facebook_ads,3,4,0,0,8
270,4,2024-06-18,facebook_ads,4,4,0,0,8
271,1214,2024-03-31,direct,1,3,0,0,0
271,1214,2024-03-31,email,2,3,0,0,1
271,1214,2024-03-31,facebook_ads,3,3,0,0,8
272,792,2024-02-14,facebook_ads,1,4,0,0,8
272,792,2024-02-14,direct,2,4,0,0,0
272,792,2024-02-14,email,3,4,0,0,1
272,792,2024-02-14,google_ads,4,4,0,0,12
273,540,2024-05-24,referral,1,5,0,0,5
273,540,2024-05-24,organic_search,2,5,0,0,0
273,540,2024-05-24,referral,3,5,0,0,5
273,540,2024-05-24,organic_search,4,5,0,0,0
273,540,2024-05-24,email,5,5,0,0,1
274,872,2024-02-22,google_ads,1,2,0,0,12
274,872,2024-02-22,referral,2,2,0,0,5
275,232,2024-09-18,organic_search,1,2,0,0,0
275,232,2024-09-18,email,2,2,0,0,1
276,971,2024-03-28,facebook_ads,1,6,0,0,8
276,971,2024-03-28,direct,2,6,0,0,0
276,971,2024-03-28,referral,3,6,0,0,5
276,971,2024-03-28,email,4,6,0,0,1
276,971,2024-03-28,direct,5,6,0,0,0
276,971,2024-03-28,google_ads,6,6,0,0,12
277,232,2024-02-23,direct,1,4,1,99,0
277,232,2024-02-23,organic_search,2,4,1,99,0
277,232,2024-02-23,referral,3,4,1,99,5
277,232,2024-02-23,email,4,4,1,99,1
278,941,2024-05-12,direct,1,4,0,0,0
278,941,2024-05-12,google_ads,2,4,0,0,12
278,941,2024-05-12,facebook_ads,3,4,0,0,8
278,941,2024-05-12,google_ads,4,4,0,0,12
279,239,2024-04-18,google_ads,1,5,0,0,12
279,239,2024-04-18,direct,2,5,0,0,0
279,239,2024-04-18,facebook_ads,3,5,0,0,8
279,239,2024-04-18,organic_search,4,5,0,0,0
279,239,2024-04-18,google_ads,5,5,0,0,12
280,672,2024-03-20,organic_search,1,4,0,0,0
280,672,2024-03-20,organic_search,2,4,0,0,0
280,672,2024-03-20,google_ads,3,4,0,0,12
280,672,2024-03-20,facebook_ads,4,4,0,0,8
281,1162,2024-02-14,direct,1,4,0,0,0
281,1162,2024-02-14,email,2,4,0,0,1
281,1162,2024-02-14,organic_search,3,4,0,0,0
281,1162,2024-02-14,google_ads,4,4,0,0,12
282,1008,2024-09-25,organic_search,1,3,0,0,0
282,1008,2024-09-25,facebook_ads,2,3,0,0,8
282,1008,2024-09-25,direct,3,3,0,0,0
283,847,2024-09-09,referral,1,1,0,0,5
284,60,2024-05-07,google_ads,1,5,0,0,12
284,60,2024-05-07,google_ads,2,5,0,0,12
284,60,2024-05-07,google_ads,3,5,0,0,12
284,60,2024-05-07,google_ads,4,5,0,0,12
284,60,2024-05-07,direct,5,5,0,0,0
285,1246,2024-02-04,google_ads,1,4,0,0,12
285,1246,2024-02-04,google_ads,2,4,0,0,12
285,1246,2024-02-04,email,3,4,0,0,1
285,1246,2024-02-04,direct,4,4,0,0,0
286,560,2024-06-05,direct,1,4,0,0,0
286,560,2024-06-05,facebook_ads,2,4,0,0,8
286,560,2024-06-05,organic_search,3,4,0,0,0
286,560,2024-06-05,referral,4,4,0,0,5
287,640,2024-02-01,google_ads,1,1,0,0,12
288,1405,2024-02-15,referral,1,4,0,0,5
288,1405,2024-02-15,organic_search,2,4,0,0,0
288,1405,2024-02-15,direct,3,4,0,0,0
288,1405,2024-02-15,organic_search,4,4,0,0,0
289,20,2024-02-06,direct,1,5,0,0,0
289,20,2024-02-06,facebook_ads,2,5,0,0,8
289,20,2024-02-06,email,3,5,0,0,1
289,20,2024-02-06,google_ads,4,5,0,0,12
289,20,2024-02-06,organic_search,5,5,0,0,0
290,710,2024-02-29,referral,1,4,0,0,5
290,710,2024-02-29,google_ads,2,4,0,0,12
290,710,2024-02-29,google_ads,3,4,0,0,12
290,710,2024-02-29,referral,4,4,0,0,5
291,154,2024-07-12,organic_search,1,5,0,0,0
291,154,2024-07-12,referral,2,5,0,0,5
291,154,2024-07-12,referral,3,5,0,0,5
291,154,2024-07-12,direct,4,5,0,0,0
291,154,2024-07-12,email,5,5,0,0,1
292,1233,2024-08-18,referral,1,2,0,0,5
292,1233,2024-08-18,google_ads,2,2,0,0,12
293,381,2024-03-13,direct,1,1,1,49,0
294,841,2024-02-10,facebook_ads,1,1,0,0,8
295,1616,2024-04-29,organic_search,1,1,0,0,0
296,197,2024-02-05,referral,1,6,0,0,5
296,197,2024-02-05,email,2,6,0,0,1
296,197,2024-02-05,referral,3,6,0,0,5
296,197,2024-02-05,email,4,6,0,0,1
296,197,2024-02-05,email,5,6,0,0,1
296,197,2024-02-05,facebook_ads,6,6,0,0,8
297,722,2024-07-04,direct,1,6,0,0,0
297,722,2024-07-04,referral,2,6,0,0,5
297,722,2024-07-04,referral,3,6,0,0,5
297,722,2024-07-04,referral,4,6,0,0,5
297,722,2024-07-04,referral,5,6,0,0,5
297,722,2024-07-04,email,6,6,0,0,1
298,1550,2024-08-10,organic_search,1,2,0,0,0
298,1550,2024-08-10,referral,2,2,0,0,5
299,104,2024-04-14,direct,1,6,1,49,0
299,104,2024-04-14,referral,2,6,1,49,5
299,104,2024-04-14,google_ads,3,6,1,49,12
299,104,2024-04-14,facebook_ads,4,6,1,49,8
299,104,2024-04-14,facebook_ads,5,6,1,49,8
299,104,2024-04-14,facebook_ads,6,6,1,49,8
300,1337,2024-05-20,direct,1,4,0,0,0
300,1337,2024-05-20,email,2,4,0,0,1
300,1337,2024-05-20,google_ads,3,4,0,0,12
300,1337,2024-05-20,direct,4,4,0,0,0
301,1145,2024-08-12,direct,1,1,1,149,0
302,1634,2024-01-06,direct,1,5,1,49,0
302,1634,2024-01-06,organic_search,2,5,1,49,0
302,1634,2024-01-06,organic_search,3,5,1,49,0
302,1634,2024-01-06,email,4,5,1,49,1
302,1634,2024-01-06,facebook_ads,5,5,1,49,8
303,1846,2024-03-10,google_ads,1,3,0,0,12
303,1846,2024-03-10,email,2,3,0,0,1
303,1846,2024-03-10,email,3,3,0,0,1
304,484,2024-04-13,direct,1,3,1,49,0
304,484,2024-04-13,referral,2,3,1,49,5
304,484,2024-04-13,email,3,3,1,49,1
305,1400,2024-06-01,referral,1,1,0,0,5
306,714,2024-04-23,direct,1,5,0,0,0
306,714,2024-04-23,facebook_ads,2,5,0,0,8
306,714,2024-04-23,email,3,5,0,0,1
306,714,2024-04-23,direct,4,5,0,0,0
306,714,2024-04-23,organic_search,5,5,0,0,0
307,436,2024-03-03,organic_search,1,3,0,0,0
307,436,2024-03-03,google_ads,2,3,0,0,12
307,436,2024-03-03,email,3,3,0,0,1
308,1668,2024-01-04,direct,1,4,0,0,0
308,1668,2024-01-04,google_ads,2,4,0,0,12
308,1668,2024-01-04,referral,3,4,0,0,5
308,1668,2024-01-04,organic_search,4,4,0,0,0
309,925,2024-02-03,facebook_ads,1,5,0,0,8
309,925,2024-02-03,facebook_ads,2,5,0,0,8
309,925,2024-02-03,google_ads,3,5,0,0,12
309,925,2024-02-03,organic_search,4,5,0,0,0
309,925,2024-02-03,organic_search,5,5,0,0,0
310,1577,2024-03-17,referral,1,5,0,0,5
310,1577,2024-03-17,facebook_ads,2,5,0,0,8
310,1577,2024-03-17,facebook_ads,3,5,0,0,8
310,1577,2024-03-17,google_ads,4,5,0,0,12
310,1577,2024-03-17,facebook_ads,5,5,0,0,8
311,1351,2024-05-15,organic_search,1,1,0,0,0
312,1566,2024-09-15,facebook_ads,1,4,0,0,8
312,1566,2024-09-15,google_ads,2,4,0,0,12
312,1566,2024-09-15,email,3,4,0,0,1
312,1566,2024-09-15,google_ads,4,4,0,0,12
313,1173,2024-02-13,referral,1,2,0,0,5
313,1173,2024-02-13,email,2,2,0,0,1
314,439,2024-08-26,referral,1,1,0,0,5
315,1296,2024-04-01,direct,1,3,1,49,0
315,1296,2024-04-01,email,2,3,1,49,1
315,1296,2024-04-01,organic_search,3,3,1,49,0
316,1257,2024-05-17,referral,1,2,0,0,5
316,1257,2024-05-17,google_ads,2,2,0,0,12
317,130,2024-07-13,organic_search,1,2,0,0,0
317,130,2024-07-13,direct,2,2,0,0,0
318,1100,2024-09-16,referral,1,1,1,49,5
319,1055,2024-08-01,google_ads,1,3,0,0,12
319,1055,2024-08-01,direct,2,3,0,0,0
319,1055,2024-08-01,facebook_ads,3,3,0,0,8
320,1479,2024-06-25,organic_search,1,1,0,0,0
321,1320,2024-06-10,direct,1,4,1,299,0
321,1320,2024-06-10,referral,2,4,1,299,5
321,1320,2024-06-10,referral,3,4,1,299,5
321,1320,2024-06-10,facebook_ads,4,4,1,299,8
322,39,2024-09-26,facebook_ads,1,6,1,499,8
322,39,2024-09-26,direct,2,6,1,499,0
322,39,2024-09-26,referral,3,6,1,499,5
322,39,2024-09-26,organic_search,4,6,1,499,0
322,39,2024-09-26,referral,5,6,1,499,5
322,39,2024-09-26,email,6,6,1,499,1
323,1482,2024-01-04,direct,1,4,0,0,0
323,1482,2024-01-04,google_ads,2,4,0,0,12
323,1482,2024-01-04,organic_search,3,4,0,0,0
323,1482,2024-01-04,email,4,4,0,0,1
324,1325,2024-06-08,referral,1,3,0,0,5
324,1325,2024-06-08,direct,2,3,0,0,0
324,1325,2024-06-08,email,3,3,0,0,1
325,860,2024-01-10,direct,1,1,0,0,0
326,441,2024-02-10,referral,1,2,0,0,5
326,441,2024-02-10,facebook_ads,2,2,0,0,8
327,244,2024-09-13,referral,1,1,0,0,5
328,1425,2024-05-16,facebook_ads,1,5,0,0,8
328,1425,2024-05-16,facebook_ads,2,5,0,0,8
328,1425,2024-05-16,facebook_ads,3,5,0,0,8
328,1425,2024-05-16,email,4,5,0,0,1
328,1425,2024-05-16,email,5,5,0,0,1
329,371,2024-09-18,organic_search,1,2,0,0,0
329,371,2024-09-18,direct,2,2,0,0,0
330,982,2024-09-26,google_ads,1,3,0,0,12
330,982,2024-09-26,email,2,3,0,0,1
330,982,2024-09-26,facebook_ads,3,3,0,0,8
331,91,2024-01-31,google_ads,1,6,0,0,12
331,91,2024-01-31,email,2,6,0,0,1
331,91,2024-01-31,referral,3,6,0,0,5
331,91,2024-01-31,referral,4,6,0,0,5
331,91,2024-01-31,email,5,6,0,0,1
331,91,2024-01-31,google_ads,6,6,0,0,12
332,251,2024-04-26,direct,1,3,0,0,0
332,251,2024-04-26,direct,2,3,0,0,0
332,251,2024-04-26,direct,3,3,0,0,0
333,1731,2024-07-16,email,1,3,0,0,1
333,1731,2024-07-16,facebook_ads,2,3,0,0,8
333,1731,2024-07-16,direct,3,3,0,0,0
334,985,2024-06-11,direct,1,5,0,0,0
334,985,2024-06-11,google_ads,2,5,0,0,12
334,985,2024-06-11,direct,3,5,0,0,0
334,985,2024-06-11,email,4,5,0,0,1
334,985,2024-06-11,email,5,5,0,0,1
335,1330,2024-02-03,referral,1,2,0,0,5
335,1330,2024-02-03,email,2,2,0,0,1
336,87,2024-07-17,organic_search,1,6,0,0,0
336,87,2024-07-17,facebook_ads,2,6,0,0,8
336,87,2024-07-17,email,3,6,0,0,1
336,87,2024-07-17,facebook_ads,4,6,0,0,8
336,87,2024-07-17,facebook_ads,5,6,0,0,8
336,87,2024-07-17,email,6,6,0,0,1
337,756,2024-01-10,google_ads,1,1,0,0,12
338,1594,2024-07-22,email,1,1,0,0,1
339,888,2024-08-23,facebook_ads,1,4,1,49,8
339,888,2024-08-23,google_ads,2,4,1,49,12
339,888,2024-08-23,direct,3,4,1,49,0
339,888,2024-08-23,email,4,4,1,49,1
340,1257,2024-03-05,facebook_ads,1,4,0,0,8
340,1257,2024-03-05,organic_search,2,4,0,0,0
340,1257,2024-03-05,direct,3,4,0,0,0
340,1257,2024-03-05,facebook_ads,4,4,0,0,8
341,1575,2024-06-02,organic_search,1,5,0,0,0
341,1575,2024-06-02,direct,2,5,0,0,0
341,1575,2024-06-02,organic_search,3,5,0,0,0
341,1575,2024-06-02,direct,4,5,0,0,0
341,1575,2024-06-02,direct,5,5,0,0,0
342,1163,2024-04-13,referral,1,6,0,0,5
342,1163,2024-04-13,referral,2,6,0,0,5
342,1163,2024-04-13,direct,3,6,0,0,0
342,1163,2024-04-13,email,4,6,0,0,1
342,1163,2024-04-13,organic_search,5,6,0,0,0
342,1163,2024-04-13,facebook_ads,6,6,0,0,8
343,1786,2024-02-07,referral,1,5,1,299,5
343,1786,2024-02-07,google_ads,2,5,1,299,12
343,1786,2024-02-07,direct,3,5,1,299,0
343,1786,2024-02-07,direct,4,5,1,299,0
343,1786,2024-02-07,direct,5,5,1,299,0
344,1486,2024-05-17,direct,1,3,1,499,0
344,1486,2024-05-17,direct,2,3,1,499,0
344,1486,2024-05-17,google_ads,3,3,1,499,12
345,181,2024-05-23,google_ads,1,2,0,0,12
345,181,2024-05-23,direct,2,2,0,0,0
346,821,2024-09-11,organic_search,1,5,0,0,0
346,821,2024-09-11,organic_search,2,5,0,0,0
346,821,2024-09-11,organic_search,3,5,0,0,0
346,821,2024-09-11,referral,4,5,0,0,5
346,821,2024-09-11,facebook_ads,5,5,0,0,8
347,1225,2024-09-23,email,1,5,0,0,1
347,1225,2024-09-23,direct,2,5,0,0,0
347,1225,2024-09-23,organic_search,3,5,0,0,0
347,1225,2024-09-23,referral,4,5,0,0,5
347,1225,2024-09-23,email,5,5,0,0,1
348,105,2024-07-06,referral,1,2,0,0,5
348,105,2024-07-06,google_ads,2,2,0,0,12
349,908,2024-05-02,organic_search,1,5,0,0,0
349,908,2024-05-02,referral,2,5,0,0,5
349,908,2024-05-02,email,3,5,0,0,1
349,908,2024-05-02,direct,4,5,0,0,0
349,908,2024-05-02,organic_search,5,5,0,0,0
350,245,2024-02-23,google_ads,1,2,0,0,12
350,245,2024-02-23,direct,2,2,0,0,0
351,804,2024-03-18,facebook_ads,1,5,0,0,8
351,804,2024-03-18,referral,2,5,0,0,5
351,804,2024-03-18,google_ads,3,5,0,0,12
351,804,2024-03-18,organic_search,4,5,0,0,0
351,804,2024-03-18,organic_search,5,5,0,0,0
352,684,2024-03-15,google_ads,1,6,0,0,12
352,684,2024-03-15,facebook_ads,2,6,0,0,8
352,684,2024-03-15,direct,3,6,0,0,0
352,684,2024-03-15,facebook_ads,4,6,0,0,8
352,684,2024-03-15,google_ads,5,6,0,0,12
352,684,2024-03-15,organic_search,6,6,0,0,0
353,1925,2024-03-21,email,1,5,0,0,1
353,1925,2024-03-21,direct,2,5,0,0,0
353,1925,2024-03-21,facebook_ads,3,5,0,0,8
353,1925,2024-03-21,facebook_ads,4,5,0,0,8
353,1925,2024-03-21,organic_search,5,5,0,0,0
354,1845,2024-05-23,referral,1,1,0,0,5
355,912,2024-01-11,organic_search,1,3,0,0,0
355,912,2024-01-11,google_ads,2,3,0,0,12
355,912,2024-01-11,referral,3,3,0,0,5
356,1583,2024-01-18,direct,1,6,1,99,0
356,1583,2024-01-18,referral,2,6,1,99,5
356,1583,2024-01-18,facebook_ads,3,6,1,99,8
356,1583,2024-01-18,facebook_ads,4,6,1,99,8
356,1583,2024-01-18,google_ads,5,6,1,99,12
356,1583,2024-01-18,direct,6,6,1,99,0
357,152,2024-09-16,organic_search,1,5,0,0,0
357,152,2024-09-16,referral,2,5,0,0,5
357,152,2024-09-16,direct,3,5,0,0,0
357,152,2024-09-16,referral,4,5,0,0,5
357,152,2024-09-16,direct,5,5,0,0,0
358,533,2024-09-25,facebook_ads,1,1,0,0,8
359,1973,2024-07-11,email,1,2,0,0,1
359,1973,2024-07-11,facebook_ads,2,2,0,0,8
360,1120,2024-04-21,referral,1,6,0,0,5
360,1120,2024-04-21,google_ads,2,6,0,0,12
360,1120,2024-04-21,organic_search,3,6,0,0,0
360,1120,2024-04-21,email,4,6,0,0,1
360,1120,2024-04-21,organic_search,5,6,0,0,0
360,1120,2024-04-21,google_ads,6,6,0,0,12
361,1049,2024-01-22,facebook_ads,1,2,1,299,8
361,1049,2024-01-22,google_ads,2,2,1,299,12
362,1693,2024-08-12,google_ads,1,5,0,0,12
362,1693,2024-08-12,organic_search,2,5,0,0,0
362,1693,2024-08-12,facebook_ads,3,5,0,0,8
362,1693,2024-08-12,referral,4,5,0,0,5
362,1693,2024-08-12,direct,5,5,0,0,0
363,1490,2024-09-26,direct,1,4,0,0,0
363,1490,2024-09-26,facebook_ads,2,4,0,0,8
363,1490,2024-09-26,direct,3,4,0,0,0
363,1490,2024-09-26,organic_search,4,4,0,0,0
364,192,2024-01-27,google_ads,1,5,0,0,12
364,192,2024-01-27,direct,2,5,0,0,0
364,192,2024-01-27,email,3,5,0,0,1
364,192,2024-01-27,facebook_ads,4,5,0,0,8
364,192,2024-01-27,referral,5,5,0,0,5
365,100,2024-04-27,referral,1,1,0,0,5
366,1167,2024-07-05,email,1,5,0,0,1
366,1167,2024-07-05,email,2,5,0,0,1
366,1167,2024-07-05,facebook_ads,3,5,0,0,8
366,1167,2024-07-05,referral,4,5,0,0,5
366,1167,2024-07-05,email,5,5,0,0,1
367,964,2024-07-25,facebook_ads,1,2,0,0,8
367,964,2024-07-25,email,2,2,0,0,1
368,329,2024-08-27,email,1,6,0,0,1
368,329,2024-08-27,email,2,6,0,0,1
368,329,2024-08-27,facebook_ads,3,6,0,0,8
368,329,2024-08-27,facebook_ads,4,6,0,0,8
368,329,2024-08-27,organic_search,5,6,0,0,0
368,329,2024-08-27,referral,6,6,0,0,5
369,1444,2024-07-28,referral,1,5,0,0,5
369,1444,2024-07-28,facebook_ads,2,5,0,0,8
369,1444,2024-07-28,google_ads,3,5,0,0,12
369,1444,2024-07-28,google_ads,4,5,0,0,12
369,1444,2024-07-28,organic_search,5,5,0,0,0
370,1062,2024-08-08,email,1,6,0,0,1
370,1062,2024-08-08,email,2,6,0,0,1
370,1062,2024-08-08,referral,3,6,0,0,5
370,1062,2024-08-08,referral,4,6,0,0,5
370,1062,2024-08-08,facebook_ads,5,6,0,0,8
370,1062,2024-08-08,google_ads,6,6,0,0,12
371,1738,2024-08-16,referral,1,1,0,0,5
372,62,2024-03-10,organic_search,1,6,0,0,0
372,62,2024-03-10,facebook_ads,2,6,0,0,8
372,62,2024-03-10,google_ads,3,6,0,0,12
372,62,2024-03-10,referral,4,6,0,0,5
372,62,2024-03-10,organic_search,5,6,0,0,0
372,62,2024-03-10,facebook_ads,6,6,0,0,8
373,809,2024-04-19,direct,1,2,0,0,0
373,809,2024-04-19,organic_search,2,2,0,0,0
374,121,2024-05-05,direct,1,3,0,0,0
374,121,2024-05-05,google_ads,2,3,0,0,12
374,121,2024-05-05,email,3,3,0,0,1
375,1214,2024-03-03,facebook_ads,1,5,1,99,8
375,1214,2024-03-03,google_ads,2,5,1,99,12
375,1214,2024-03-03,referral,3,5,1,99,5
375,1214,2024-03-03,organic_search,4,5,1,99,0
375,1214,2024-03-03,direct,5,5,1,99,0
376,37,2024-06-08,email,1,6,1,499,1
376,37,2024-06-08,facebook_ads,2,6,1,499,8
376,37,2024-06-08,google_ads,3,6,1,499,12
376,37,2024-06-08,google_ads,4,6,1,499,12
376,37,2024-06-08,organic_search,5,6,1,499,0
376,37,2024-06-08,organic_search,6,6,1,499,0
377,119,2024-04-19,facebook_ads,1,3,0,0,8
377,119,2024-04-19,organic_search,2,3,0,0,0
377,119,2024-04-19,organic_search,3,3,0,0,0
378,1152,2024-01-05,facebook_ads,1,5,0,0,8
378,1152,2024-01-05,email,2,5,0,0,1
378,1152,2024-01-05,email,3,5,0,0,1
378,1152,2024-01-05,referral,4,5,0,0,5
378,1152,2024-01-05,email,5,5,0,0,1
379,589,2024-05-13,google_ads,1,5,0,0,12
379,589,2024-05-13,organic_search,2,5,0,0,0
379,589,2024-05-13,organic_search,3,5,0,0,0
379,589,2024-05-13,organic_search,4,5,0,0,0
379,589,2024-05-13,facebook_ads,5,5,0,0,8
380,129,2024-08-15,referral,1,1,0,0,5
381,1440,2024-08-17,organic_search,1,2,0,0,0
381,1440,2024-08-17,referral,2,2,0,0,5
382,741,2024-03-04,google_ads,1,5,0,0,12
382,741,2024-03-04,facebook_ads,2,5,0,0,8
382,741,2024-03-04,google_ads,3,5,0,0,12
382,741,2024-03-04,email,4,5,0,0,1
382,741,2024-03-04,email,5,5,0,0,1
383,1376,2024-07-08,organic_search,1,4,0,0,0
383,1376,2024-07-08,organic_search,2,4,0,0,0
383,1376,2024-07-08,email,3,4,0,0,1
383,1376,2024-07-08,facebook_ads,4,4,0,0,8
384,1899,2024-04-05,email,1,4,0,0,1
384,1899,2024-04-05,direct,2,4,0,0,0
384,1899,2024-04-05,facebook_ads,3,4,0,0,8
384,1899,2024-04-05,google_ads,4,4,0,0,12
385,1221,2024-05-14,referral,1,6,0,0,5
385,1221,2024-05-14,email,2,6,0,0,1
385,1221,2024-05-14,referral,3,6,0,0,5
385,1221,2024-05-14,referral,4,6,0,0,5
385,1221,2024-05-14,organic_search,5,6,0,0,0
385,1221,2024-05-14,facebook_ads,6,6,0,0,8
386,1652,2024-02-28,organic_search,1,6,0,0,0
386,1652,2024-02-28,direct,2,6,0,0,0
386,1652,2024-02-28,email,3,6,0,0,1
386,1652,2024-02-28,google_ads,4,6,0,0,12
386,1652,2024-02-28,referral,5,6,0,0,5
386,1652,2024-02-28,facebook_ads,6,6,0,0,8
387,1483,2024-03-10,facebook_ads,1,3,0,0,8
387,1483,2024-03-10,referral,2,3,0,0,5
387,1483,2024-03-10,facebook_ads,3,3,0,0,8
388,1265,2024-09-23,facebook_ads,1,4,0,0,8
388,1265,2024-09-23,email,2,4,0,0,1
388,1265,2024-09-23,facebook_ads,3,4,0,0,8
388,1265,2024-09-23,organic_search,4,4,0,0,0
389,543,2024-01-15,facebook_ads,1,1,0,0,8
390,109,2024-06-15,organic_search,1,3,0,0,0
390,109,2024-06-15,referral,2,3,0,0,5
390,109,2024-06-15,direct,3,3,0,0,0
391,1904,2024-06-28,google_ads,1,1,1,99,12
392,525,2024-07-07,direct,1,3,0,0,0
392,525,2024-07-07,email,2,3,0,0,1
392,525,2024-07-07,referral,3,3,0,0,5
393,1064,2024-06-10,email,1,6,0,0,1
393,1064,2024-06-10,direct,2,6,0,0,0
393,1064,2024-06-10,email,3,6,0,0,1
393,1064,2024-06-10,facebook_ads,4,6,0,0,8
393,1064,2024-06-10,facebook_ads,5,6,0,0,8
393,1064,2024-06-10,email,6,6,0,0,1
394,596,2024-02-12,facebook_ads,1,3,0,0,8
394,596,2024-02-12,facebook_ads,2,3,0,0,8
394,596,2024-02-12,google_ads,3,3,0,0,12
395,1154,2024-04-21,email,1,4,0,0,1
395,1154,2024-04-21,facebook_ads,2,4,0,0,8
395,1154,2024-04-21,email,3,4,0,0,1
395,1154,2024-04-21,organic_search,4,4,0,0,0
396,962,2024-09-20,email,1,1,0,0,1
397,1070,2024-03-11,email,1,4,0,0,1
397,1070,2024-03-11,direct,2,4,0,0,0
397,1070,2024-03-11,direct,3,4,0,0,0
397,1070,2024-03-11,google_ads,4,4,0,0,12
398,344,2024-01-11,organic_search,1,6,0,0,0
398,344,2024-01-11,google_ads,2,6,0,0,12
398,344,2024-01-11,direct,3,6,0,0,0
398,344,2024-01-11,google_ads,4,6,0,0,12
398,344,2024-01-11,google_ads,5,6,0,0,12
398,344,2024-01-11,email,6,6,0,0,1
399,1057,2024-07-28,facebook_ads,1,4,0,0,8
399,1057,2024-07-28,direct,2,4,0,0,0
399,1057,2024-07-28,direct,3,4,0,0,0
399,1057,2024-07-28,organic_search,4,4,0,0,0
400,1250,2024-03-01,email,1,4,0,0,1
400,1250,2024-03-01,google_ads,2,4,0,0,12
400,1250,2024-03-01,google_ads,3,4,0,0,12
400,1250,2024-03-01,organic_search,4,4,0,0,0
401,1210,2024-07-26,facebook_ads,1,4,0,0,8
401,1210,2024-07-26,google_ads,2,4,0,0,12
401,1210,2024-07-26,direct,3,4,0,0,0
401,1210,2024-07-26,facebook_ads,4,4,0,0,8
402,519,2024-04-29,facebook_ads,1,3,0,0,8
402,519,2024-04-29,referral,2,3,0,0,5
402,519,2024-04-29,direct,3,3,0,0,0
403,1825,2024-01-02,email,1,5,0,0,1
403,1825,2024-01-02,direct,2,5,0,0,0
403,1825,2024-01-02,direct,3,5,0,0,0
403,1825,2024-01-02,google_ads,4,5,0,0,12
403,1825,2024-01-02,organic_search,5,5,0,0,0
404,1627,2024-05-29,direct,1,5,0,0,0
404,1627,2024-05-29,referral,2,5,0,0,5
404,1627,2024-05-29,referral,3,5,0,0,5
404,1627,2024-05-29,direct,4,5,0,0,0
404,1627,2024-05-29,facebook_ads,5,5,0,0,8
405,704,2024-01-08,facebook_ads,1,2,0,0,8
405,704,2024-01-08,organic_search,2,2,0,0,0
406,860,2024-06-04,referral,1,6,0,0,5
406,860,2024-06-04,google_ads,2,6,0,0,12
406,860,2024-06-04,direct,3,6,0,0,0
406,860,2024-06-04,organic_search,4,6,0,0,0
406,860,2024-06-04,email,5,6,0,0,1
406,860,2024-06-04,organic_search,6,6,0,0,0
407,185,2024-04-16,referral,1,1,0,0,5
408,1260,2024-04-24,organic_search,1,5,0,0,0
408,1260,2024-04-24,organic_search,2,5,0,0,0
408,1260,2024-04-24,direct,3,5,0,0,0
408,1260,2024-04-24,google_ads,4,5,0,0,12
408,1260,2024-04-24,email,5,5,0,0,1
409,3,2024-07-03,email,1,5,0,0,1
409,3,2024-07-03,facebook_ads,2,5,0,0,8
409,3,2024-07-03,referral,3,5,0,0,5
409,3,2024-07-03,referral,4,5,0,0,5
409,3,2024-07-03,referral,5,5,0,0,5
410,499,2024-01-31,referral,1,2,0,0,5
410,499,2024-01-31,referral,2,2,0,0,5
411,1030,2024-09-16,referral,1,3,0,0,5
411,1030,2024-09-16,direct,2,3,0,0,0
411,1030,2024-09-16,email,3,3,0,0,1
412,640,2024-04-23,direct,1,3,0,0,0
412,640,2024-04-23,email,2,3,0,0,1
412,640,2024-04-23,direct,3,3,0,0,0
413,1893,2024-03-24,referral,1,6,0,0,5
413,1893,2024-03-24,direct,2,6,0,0,0
413,1893,2024-03-24,email,3,6,0,0,1
413,1893,2024-03-24,email,4,6,0,0,1
413,1893,2024-03-24,direct,5,6,0,0,0
413,1893,2024-03-24,google_ads,6,6,0,0,12
414,1551,2024-03-16,organic_search,1,5,0,0,0
414,1551,2024-03-16,referral,2,5,0,0,5
414,1551,2024-03-16,google_ads,3,5,0,0,12
414,1551,2024-03-16,organic_search,4,5,0,0,0
414,1551,2024-03-16,direct,5,5,0,0,0
415,1090,2024-05-15,facebook_ads,1,4,0,0,8
415,1090,2024-05-15,organic_search,2,4,0,0,0
415,1090,2024-05-15,email,3,4,0,0,1
415,1090,2024-05-15,email,4,4,0,0,1
416,1364,2024-03-29,direct,1,6,0,0,0
416,1364,2024-03-29,google_ads,2,6,0,0,12
416,1364,2024-03-29,organic_search,3,6,0,0,0
416,1364,2024-03-29,email,4,6,0,0,1
416,1364,2024-03-29,referral,5,6,0,0,5
416,1364,2024-03-29,google_ads,6,6,0,0,12
417,1191,2024-06-19,facebook_ads,1,2,0,0,8
417,1191,2024-06-19,facebook_ads,2,2,0,0,8
418,24,2024-03-17,organic_search,1,5,0,0,0
418,24,2024-03-17,email,2,5,0,0,1
418,24,2024-03-17,organic_search,3,5,0,0,0
418,24,2024-03-17,email,4,5,0,0,1
418,24,2024-03-17,referral,5,5,0,0,5
419,1903,2024-07-13,direct,1,2,0,0,0
419,1903,2024-07-13,google_ads,2,2,0,0,12
420,1794,2024-07-29,referral,1,6,1,499,5
420,1794,2024-07-29,facebook_ads,2,6,1,499,8
420,1794,2024-07-29,direct,3,6,1,499,0
420,1794,2024-07-29,organic_search,4,6,1,499,0
420,1794,2024-07-29,facebook_ads,5,6,1,499,8
420,1794,2024-07-29,referral,6,6,1,499,5
421,1607,2024-08-30,facebook_ads,1,6,1,149,8
421,1607,2024-08-30,google_ads,2,6,1,149,12
421,1607,2024-08-30,email,3,6,1,149,1
421,1607,2024-08-30,facebook_ads,4,6,1,149,8
421,1607,2024-08-30,email,5,6,1,149,1
421,1607,2024-08-30,referral,6,6,1,149,5
422,919,2024-01-04,google_ads,1,5,0,0,12
422,919,2024-01-04,referral,2,5,0,0,5
422,919,2024-01-04,google_ads,3,5,0,0,12
422,919,2024-01-04,facebook_ads,4,5,0,0,8
422,919,2024-01-04,google_ads,5,5,0,0,12
423,110,2024-08-30,google_ads,1,1,1,49,12
424,1034,2024-02-07,facebook_ads,1,6,0,0,8
424,1034,2024-02-07,referral,2,6,0,0,5
424,1034,2024-02-07,email,3,6,0,0,1
424,1034,2024-02-07,referral,4,6,0,0,5
424,1034,2024-02-07,email,5,6,0,0,1
424,1034,2024-02-07,google_ads,6,6,0,0,12
425,640,2024-05-05,email,1,5,0,0,1
425,640,2024-05-05,email,2,5,0,0,1
425,640,2024-05-05,email,3,5,0,0,1
425,640,2024-05-05,google_ads,4,5,0,0,12
425,640,2024-05-05,direct,5,5,0,0,0
426,1295,2024-03-05,google_ads,1,2,0,0,12
426,1295,2024-03-05,organic_search,2,2,0,0,0
427,821,2024-04-25,direct,1,5,0,0,0
427,821,2024-04-25,email,2,5,0,0,1
427,821,2024-04-25,facebook_ads,3,5,0,0,8
427,821,2024-04-25,referral,4,5,0,0,5
427,821,2024-04-25,direct,5,5,0,0,0
428,1390,2024-03-18,direct,1,3,0,0,0
428,1390,2024-03-18,direct,2,3,0,0,0
428,1390,2024-03-18,email,3,3,0,0,1
429,1613,2024-08-15,facebook_ads,1,1,0,0,8
430,1713,2024-02-24,referral,1,6,1,49,5
430,1713,2024-02-24,organic_search,2,6,1,49,0
430,1713,2024-02-24,direct,3,6,1,49,0
430,1713,2024-02-24,direct,4,6,1,49,0
430,1713,2024-02-24,organic_search,5,6,1,49,0
430,1713,2024-02-24,email,6,6,1,49,1
431,1209,2024-09-12,organic_search,1,6,1,299,0
431,1209,2024-09-12,facebook_ads,2,6,1,299,8
431,1209,2024-09-12,direct,3,6,1,299,0
431,1209,2024-09-12,direct,4,6,1,299,0
431,1209,2024-09-12,email,5,6,1,299,1
431,1209,2024-09-12,referral,6,6,1,299,5
432,1413,2024-06-02,referral,1,2,0,0,5
432,1413,2024-06-02,google_ads,2,2,0,0,12
433,1913,2024-03-11,direct,1,5,0,0,0
433,1913,2024-03-11,direct,2,5,0,0,0
433,1913,2024-03-11,email,3,5,0,0,1
433,1913,2024-03-11,organic_search,4,5,0,0,0
433,1913,2024-03-11,referral,5,5,0,0,5
434,16,2024-05-15,organic_search,1,3,0,0,0
434,16,2024-05-15,google_ads,2,3,0,0,12
434,16,2024-05-15,google_ads,3,3,0,0,12
435,596,2024-06-22,email,1,4,1,149,1
435,596,2024-06-22,referral,2,4,1,149,5
435,596,2024-06-22,email,3,4,1,149,1
435,596,2024-06-22,organic_search,4,4,1,149,0
436,365,2024-01-10,direct,1,2,0,0,0
436,365,2024-01-10,facebook_ads,2,2,0,0,8
437,802,2024-07-08,direct,1,5,0,0,0
437,802,2024-07-08,email,2,5,0,0,1
437,802,2024-07-08,facebook_ads,3,5,0,0,8
437,802,2024-07-08,google_ads,4,5,0,0,12
437,802,2024-07-08,google_ads,5,5,0,0,12
438,936,2024-04-25,direct,1,6,0,0,0
438,936,2024-04-25,google_ads,2,6,0,0,12
438,936,2024-04-25,facebook_ads,3,6,0,0,8
438,936,2024-04-25,referral,4,6,0,0,5
438,936,2024-04-25,google_ads,5,6,0,0,12
438,936,2024-04-25,google_ads,6,6,0,0,12
439,421,2024-08-26,google_ads,1,5,1,499,12
439,421,2024-08-26,referral,2,5,1,499,5
439,421,2024-08-26,referral,3,5,1,499,5
439,421,2024-08-26,direct,4,5,1,499,0
439,421,2024-08-26,email,5,5,1,499,1
440,1065,2024-07-03,organic_search,1,3,0,0,0
440,1065,2024-07-03,facebook_ads,2,3,0,0,8
440,1065,2024-07-03,facebook_ads,3,3,0,0,8
441,1371,2024-05-07,organic_search,1,1,0,0,0
442,1354,2024-07-18,email,1,3,0,0,1
442,1354,2024-07-18,email,2,3,0,0,1
442,1354,2024-07-18,referral,3,3,0,0,5
443,1633,2024-04-03,organic_search,1,4,0,0,0
443,1633,2024-04-03,email,2,4,0,0,1
443,1633,2024-04-03,referral,3,4,0,0,5
443,1633,2024-04-03,referral,4,4,0,0,5
444,287,2024-05-23,direct,1,2,1,99,0
444,287,2024-05-23,email,2,2,1,99,1
445,1929,2024-05-21,direct,1,1,1,499,0
446,1285,2024-03-05,email,1,6,0,0,1
446,1285,2024-03-05,email,2,6,0,0,1
446,1285,2024-03-05,direct,3,6,0,0,0
446,1285,2024-03-05,direct,4,6,0,0,0
446,1285,2024-03-05,google_ads,5,6,0,0,12
446,1285,2024-03-05,organic_search,6,6,0,0,0
447,374,2024-08-10,facebook_ads,1,5,0,0,8
447,374,2024-08-10,email,2,5,0,0,1
447,374,2024-08-10,direct,3,5,0,0,0
447,374,2024-08-10,organic_search,4,5,0,0,0
447,374,2024-08-10,email,5,5,0,0,1
448,1872,2024-07-04,facebook_ads,1,3,0,0,8
448,1872,2024-07-04,email,2,3,0,0,1
448,1872,2024-07-04,google_ads,3,3,0,0,12
449,1070,2024-03-31,facebook_ads,1,4,0,0,8
449,1070,2024-03-31,direct,2,4,0,0,0
449,1070,2024-03-31,direct,3,4,0,0,0
449,1070,2024-03-31,google_ads,4,4,0,0,12
450,934,2024-01-22,email,1,4,0,0,1
450,934,2024-01-22,google_ads,2,4,0,0,12
450,934,2024-01-22,direct,3,4,0,0,0
450,934,2024-01-22,facebook_ads,4,4,0,0,8
451,1238,2024-08-03,google_ads,1,3,1,149,12
451,1238,2024-08-03,referral,2,3,1,149,5
451,1238,2024-08-03,facebook_ads,3,3,1,149,8
452,43,2024-09-02,facebook_ads,1,2,0,0,8
452,43,2024-09-02,google_ads,2,2,0,0,12
453,1592,2024-03-29,direct,1,6,0,0,0
453,1592,2024-03-29,facebook_ads,2,6,0,0,8
453,1592,2024-03-29,direct,3,6,0,0,0
453,1592,2024-03-29,email,4,6,0,0,1
453,1592,2024-03-29,direct,5,6,0,0,0
453,1592,2024-03-29,google_ads,6,6,0,0,12
454,1359,2024-06-14,referral,1,5,0,0,5
454,1359,2024-06-14,facebook_ads,2,5,0,0,8
454,1359,2024-06-14,email,3,5,0,0,1
454,1359,2024-06-14,email,4,5,0,0,1
454,1359,2024-06-14,google_ads,5,5,0,0,12
455,1017,2024-05-17,facebook_ads,1,5,0,0,8
455,1017,2024-05-17,organic_search,2,5,0,0,0
455,1017,2024-05-17,facebook_ads,3,5,0,0,8
455,1017,2024-05-17,email,4,5,0,0,1
455,1017,2024-05-17,email,5,5,0,0,1
456,654,2024-05-04,referral,1,6,0,0,5
456,654,2024-05-04,direct,2,6,0,0,0
456,654,2024-05-04,facebook_ads,3,6,0,0,8
456,654,2024-05-04,direct,4,6,0,0,0
456,654,2024-05-04,email,5,6,0,0,1
456,654,2024-05-04,facebook_ads,6,6,0,0,8
457,1931,2024-05-24,email,1,5,1,499,1
457,1931,2024-05-24,google_ads,2,5,1,499,12
457,1931,2024-05-24,google_ads,3,5,1,499,12
457,1931,2024-05-24,referral,4,5,1,499,5
457,1931,2024-05-24,referral,5,5,1,499,5
458,1607,2024-02-16,organic_search,1,4,0,0,0
458,1607,2024-02-16,facebook_ads,2,4,0,0,8
458,1607,2024-02-16,referral,3,4,0,0,5
458,1607,2024-02-16,direct,4,4,0,0,0
459,149,2024-07-13,direct,1,1,1,499,0
460,1000,2024-06-28,referral,1,5,1,149,5
460,1000,2024-06-28,direct,2,5,1,149,0
460,1000,2024-06-28,facebook_ads,3,5,1,149,8
460,1000,2024-06-28,email,4,5,1,149,1
460,1000,2024-06-28,email,5,5,1,149,1
461,391,2024-08-29,email,1,3,0,0,1
461,391,2024-08-29,direct,2,3,0,0,0
461,391,2024-08-29,organic_search,3,3,0,0,0
462,895,2024-03-28,email,1,5,0,0,1
462,895,2024-03-28,organic_search,2,5,0,0,0
462,895,2024-03-28,referral,3,5,0,0,5
462,895,2024-03-28,referral,4,5,0,0,5
462,895,2024-03-28,direct,5,5,0,0,0
463,1775,2024-04-03,facebook_ads,1,3,0,0,8
463,1775,2024-04-03,direct,2,3,0,0,0
463,1775,2024-04-03,facebook_ads,3,3,0,0,8
464,1205,2024-07-19,organic_search,1,4,0,0,0
464,1205,2024-07-19,google_ads,2,4,0,0,12
464,1205,2024-07-19,facebook_ads,3,4,0,0,8
464,1205,2024-07-19,direct,4,4,0,0,0
465,451,2024-09-11,facebook_ads,1,3,0,0,8
465,451,2024-09-11,referral,2,3,0,0,5
465,451,2024-09-11,organic_search,3,3,0,0,0
466,402,2024-06-11,direct,1,2,0,0,0
466,402,2024-06-11,referral,2,2,0,0,5
467,159,2024-06-29,direct,1,4,0,0,0
467,159,2024-06-29,organic_search,2,4,0,0,0
467,159,2024-06-29,facebook_ads,3,4,0,0,8
467,159,2024-06-29,google_ads,4,4,0,0,12
468,1315,2024-06-18,facebook_ads,1,2,0,0,8
468,1315,2024-06-18,facebook_ads,2,2,0,0,8
469,1749,2024-04-30,email,1,6,0,0,1
469,1749,2024-04-30,organic_search,2,6,0,0,0
469,1749,2024-04-30,direct,3,6,0,0,0
469,1749,2024-04-30,referral,4,6,0,0,5
469,1749,2024-04-30,facebook_ads,5,6,0,0,8
469,1749,2024-04-30,facebook_ads,6,6,0,0,8
470,885,2024-05-21,google_ads,1,1,0,0,12
471,1824,2024-06-10,organic_search,1,2,0,0,0
471,1824,2024-06-10,google_ads,2,2,0,0,12
472,1167,2024-02-24,email,1,6,0,0,1
472,1167,2024-02-24,google_ads,2,6,0,0,12
472,1167,2024-02-24,email,3,6,0,0,1
472,1167,2024-02-24,facebook_ads,4,6,0,0,8
472,1167,2024-02-24,facebook_ads,5,6,0,0,8
472,1167,2024-02-24,direct,6,6,0,0,0
473,1841,2024-03-12,direct,1,5,0,0,0
473,1841,2024-03-12,email,2,5,0,0,1
473,1841,2024-03-12,google_ads,3,5,0,0,12
473,1841,2024-03-12,facebook_ads,4,5,0,0,8
473,1841,2024-03-12,organic_search,5,5,0,0,0
474,1536,2024-03-06,facebook_ads,1,3,0,0,8
474,1536,2024-03-06,organic_search,2,3,0,0,0
474,1536,2024-03-06,facebook_ads,3,3,0,0,8
475,525,2024-08-09,facebook_ads,1,1,0,0,8
476,2000,2024-08-18,direct,1,1,0,0,0
477,774,2024-01-07,referral,1,6,1,499,5
477,774,2024-01-07,referral,2,6,1,499,5
477,774,2024-01-07,direct,3,6,1,499,0
477,774,2024-01-07,google_ads,4,6,1,499,12
477,774,2024-01-07,direct,5,6,1,499,0
477,774,2024-01-07,google_ads,6,6,1,499,12
478,1019,2024-07-08,facebook_ads,1,1,0,0,8
479,1732,2024-06-07,google_ads,1,5,1,149,12
479,1732,2024-06-07,google_ads,2,5,1,149,12
479,1732,2024-06-07,google_ads,3,5,1,149,12
479,1732,2024-06-07,facebook_ads,4,5,1,149,8
479,1732,2024-06-07,referral,5,5,1,149,5
480,652,2024-06-23,facebook_ads,1,2,0,0,8
480,652,2024-06-23,direct,2,2,0,0,0
481,1575,2024-01-10,google_ads,1,2,0,0,12
481,1575,2024-01-10,referral,2,2,0,0,5
482,412,2024-02-22,email,1,3,0,0,1
482,412,2024-02-22,email,2,3,0,0,1
482,412,2024-02-22,google_ads,3,3,0,0,12
483,96,2024-03-23,referral,1,2,0,0,5
483,96,2024-03-23,organic_search,2,2,0,0,0
484,236,2024-04-10,google_ads,1,2,0,0,12
484,236,2024-04-10,email,2,2,0,0,1
485,1940,2024-06-21,direct,1,5,1,99,0
485,1940,2024-06-21,direct,2,5,1,99,0
485,1940,2024-06-21,email,3,5,1,99,1
485,1940,2024-06-21,facebook_ads,4,5,1,99,8
485,1940,2024-06-21,organic_search,5,5,1,99,0
486,1877,2024-09-19,organic_search,1,5,0,0,0
486,1877,2024-09-19,facebook_ads,2,5,0,0,8
486,1877,2024-09-19,organic_search,3,5,0,0,0
486,1877,2024-09-19,email,4,5,0,0,1
486,1877,2024-09-19,email,5,5,0,0,1
487,1470,2024-07-25,direct,1,3,0,0,0
487,1470,2024-07-25,direct,2,3,0,0,0
487,1470,2024-07-25,email,3,3,0,0,1
488,669,2024-08-24,direct,1,4,0,0,0
488,669,2024-08-24,organic_search,2,4,0,0,0
488,669,2024-08-24,referral,3,4,0,0,5
488,669,2024-08-24,referral,4,4,0,0,5
489,1482,2024-05-28,referral,1,4,0,0,5
489,1482,2024-05-28,google_ads,2,4,0,0,12
489,1482,2024-05-28,google_ads,3,4,0,0,12
489,1482,2024-05-28,google_ads,4,4,0,0,12
490,915,2024-04-25,organic_search,1,6,0,0,0
490,915,2024-04-25,referral,2,6,0,0,5
490,915,2024-04-25,organic_search,3,6,0,0,0
490,915,2024-04-25,facebook_ads,4,6,0,0,8
490,915,2024-04-25,facebook_ads,5,6,0,0,8
490,915,2024-04-25,organic_search,6,6,0,0,0
491,1294,2024-07-23,email,1,2,0,0,1
491,1294,2024-07-23,direct,2,2,0,0,0
492,1443,2024-03-27,organic_search,1,6,0,0,0
492,1443,2024-03-27,direct,2,6,0,0,0
492,1443,2024-03-27,facebook_ads,3,6,0,0,8
492,1443,2024-03-27,organic_search,4,6,0,0,0
492,1443,2024-03-27,facebook_ads,5,6,0,0,8
492,1443,2024-03-27,organic_search,6,6,0,0,0
493,420,2024-09-27,email,1,3,0,0,1
493,420,2024-09-27,referral,2,3,0,0,5
493,420,2024-09-27,facebook_ads,3,3,0,0,8
494,1656,2024-06-08,google_ads,1,6,0,0,12
494,1656,2024-06-08,referral,2,6,0,0,5
494,1656,2024-06-08,referral,3,6,0,0,5
494,1656,2024-06-08,google_ads,4,6,0,0,12
494,1656,2024-06-08,organic_search,5,6,0,0,0
494,1656,2024-06-08,referral,6,6,0,0,5
495,1683,2024-04-30,referral,1,5,0,0,5
495,1683,2024-04-30,direct,2,5,0,0,0
495,1683,2024-04-30,direct,3,5,0,0,0
495,1683,2024-04-30,email,4,5,0,0,1
495,1683,2024-04-30,facebook_ads,5,5,0,0,8
496,1886,2024-06-14,email,1,1,0,0,1
497,1660,2024-08-02,direct,1,6,0,0,0
497,1660,2024-08-02,direct,2,6,0,0,0
497,1660,2024-08-02,google_ads,3,6,0,0,12
497,1660,2024-08-02,referral,4,6,0,0,5
497,1660,2024-08-02,facebook_ads,5,6,0,0,8
497,1660,2024-08-02,google_ads,6,6,0,0,12
498,1443,2024-02-10,google_ads,1,2,0,0,12
498,1443,2024-02-10,google_ads,2,2,0,0,12
499,52,2024-08-18,referral,1,1,1,149,5
500,1690,2024-03-06,direct,1,5,0,0,0
500,1690,2024-03-06,organic_search,2,5,0,0,0
500,1690,2024-03-06,referral,3,5,0,0,5
500,1690,2024-03-06,organic_search,4,5,0,0,0
500,1690,2024-03-06,email,5,5,0,0,1
501,1086,2024-05-10,referral,1,4,0,0,5
501,1086,2024-05-10,referral,2,4,0,0,5
501,1086,2024-05-10,google_ads,3,4,0,0,12
501,1086,2024-05-10,email,4,4,0,0,1
502,1430,2024-04-14,email,1,3,0,0,1
502,1430,2024-04-14,direct,2,3,0,0,0
502,1430,2024-04-14,facebook_ads,3,3,0,0,8
503,1590,2024-07-28,direct,1,1,0,0,0
504,1916,2024-07-07,organic_search,1,3,0,0,0
504,1916,2024-07-07,direct,2,3,0,0,0
504,1916,2024-07-07,organic_search,3,3,0,0,0
505,425,2024-06-09,direct,1,1,0,0,0
506,1998,2024-04-11,referral,1,3,0,0,5
506,1998,2024-04-11,email,2,3,0,0,1
506,1998,2024-04-11,email,3,3,0,0,1
507,1877,2024-08-10,organic_search,1,3,1,149,0
507,1877,2024-08-10,email,2,3,1,149,1
507,1877,2024-08-10,organic_search,3,3,1,149,0
508,36,2024-05-19,google_ads,1,6,0,0,12
508,36,2024-05-19,organic_search,2,6,0,0,0
508,36,2024-05-19,facebook_ads,3,6,0,0,8
508,36,2024-05-19,referral,4,6,0,0,5
508,36,2024-05-19,google_ads,5,6,0,0,12
508,36,2024-05-19,direct,6,6,0,0,0
509,1912,2024-08-11,google_ads,1,2,0,0,12
509,1912,2024-08-11,email,2,2,0,0,1
510,1251,2024-03-05,facebook_ads,1,1,0,0,8
511,1068,2024-08-24,organic_search,1,5,1,99,0
511,1068,2024-08-24,direct,2,5,1,99,0
511,1068,2024-08-24,direct,3,5,1,99,0
511,1068,2024-08-24,referral,4,5,1,99,5
511,1068,2024-08-24,email,5,5,1,99,1
512,1375,2024-06-18,google_ads,1,6,0,0,12
512,1375,2024-06-18,google_ads,2,6,0,0,12
512,1375,2024-06-18,referral,3,6,0,0,5
512,1375,2024-06-18,facebook_ads,4,6,0,0,8
512,1375,2024-06-18,organic_search,5,6,0,0,0
512,1375,2024-06-18,direct,6,6,0,0,0
513,766,2024-04-14,referral,1,3,0,0,5
513,766,2024-04-14,referral,2,3,0,0,5
513,766,2024-04-14,organic_search,3,3,0,0,0
514,1474,2024-03-05,direct,1,4,1,149,0
514,1474,2024-03-05,google_ads,2,4,1,149,12
514,1474,2024-03-05,organic_search,3,4,1,149,0
514,1474,2024-03-05,referral,4,4,1,149,5
515,531,2024-06-28,direct,1,4,0,0,0
515,531,2024-06-28,direct,2,4,0,0,0
515,531,2024-06-28,facebook_ads,3,4,0,0,8
515,531,2024-06-28,google_ads,4,4,0,0,12
516,644,2024-08-12,email,1,2,1,299,1
516,644,2024-08-12,direct,2,2,1,299,0
517,157,2024-04-15,email,1,5,0,0,1
517,157,2024-04-15,direct,2,5,0,0,0
517,157,2024-04-15,referral,3,5,0,0,5
517,157,2024-04-15,organic_search,4,5,0,0,0
517,157,2024-04-15,facebook_ads,5,5,0,0,8
518,112,2024-06-08,facebook_ads,1,6,0,0,8
518,112,2024-06-08,referral,2,6,0,0,5
518,112,2024-06-08,google_ads,3,6,0,0,12
518,112,2024-06-08,direct,4,6,0,0,0
518,112,2024-06-08,email,5,6,0,0,1
518,112,2024-06-08,facebook_ads,6,6,0,0,8
519,1941,2024-03-18,referral,1,2,0,0,5
519,1941,2024-03-18,organic_search,2,2,0,0,0
520,640,2024-05-26,referral,1,2,0,0,5
520,640,2024-05-26,facebook_ads,2,2,0,0,8
521,563,2024-01-15,organic_search,1,1,0,0,0
522,288,2024-05-27,facebook_ads,1,6,0,0,8
522,288,2024-05-27,direct,2,6,0,0,0
522,288,2024-05-27,organic_search,3,6,0,0,0
522,288,2024-05-27,referral,4,6,0,0,5
522,288,2024-05-27,organic_search,5,6,0,0,0
522,288,2024-05-27,google_ads,6,6,0,0,12
523,693,2024-05-13,google_ads,1,4,0,0,12
523,693,2024-05-13,email,2,4,0,0,1
523,693,2024-05-13,email,3,4,0,0,1
523,693,2024-05-13,google_ads,4,4,0,0,12
524,1262,2024-06-24,facebook_ads,1,1,0,0,8
525,1854,2024-05-23,google_ads,1,2,0,0,12
525,1854,2024-05-23,direct,2,2,0,0,0
526,1102,2024-01-09,organic_search,1,1,0,0,0
527,479,2024-04-16,email,1,3,1,299,1
527,479,2024-04-16,google_ads,2,3,1,299,12
527,479,2024-04-16,referral,3,3,1,299,5
528,1968,2024-02-27,organic_search,1,6,0,0,0
528,1968,2024-02-27,email,2,6,0,0,1
528,1968,2024-02-27,referral,3,6,0,0,5
528,1968,2024-02-27,organic_search,4,6,0,0,0
528,1968,2024-02-27,referral,5,6,0,0,5
528,1968,2024-02-27,facebook_ads,6,6,0,0,8
529,425,2024-04-21,facebook_ads,1,4,0,0,8
529,425,2024-04-21,google_ads,2,4,0,0,12
529,425,2024-04-21,direct,3,4,0,0,0
529,425,2024-04-21,organic_search,4,4,0,0,0
530,1858,2024-02-18,direct,1,5,0,0,0
530,1858,2024-02-18,direct,2,5,0,0,0
530,1858,2024-02-18,facebook_ads,3,5,0,0,8
530,1858,2024-02-18,referral,4,5,0,0,5
530,1858,2024-02-18,organic_search,5,5,0,0,0
531,1038,2024-02-25,referral,1,5,0,0,5
531,1038,2024-02-25,direct,2,5,0,0,0
531,1038,2024-02-25,organic_search,3,5,0,0,0
531,1038,2024-02-25,facebook_ads,4,5,0,0,8
531,1038,2024-02-25,google_ads,5,5,0,0,12
532,1374,2024-01-13,organic_search,1,5,0,0,0
532,1374,2024-01-13,referral,2,5,0,0,5
532,1374,2024-01-13,referral,3,5,0,0,5
532,1374,2024-01-13,organic_search,4,5,0,0,0
532,1374,2024-01-13,email,5,5,0,0,1
533,1108,2024-06-20,organic_search,1,4,1,149,0
533,1108,2024-06-20,referral,2,4,1,149,5
533,1108,2024-06-20,email,3,4,1,149,1
533,1108,2024-06-20,referral,4,4,1,149,5
534,669,2024-04-18,direct,1,2,0,0,0
534,669,2024-04-18,email,2,2,0,0,1
535,1569,2024-03-14,organic_search,1,2,0,0,0
535,1569,2024-03-14,google_ads,2,2,0,0,12
536,572,2024-07-03,referral,1,6,0,0,5
536,572,2024-07-03,google_ads,2,6,0,0,12
536,572,2024-07-03,email,3,6,0,0,1
536,572,2024-07-03,organic_search,4,6,0,0,0
536,572,2024-07-03,facebook_ads,5,6,0,0,8
536,572,2024-07-03,facebook_ads,6,6,0,0,8
537,494,2024-05-15,direct,1,2,0,0,0
537,494,2024-05-15,email,2,2,0,0,1
538,589,2024-07-03,email,1,3,0,0,1
538,589,2024-07-03,facebook_ads,2,3,0,0,8
538,589,2024-07-03,referral,3,3,0,0,5
539,638,2024-03-30,google_ads,1,5,0,0,12
539,638,2024-03-30,referral,2,5,0,0,5
539,638,2024-03-30,email,3,5,0,0,1
539,638,2024-03-30,facebook_ads,4,5,0,0,8
539,638,2024-03-30,facebook_ads,5,5,0,0,8
540,1367,2024-08-08,email,1,6,0,0,1
540,1367,2024-08-08,facebook_ads,2,6,0,0,8
540,1367,2024-08-08,email,3,6,0,0,1
540,1367,2024-08-08,referral,4,6,0,0,5
540,1367,2024-08-08,facebook_ads,5,6,0,0,8
540,1367,2024-08-08,facebook_ads,6,6,0,0,8
541,75,2024-04-05,facebook_ads,1,3,0,0,8
541,75,2024-04-05,email,2,3,0,0,1
541,75,2024-04-05,organic_search,3,3,0,0,0
542,240,2024-06-30,facebook_ads,1,5,0,0,8
542,240,2024-06-30,organic_search,2,5,0,0,0
542,240,2024-06-30,organic_search,3,5,0,0,0
542,240,2024-06-30,facebook_ads,4,5,0,0,8
542,240,2024-06-30,referral,5,5,0,0,5
543,894,2024-05-21,direct,1,2,0,0,0
543,894,2024-05-21,google_ads,2,2,0,0,12
544,1934,2024-02-21,organic_search,1,5,0,0,0
544,1934,2024-02-21,organic_search,2,5,0,0,0
544,1934,2024-02-21,organic_search,3,5,0,0,0
544,1934,2024-02-21,direct,4,5,0,0,0
544,1934,2024-02-21,organic_search,5,5,0,0,0
545,858,2024-06-30,referral,1,4,0,0,5
545,858,2024-06-30,referral,2,4,0,0,5
545,858,2024-06-30,organic_search,3,4,0,0,0
545,858,2024-06-30,email,4,4,0,0,1
546,437,2024-02-21,email,1,4,0,0,1
546,437,2024-02-21,google_ads,2,4,0,0,12
546,437,2024-02-21,direct,3,4,0,0,0
546,437,2024-02-21,organic_search,4,4,0,0,0
547,749,2024-02-14,email,1,4,0,0,1
547,749,2024-02-14,facebook_ads,2,4,0,0,8
547,749,2024-02-14,referral,3,4,0,0,5
547,749,2024-02-14,organic_search,4,4,0,0,0
548,62,2024-08-06,facebook_ads,1,6,1,99,8
548,62,2024-08-06,email,2,6,1,99,1
548,62,2024-08-06,referral,3,6,1,99,5
548,62,2024-08-06,email,4,6,1,99,1
548,62,2024-08-06,facebook_ads,5,6,1,99,8
548,62,2024-08-06,email,6,6,1,99,1
549,1837,2024-07-09,organic_search,1,4,0,0,0
549,1837,2024-07-09,direct,2,4,0,0,0
549,1837,2024-07-09,direct,3,4,0,0,0
549,1837,2024-07-09,email,4,4,0,0,1
550,43,2024-05-03,direct,1,1,0,0,0
551,591,2024-04-15,facebook_ads,1,5,0,0,8
551,591,2024-04-15,organic_search,2,5,0,0,0
551,591,2024-04-15,direct,3,5,0,0,0
551,591,2024-04-15,google_ads,4,5,0,0,12
551,591,2024-04-15,email,5,5,0,0,1
552,1254,2024-02-18,organic_search,1,4,1,149,0
552,1254,2024-02-18,direct,2,4,1,149,0
552,1254,2024-02-18,facebook_ads,3,4,1,149,8
552,1254,2024-02-18,email,4,4,1,149,1
553,222,2024-05-22,facebook_ads,1,3,0,0,8
553,222,2024-05-22,email,2,3,0,0,1
553,222,2024-05-22,direct,3,3,0,0,0
554,1228,2024-01-03,organic_search,1,1,0,0,0
555,1630,2024-02-10,direct,1,2,0,0,0
555,1630,2024-02-10,direct,2,2,0,0,0
556,1360,2024-09-12,google_ads,1,4,0,0,12
556,1360,2024-09-12,organic_search,2,4,0,0,0
556,1360,2024-09-12,organic_search,3,4,0,0,0
556,1360,2024-09-12,direct,4,4,0,0,0
557,1056,2024-01-25,google_ads,1,3,0,0,12
557,1056,2024-01-25,facebook_ads,2,3,0,0,8
557,1056,2024-01-25,referral,3,3,0,0,5
558,732,2024-06-25,direct,1,5,0,0,0
558,732,2024-06-25,referral,2,5,0,0,5
558,732,2024-06-25,organic_search,3,5,0,0,0
558,732,2024-06-25,google_ads,4,5,0,0,12
558,732,2024-06-25,email,5,5,0,0,1
559,697,2024-06-14,organic_search,1,1,0,0,0
560,1319,2024-02-07,facebook_ads,1,1,0,0,8
561,560,2024-07-03,email,1,2,0,0,1
561,560,2024-07-03,email,2,2,0,0,1
562,400,2024-05-16,organic_search,1,4,0,0,0
562,400,2024-05-16,organic_search,2,4,0,0,0
562,400,2024-05-16,referral,3,4,0,0,5
562,400,2024-05-16,organic_search,4,4,0,0,0
563,171,2024-05-20,email,1,4,0,0,1
563,171,2024-05-20,google_ads,2,4,0,0,12
563,171,2024-05-20,direct,3,4,0,0,0
563,171,2024-05-20,organic_search,4,4,0,0,0
564,1552,2024-03-21,facebook_ads,1,1,0,0,8
565,1459,2024-02-14,direct,1,2,0,0,0
565,1459,2024-02-14,referral,2,2,0,0,5
566,707,2024-05-28,email,1,3,0,0,1
566,707,2024-05-28,referral,2,3,0,0,5
566,707,2024-05-28,facebook_ads,3,3,0,0,8
567,823,2024-06-21,google_ads,1,6,0,0,12
567,823,2024-06-21,email,2,6,0,0,1
567,823,2024-06-21,organic_search,3,6,0,0,0
567,823,2024-06-21,email,4,6,0,0,1
567,823,2024-06-21,organic_search,5,6,0,0,0
567,823,2024-06-21,google_ads,6,6,0,0,12
568,1679,2024-06-08,facebook_ads,1,2,0,0,8
568,1679,2024-06-08,facebook_ads,2,2,0,0,8
569,155,2024-05-29,referral,1,6,0,0,5
569,155,2024-05-29,google_ads,2,6,0,0,12
569,155,2024-05-29,facebook_ads,3,6,0,0,8
569,155,2024-05-29,organic_search,4,6,0,0,0
569,155,2024-05-29,email,5,6,0,0,1
569,155,2024-05-29,referral,6,6,0,0,5
570,1832,2024-04-28,direct,1,3,0,0,0
570,1832,2024-04-28,facebook_ads,2,3,0,0,8
570,1832,2024-04-28,referral,3,3,0,0,5
571,781,2024-08-28,google_ads,1,6,0,0,12
571,781,2024-08-28,email,2,6,0,0,1
571,781,2024-08-28,email,3,6,0,0,1
571,781,2024-08-28,facebook_ads,4,6,0,0,8
571,781,2024-08-28,facebook_ads,5,6,0,0,8
571,781,2024-08-28,facebook_ads,6,6,0,0,8
572,642,2024-03-03,organic_search,1,5,1,299,0
572,642,2024-03-03,email,2,5,1,299,1
572,642,2024-03-03,facebook_ads,3,5,1,299,8
572,642,2024-03-03,organic_search,4,5,1,299,0
572,642,2024-03-03,referral,5,5,1,299,5
573,574,2024-05-19,referral,1,1,0,0,5
574,57,2024-09-11,email,1,2,0,0,1
574,57,2024-09-11,organic_search,2,2,0,0,0
575,82,2024-08-10,referral,1,3,0,0,5
575,82,2024-08-10,email,2,3,0,0,1
575,82,2024-08-10,organic_search,3,3,0,0,0
576,1309,2024-03-20,referral,1,6,0,0,5
576,1309,2024-03-20,facebook_ads,2,6,0,0,8
576,1309,2024-03-20,email,3,6,0,0,1
576,1309,2024-03-20,direct,4,6,0,0,0
576,1309,2024-03-20,email,5,6,0,0,1
576,1309,2024-03-20,organic_search,6,6,0,0,0
577,112,2024-07-06,organic_search,1,6,1,499,0
577,112,2024-07-06,google_ads,2,6,1,499,12
577,112,2024-07-06,organic_search,3,6,1,499,0
577,112,2024-07-06,direct,4,6,1,499,0
577,112,2024-07-06,organic_search,5,6,1,499,0
577,112,2024-07-06,direct,6,6,1,499,0
578,1445,2024-03-02,organic_search,1,2,0,0,0
578,1445,2024-03-02,email,2,2,0,0,1
579,267,2024-08-03,organic_search,1,2,0,0,0
579,267,2024-08-03,google_ads,2,2,0,0,12
580,546,2024-04-17,facebook_ads,1,5,0,0,8
580,546,2024-04-17,referral,2,5,0,0,5
580,546,2024-04-17,email,3,5,0,0,1
580,546,2024-04-17,email,4,5,0,0,1
580,546,2024-04-17,referral,5,5,0,0,5
581,74,2024-03-14,facebook_ads,1,2,0,0,8
581,74,2024-03-14,email,2,2,0,0,1
582,216,2024-09-17,google_ads,1,3,0,0,12
582,216,2024-09-17,facebook_ads,2,3,0,0,8
582,216,2024-09-17,email,3,3,0,0,1
583,115,2024-03-03,organic_search,1,3,1,99,0
583,115,2024-03-03,direct,2,3,1,99,0
583,115,2024-03-03,facebook_ads,3,3,1,99,8
584,1494,2024-03-23,direct,1,1,1,499,0
585,1990,2024-08-28,organic_search,1,3,0,0,0
585,1990,2024-08-28,email,2,3,0,0,1
585,1990,2024-08-28,organic_search,3,3,0,0,0
586,953,2024-05-31,facebook_ads,1,4,0,0,8
586,953,2024-05-31,direct,2,4,0,0,0
586,953,2024-05-31,organic_search,3,4,0,0,0
586,953,2024-05-31,facebook_ads,4,4,0,0,8
587,1005,2024-07-05,organic_search,1,1,0,0,0
588,1318,2024-06-13,google_ads,1,2,0,0,12
588,1318,2024-06-13,google_ads,2,2,0,0,12
589,1417,2024-09-24,google_ads,1,3,0,0,12
589,1417,2024-09-24,facebook_ads,2,3,0,0,8
589,1417,2024-09-24,email,3,3,0,0,1
590,1477,2024-07-19,referral,1,2,1,499,5
590,1477,2024-07-19,email,2,2,1,499,1
591,777,2024-06-13,google_ads,1,6,0,0,12
591,777,2024-06-13,facebook_ads,2,6,0,0,8
591,777,2024-06-13,direct,3,6,0,0,0
591,777,2024-06-13,organic_search,4,6,0,0,0
591,777,2024-06-13,email,5,6,0,0,1
591,777,2024-06-13,referral,6,6,0,0,5
592,185,2024-06-17,direct,1,5,0,0,0
592,185,2024-06-17,google_ads,2,5,0,0,12
592,185,2024-06-17,email,3,5,0,0,1
592,185,2024-06-17,facebook_ads,4,5,0,0,8
592,185,2024-06-17,email,5,5,0,0,1
593,989,2024-09-20,organic_search,1,2,1,49,0
593,989,2024-09-20,google_ads,2,2,1,49,12
594,1529,2024-01-09,email,1,5,0,0,1
594,1529,2024-01-09,organic_search,2,5,0,0,0
594,1529,2024-01-09,google_ads,3,5,0,0,12
594,1529,2024-01-09,email,4,5,0,0,1
594,1529,2024-01-09,facebook_ads,5,5,0,0,8
595,1331,2024-06-21,referral,1,4,0,0,5
595,1331,2024-06-21,direct,2,4,0,0,0
595,1331,2024-06-21,referral,3,4,0,0,5
595,1331,2024-06-21,direct,4,4,0,0,0
596,1574,2024-02-06,email,1,6,0,0,1
596,1574,2024-02-06,organic_search,2,6,0,0,0
596,1574,2024-02-06,direct,3,6,0,0,0
596,1574,2024-02-06,facebook_ads,4,6,0,0,8
596,1574,2024-02-06,direct,5,6,0,0,0
596,1574,2024-02-06,email,6,6,0,0,1
597,1185,2024-02-08,email,1,1,0,0,1
598,1299,2024-03-22,organic_search,1,1,0,0,0
599,691,2024-08-14,email,1,5,0,0,1
599,691,2024-08-14,referral,2,5,0,0,5
599,691,2024-08-14,referral,3,5,0,0,5
599,691,2024-08-14,referral,4,5,0,0,5
599,691,2024-08-14,referral,5,5,0,0,5
600,1087,2024-03-02,organic_search,1,4,0,0,0
600,1087,2024-03-02,direct,2,4,0,0,0
600,1087,2024-03-02,organic_search,3,4,0,0,0
600,1087,2024-03-02,referral,4,4,0,0,5
601,1549,2024-08-14,facebook_ads,1,5,0,0,8
601,1549,2024-08-14,google_ads,2,5,0,0,12
601,1549,2024-08-14,email,3,5,0,0,1
601,1549,2024-08-14,referral,4,5,0,0,5
601,1549,2024-08-14,organic_search,5,5,0,0,0
602,1343,2024-04-29,google_ads,1,4,0,0,12
602,1343,2024-04-29,direct,2,4,0,0,0
602,1343,2024-04-29,referral,3,4,0,0,5
602,1343,2024-04-29,organic_search,4,4,0,0,0
603,1254,2024-04-12,direct,1,5,0,0,0
603,1254,2024-04-12,organic_search,2,5,0,0,0
603,1254,2024-04-12,facebook_ads,3,5,0,0,8
603,1254,2024-04-12,google_ads,4,5,0,0,12
603,1254,2024-04-12,email,5,5,0,0,1
604,1250,2024-07-28,facebook_ads,1,2,0,0,8
604,1250,2024-07-28,direct,2,2,0,0,0
605,1067,2024-05-28,google_ads,1,1,0,0,12
606,1895,2024-09-24,referral,1,6,0,0,5
606,1895,2024-09-24,facebook_ads,2,6,0,0,8
606,1895,2024-09-24,email,3,6,0,0,1
606,1895,2024-09-24,google_ads,4,6,0,0,12
606,1895,2024-09-24,google_ads,5,6,0,0,12
606,1895,2024-09-24,organic_search,6,6,0,0,0
607,221,2024-07-20,direct,1,3,0,0,0
607,221,2024-07-20,organic_search,2,3,0,0,0
607,221,2024-07-20,organic_search,3,3,0,0,0
608,387,2024-07-18,organic_search,1,1,0,0,0
609,1536,2024-07-12,google_ads,1,5,0,0,12
609,1536,2024-07-12,facebook_ads,2,5,0,0,8
609,1536,2024-07-12,organic_search,3,5,0,0,0
609,1536,2024-07-12,direct,4,5,0,0,0
609,1536,2024-07-12,organic_search,5,5,0,0,0
610,1248,2024-03-29,referral,1,5,0,0,5
610,1248,2024-03-29,email,2,5,0,0,1
610,1248,2024-03-29,email,3,5,0,0,1
610,1248,2024-03-29,direct,4,5,0,0,0
610,1248,2024-03-29,direct,5,5,0,0,0
611,1499,2024-02-01,facebook_ads,1,1,0,0,8
612,1684,2024-08-26,facebook_ads,1,6,0,0,8
612,1684,2024-08-26,direct,2,6,0,0,0
612,1684,2024-08-26,email,3,6,0,0,1
612,1684,2024-08-26,organic_search,4,6,0,0,0
612,1684,2024-08-26,google_ads,5,6,0,0,12
612,1684,2024-08-26,google_ads,6,6,0,0,12
613,592,2024-05-28,referral,1,5,0,0,5
613,592,2024-05-28,referral,2,5,0,0,5
613,592,2024-05-28,organic_search,3,5,0,0,0
613,592,2024-05-28,google_ads,4,5,0,0,12
613,592,2024-05-28,facebook_ads,5,5,0,0,8
614,1802,2024-09-05,facebook_ads,1,5,0,0,8
614,1802,2024-09-05,direct,2,5,0,0,0
614,1802,2024-09-05,email,3,5,0,0,1
614,1802,2024-09-05,organic_search,4,5,0,0,0
614,1802,2024-09-05,referral,5,5,0,0,5
615,282,2024-08-15,organic_search,1,5,1,49,0
615,282,2024-08-15,referral,2,5,1,49,5
615,282,2024-08-15,organic_search,3,5,1,49,0
615,282,2024-08-15,google_ads,4,5,1,49,12
615,282,2024-08-15,direct,5,5,1,49,0
616,292,2024-07-31,referral,1,2,1,499,5
616,292,2024-07-31,direct,2,2,1,499,0
617,787,2024-03-26,google_ads,1,2,0,0,12
617,787,2024-03-26,google_ads,2,2,0,0,12
618,72,2024-05-20,direct,1,4,0,0,0
618,72,2024-05-20,facebook_ads,2,4,0,0,8
618,72,2024-05-20,google_ads,3,4,0,0,12
618,72,2024-05-20,facebook_ads,4,4,0,0,8
619,1799,2024-05-03,direct,1,3,0,0,0
619,1799,2024-05-03,referral,2,3,0,0,5
619,1799,2024-05-03,google_ads,3,3,0,0,12
620,1865,2024-02-17,google_ads,1,2,1,149,12
620,1865,2024-02-17,direct,2,2,1,149,0
621,1901,2024-08-13,facebook_ads,1,3,0,0,8
621,1901,2024-08-13,email,2,3,0,0,1
621,1901,2024-08-13,google_ads,3,3,0,0,12
622,1492,2024-06-05,facebook_ads,1,6,0,0,8
622,1492,2024-06-05,direct,2,6,0,0,0
622,1492,2024-06-05,referral,3,6,0,0,5
622,1492,2024-06-05,referral,4,6,0,0,5
622,1492,2024-06-05,facebook_ads,5,6,0,0,8
622,1492,2024-06-05,direct,6,6,0,0,0
623,1578,2024-02-19,facebook_ads,1,2,1,99,8
623,1578,2024-02-19,email,2,2,1,99,1
624,762,2024-09-17,facebook_ads,1,5,0,0,8
624,762,2024-09-17,facebook_ads,2,5,0,0,8
624,762,2024-09-17,facebook_ads,3,5,0,0,8
624,762,2024-09-17,email,4,5,0,0,1
624,762,2024-09-17,email,5,5,0,0,1
625,1814,2024-02-01,referral,1,5,1,499,5
625,1814,2024-02-01,email,2,5,1,499,1
625,1814,2024-02-01,referral,3,5,1,499,5
625,1814,2024-02-01,organic_search,4,5,1,499,0
625,1814,2024-02-01,facebook_ads,5,5,1,499,8
626,1387,2024-04-11,organic_search,1,4,0,0,0
626,1387,2024-04-11,facebook_ads,2,4,0,0,8
626,1387,2024-04-11,organic_search,3,4,0,0,0
626,1387,2024-04-11,referral,4,4,0,0,5
627,718,2024-07-31,google_ads,1,3,0,0,12
627,718,2024-07-31,email,2,3,0,0,1
627,718,2024-07-31,direct,3,3,0,0,0
628,680,2024-03-23,organic_search,1,6,0,0,0
628,680,2024-03-23,direct,2,6,0,0,0
628,680,2024-03-23,referral,3,6,0,0,5
628,680,2024-03-23,email,4,6,0,0,1
628,680,2024-03-23,referral,5,6,0,0,5
628,680,2024-03-23,referral,6,6,0,0,5
629,506,2024-01-11,google_ads,1,4,0,0,12
629,506,2024-01-11,facebook_ads,2,4,0,0,8
629,506,2024-01-11,organic_search,3,4,0,0,0
629,506,2024-01-11,organic_search,4,4,0,0,0
630,1717,2024-05-19,direct,1,2,0,0,0
630,1717,2024-05-19,referral,2,2,0,0,5
631,1317,2024-01-08,email,1,2,0,0,1
631,1317,2024-01-08,google_ads,2,2,0,0,12
632,1230,2024-08-24,facebook_ads,1,5,0,0,8
632,1230,2024-08-24,direct,2,5,0,0,0
632,1230,2024-08-24,email,3,5,0,0,1
632,1230,2024-08-24,referral,4,5,0,0,5
632,1230,2024-08-24,google_ads,5,5,0,0,12
633,527,2024-07-16,email,1,2,0,0,1
633,527,2024-07-16,email,2,2,0,0,1
634,69,2024-07-19,organic_search,1,1,0,0,0
635,830,2024-03-23,facebook_ads,1,2,1,49,8
635,830,2024-03-23,email,2,2,1,49,1
636,656,2024-01-02,direct,1,1,0,0,0
637,884,2024-09-08,referral,1,6,0,0,5
637,884,2024-09-08,email,2,6,0,0,1
637,884,2024-09-08,organic_search,3,6,0,0,0
637,884,2024-09-08,direct,4,6,0,0,0
637,884,2024-09-08,google_ads,5,6,0,0,12
637,884,2024-09-08,referral,6,6,0,0,5
638,453,2024-03-14,facebook_ads,1,4,0,0,8
638,453,2024-03-14,google_ads,2,4,0,0,12
638,453,2024-03-14,email,3,4,0,0,1
638,453,2024-03-14,direct,4,4,0,0,0
639,1544,2024-08-11,email,1,3,0,0,1
639,1544,2024-08-11,google_ads,2,3,0,0,12
639,1544,2024-08-11,direct,3,3,0,0,0
640,314,2024-01-11,google_ads,1,2,1,499,12
640,314,2024-01-11,email,2,2,1,499,1
641,893,2024-07-21,email,1,4,0,0,1
641,893,2024-07-21,google_ads,2,4,0,0,12
641,893,2024-07-21,referral,3,4,0,0,5
641,893,2024-07-21,direct,4,4,0,0,0
642,1893,2024-09-17,facebook_ads,1,4,0,0,8
642,1893,2024-09-17,referral,2,4,0,0,5
642,1893,2024-09-17,organic_search,3,4,0,0,0
642,1893,2024-09-17,email,4,4,0,0,1
643,1287,2024-06-10,direct,1,1,0,0,0
644,1018,2024-06-12,google_ads,1,2,1,299,12
644,1018,2024-06-12,organic_search,2,2,1,299,0
645,191,2024-01-29,referral,1,2,0,0,5
645,191,2024-01-29,google_ads,2,2,0,0,12
646,1944,2024-05-17,organic_search,1,5,0,0,0
646,1944,2024-05-17,facebook_ads,2,5,0,0,8
646,1944,2024-05-17,google_ads,3,5,0,0,12
646,1944,2024-05-17,google_ads,4,5,0,0,12
646,1944,2024-05-17,referral,5,5,0,0,5
647,1720,2024-07-11,direct,1,5,0,0,0
647,1720,2024-07-11,email,2,5,0,0,1
647,1720,2024-07-11,referral,3,5,0,0,5
647,1720,2024-07-11,referral,4,5,0,0,5
647,1720,2024-07-11,referral,5,5,0,0,5
648,1614,2024-08-03,referral,1,5,0,0,5
648,1614,2024-08-03,google_ads,2,5,0,0,12
648,1614,2024-08-03,facebook_ads,3,5,0,0,8
648,1614,2024-08-03,google_ads,4,5,0,0,12
648,1614,2024-08-03,facebook_ads,5,5,0,0,8
649,1019,2024-07-24,direct,1,4,0,0,0
649,1019,2024-07-24,facebook_ads,2,4,0,0,8
649,1019,2024-07-24,organic_search,3,4,0,0,0
649,1019,2024-07-24,referral,4,4,0,0,5
650,1587,2024-02-05,google_ads,1,3,1,49,12
650,1587,2024-02-05,direct,2,3,1,49,0
650,1587,2024-02-05,direct,3,3,1,49,0
651,476,2024-06-09,organic_search,1,6,0,0,0
651,476,2024-06-09,direct,2,6,0,0,0
651,476,2024-06-09,direct,3,6,0,0,0
651,476,2024-06-09,email,4,6,0,0,1
651,476,2024-06-09,email,5,6,0,0,1
651,476,2024-06-09,organic_search,6,6,0,0,0
652,1687,2024-04-05,email,1,5,0,0,1
652,1687,2024-04-05,direct,2,5,0,0,0
652,1687,2024-04-05,organic_search,3,5,0,0,0
652,1687,2024-04-05,facebook_ads,4,5,0,0,8
652,1687,2024-04-05,organic_search,5,5,0,0,0
653,1930,2024-05-22,organic_search,1,5,0,0,0
653,1930,2024-05-22,email,2,5,0,0,1
653,1930,2024-05-22,facebook_ads,3,5,0,0,8
653,1930,2024-05-22,referral,4,5,0,0,5
653,1930,2024-05-22,google_ads,5,5,0,0,12
654,1041,2024-03-10,facebook_ads,1,4,0,0,8
654,1041,2024-03-10,email,2,4,0,0,1
654,1041,2024-03-10,organic_search,3,4,0,0,0
654,1041,2024-03-10,organic_search,4,4,0,0,0
655,1325,2024-08-14,referral,1,1,0,0,5
656,1212,2024-05-21,direct,1,6,0,0,0
656,1212,2024-05-21,google_ads,2,6,0,0,12
656,1212,2024-05-21,google_ads,3,6,0,0,12
656,1212,2024-05-21,google_ads,4,6,0,0,12
656,1212,2024-05-21,facebook_ads,5,6,0,0,8
656,1212,2024-05-21,organic_search,6,6,0,0,0
657,130,2024-02-18,facebook_ads,1,3,0,0,8
657,130,2024-02-18,email,2,3,0,0,1
657,130,2024-02-18,facebook_ads,3,3,0,0,8
658,1045,2024-05-22,direct,1,3,1,499,0
658,1045,2024-05-22,email,2,3,1,499,1
658,1045,2024-05-22,referral,3,3,1,499,5
659,900,2024-08-08,referral,1,2,1,299,5
659,900,2024-08-08,referral,2,2,1,299,5
660,200,2024-04-08,google_ads,1,3,0,0,12
660,200,2024-04-08,referral,2,3,0,0,5
660,200,2024-04-08,facebook_ads,3,3,0,0,8
661,371,2024-03-28,facebook_ads,1,2,0,0,8
661,371,2024-03-28,organic_search,2,2,0,0,0
662,1932,2024-08-29,referral,1,2,0,0,5
662,1932,2024-08-29,organic_search,2,2,0,0,0
663,198,2024-08-19,google_ads,1,6,0,0,12
663,198,2024-08-19,direct,2,6,0,0,0
663,198,2024-08-19,organic_search,3,6,0,0,0
663,198,2024-08-19,direct,4,6,0,0,0
663,198,2024-08-19,referral,5,6,0,0,5
663,198,2024-08-19,google_ads,6,6,0,0,12
664,398,2024-01-09,referral,1,5,0,0,5
664,398,2024-01-09,referral,2,5,0,0,5
664,398,2024-01-09,organic_search,3,5,0,0,0
664,398,2024-01-09,facebook_ads,4,5,0,0,8
664,398,2024-01-09,email,5,5,0,0,1
665,1169,2024-01-10,direct,1,2,0,0,0
665,1169,2024-01-10,referral,2,2,0,0,5
666,1071,2024-06-15,referral,1,5,0,0,5
666,1071,2024-06-15,facebook_ads,2,5,0,0,8
666,1071,2024-06-15,organic_search,3,5,0,0,0
666,1071,2024-06-15,google_ads,4,5,0,0,12
666,1071,2024-06-15,google_ads,5,5,0,0,12
667,690,2024-02-27,google_ads,1,3,1,149,12
667,690,2024-02-27,facebook_ads,2,3,1,149,8
667,690,2024-02-27,direct,3,3,1,149,0
668,921,2024-01-02,google_ads,1,2,0,0,12
668,921,2024-01-02,organic_search,2,2,0,0,0
669,1865,2024-09-03,organic_search,1,5,0,0,0
669,1865,2024-09-03,referral,2,5,0,0,5
669,1865,2024-09-03,facebook_ads,3,5,0,0,8
669,1865,2024-09-03,referral,4,5,0,0,5
669,1865,2024-09-03,referral,5,5,0,0,5
670,1377,2024-01-20,direct,1,5,0,0,0
670,1377,2024-01-20,organic_search,2,5,0,0,0
670,1377,2024-01-20,facebook_ads,3,5,0,0,8
670,1377,2024-01-20,facebook_ads,4,5,0,0,8
670,1377,2024-01-20,google_ads,5,5,0,0,12
671,1679,2024-08-24,facebook_ads,1,3,1,49,8
671,1679,2024-08-24,facebook_ads,2,3,1,49,8
671,1679,2024-08-24,organic_search,3,3,1,49,0
672,1936,2024-01-30,organic_search,1,5,0,0,0
672,1936,2024-01-30,organic_search,2,5,0,0,0
672,1936,2024-01-30,email,3,5,0,0,1
672,1936,2024-01-30,organic_search,4,5,0,0,0
672,1936,2024-01-30,organic_search,5,5,0,0,0
673,1430,2024-06-28,email,1,4,0,0,1
673,1430,2024-06-28,email,2,4,0,0,1
673,1430,2024-06-28,facebook_ads,3,4,0,0,8
673,1430,2024-06-28,direct,4,4,0,0,0
674,1182,2024-03-30,email,1,5,0,0,1
674,1182,2024-03-30,direct,2,5,0,0,0
674,1182,2024-03-30,facebook_ads,3,5,0,0,8
674,1182,2024-03-30,organic_search,4,5,0,0,0
674,1182,2024-03-30,email,5,5,0,0,1
675,439,2024-02-16,referral,1,6,0,0,5
675,439,2024-02-16,organic_search,2,6,0,0,0
675,439,2024-02-16,email,3,6,0,0,1
675,439,2024-02-16,referral,4,6,0,0,5
675,439,2024-02-16,referral,5,6,0,0,5
675,439,2024-02-16,facebook_ads,6,6,0,0,8
676,1107,2024-07-12,email,1,1,0,0,1
677,1915,2024-06-13,direct,1,3,0,0,0
677,1915,2024-06-13,google_ads,2,3,0,0,12
677,1915,2024-06-13,organic_search,3,3,0,0,0
678,1600,2024-04-04,referral,1,3,0,0,5
678,1600,2024-04-04,organic_search,2,3,0,0,0
678,1600,2024-04-04,referral,3,3,0,0,5
679,1932,2024-06-17,email,1,2,0,0,1
679,1932,2024-06-17,direct,2,2,0,0,0
680,147,2024-08-08,email,1,2,0,0,1
680,147,2024-08-08,email,2,2,0,0,1
681,394,2024-01-04,google_ads,1,4,1,499,12
681,394,2024-01-04,referral,2,4,1,499,5
681,394,2024-01-04,organic_search,3,4,1,499,0
681,394,2024-01-04,referral,4,4,1,499,5
682,568,2024-09-14,organic_search,1,6,0,0,0
682,568,2024-09-14,facebook_ads,2,6,0,0,8
682,568,2024-09-14,email,3,6,0,0,1
682,568,2024-09-14,referral,4,6,0,0,5
682,568,2024-09-14,organic_search,5,6,0,0,0
682,568,2024-09-14,google_ads,6,6,0,0,12
683,600,2024-03-06,organic_search,1,6,0,0,0
683,600,2024-03-06,facebook_ads,2,6,0,0,8
683,600,2024-03-06,google_ads,3,6,0,0,12
683,600,2024-03-06,referral,4,6,0,0,5
683,600,2024-03-06,direct,5,6,0,0,0
683,600,2024-03-06,organic_search,6,6,0,0,0
684,585,2024-07-24,organic_search,1,3,0,0,0
684,585,2024-07-24,organic_search,2,3,0,0,0
684,585,2024-07-24,direct,3,3,0,0,0
685,784,2024-08-01,direct,1,4,0,0,0
685,784,2024-08-01,direct,2,4,0,0,0
685,784,2024-08-01,email,3,4,0,0,1
685,784,2024-08-01,referral,4,4,0,0,5
686,336,2024-04-26,referral,1,2,0,0,5
686,336,2024-04-26,organic_search,2,2,0,0,0
687,894,2024-05-29,email,1,1,1,49,1
688,929,2024-05-24,email,1,4,0,0,1
688,929,2024-05-24,direct,2,4,0,0,0
688,929,2024-05-24,google_ads,3,4,0,0,12
688,929,2024-05-24,referral,4,4,0,0,5
689,1743,2024-07-08,facebook_ads,1,5,0,0,8
689,1743,2024-07-08,google_ads,2,5,0,0,12
689,1743,2024-07-08,referral,3,5,0,0,5
689,1743,2024-07-08,referral,4,5,0,0,5
689,1743,2024-07-08,direct,5,5,0,0,0
690,639,2024-06-18,referral,1,4,0,0,5
690,639,2024-06-18,direct,2,4,0,0,0
690,639,2024-06-18,google_ads,3,4,0,0,12
690,639,2024-06-18,organic_search,4,4,0,0,0
691,1400,2024-06-15,organic_search,1,4,0,0,0
691,1400,2024-06-15,organic_search,2,4,0,0,0
691,1400,2024-06-15,email,3,4,0,0,1
691,1400,2024-06-15,facebook_ads,4,4,0,0,8
692,984,2024-01-06,organic_search,1,1,0,0,0
693,528,2024-07-31,organic_search,1,3,1,149,0
693,528,2024-07-31,facebook_ads,2,3,1,149,8
693,528,2024-07-31,email,3,3,1,149,1
694,1065,2024-09-20,facebook_ads,1,6,0,0,8
694,1065,2024-09-20,email,2,6,0,0,1
694,1065,2024-09-20,email,3,6,0,0,1
694,1065,2024-09-20,google_ads,4,6,0,0,12
694,1065,2024-09-20,direct,5,6,0,0,0
694,1065,2024-09-20,google_ads,6,6,0,0,12
695,1324,2024-04-28,facebook_ads,1,5,0,0,8
695,1324,2024-04-28,direct,2,5,0,0,0
695,1324,2024-04-28,referral,3,5,0,0,5
695,1324,2024-04-28,organic_search,4,5,0,0,0
695,1324,2024-04-28,referral,5,5,0,0,5
696,142,2024-03-07,organic_search,1,4,0,0,0
696,142,2024-03-07,email,2,4,0,0,1
696,142,2024-03-07,google_ads,3,4,0,0,12
696,142,2024-03-07,organic_search,4,4,0,0,0
697,1904,2024-06-09,organic_search,1,6,0,0,0
697,1904,2024-06-09,organic_search,2,6,0,0,0
697,1904,2024-06-09,email,3,6,0,0,1
697,1904,2024-06-09,facebook_ads,4,6,0,0,8
697,1904,2024-06-09,direct,5,6,0,0,0
697,1904,2024-06-09,google_ads,6,6,0,0,12
698,1564,2024-01-12,direct,1,5,0,0,0
698,1564,2024-01-12,referral,2,5,0,0,5
698,1564,2024-01-12,referral,3,5,0,0,5
698,1564,2024-01-12,organic_search,4,5,0,0,0
698,1564,2024-01-12,facebook_ads,5,5,0,0,8
699,590,2024-05-02,facebook_ads,1,5,0,0,8
699,590,2024-05-02,direct,2,5,0,0,0
699,590,2024-05-02,referral,3,5,0,0,5
699,590,2024-05-02,referral,4,5,0,0,5
699,590,2024-05-02,facebook_ads,5,5,0,0,8
700,1370,2024-08-31,direct,1,1,1,149,0
701,742,2024-09-02,email,1,4,1,49,1
701,742,2024-09-02,organic_search,2,4,1,49,0
701,742,2024-09-02,email,3,4,1,49,1
701,742,2024-09-02,referral,4,4,1,49,5
702,638,2024-05-23,google_ads,1,5,0,0,12
702,638,2024-05-23,direct,2,5,0,0,0
702,638,2024-05-23,google_ads,3,5,0,0,12
702,638,2024-05-23,facebook_ads,4,5,0,0,8
702,638,2024-05-23,google_ads,5,5,0,0,12
703,1089,2024-07-21,email,1,2,0,0,1
703,1089,2024-07-21,facebook_ads,2,2,0,0,8
704,1012,2024-01-19,facebook_ads,1,6,0,0,8
704,1012,2024-01-19,organic_search,2,6,0,0,0
704,1012,2024-01-19,google_ads,3,6,0,0,12
704,1012,2024-01-19,facebook_ads,4,6,0,0,8
704,1012,2024-01-19,organic_search,5,6,0,0,0
704,1012,2024-01-19,google_ads,6,6,0,0,12
705,495,2024-06-23,referral,1,3,0,0,5
705,495,2024-06-23,referral,2,3,0,0,5
705,495,2024-06-23,direct,3,3,0,0,0
706,154,2024-03-27,referral,1,4,0,0,5
706,154,2024-03-27,referral,2,4,0,0,5
706,154,2024-03-27,organic_search,3,4,0,0,0
706,154,2024-03-27,organic_search,4,4,0,0,0
707,1858,2024-01-10,facebook_ads,1,5,1,499,8
707,1858,2024-01-10,direct,2,5,1,499,0
707,1858,2024-01-10,referral,3,5,1,499,5
707,1858,2024-01-10,email,4,5,1,499,1
707,1858,2024-01-10,organic_search,5,5,1,499,0
708,1872,2024-01-08,google_ads,1,1,0,0,12
709,48,2024-02-13,direct,1,2,0,0,0
709,48,2024-02-13,email,2,2,0,0,1
710,1775,2024-08-05,google_ads,1,5,0,0,12
710,1775,2024-08-05,referral,2,5,0,0,5
710,1775,2024-08-05,referral,3,5,0,0,5
710,1775,2024-08-05,facebook_ads,4,5,0,0,8
710,1775,2024-08-05,facebook_ads,5,5,0,0,8
711,889,2024-03-18,facebook_ads,1,3,0,0,8
711,889,2024-03-18,email,2,3,0,0,1
711,889,2024-03-18,organic_search,3,3,0,0,0
712,970,2024-09-15,google_ads,1,4,0,0,12
712,970,2024-09-15,referral,2,4,0,0,5
712,970,2024-09-15,google_ads,3,4,0,0,12
712,970,2024-09-15,email,4,4,0,0,1
713,1181,2024-05-31,direct,1,2,0,0,0
713,1181,2024-05-31,email,2,2,0,0,1
714,1025,2024-04-22,referral,1,6,0,0,5
714,1025,2024-04-22,organic_search,2,6,0,0,0
714,1025,2024-04-22,direct,3,6,0,0,0
714,1025,2024-04-22,referral,4,6,0,0,5
714,1025,2024-04-22,facebook_ads,5,6,0,0,8
714,1025,2024-04-22,referral,6,6,0,0,5
715,994,2024-07-14,organic_search,1,5,0,0,0
715,994,2024-07-14,facebook_ads,2,5,0,0,8
715,994,2024-07-14,email,3,5,0,0,1
715,994,2024-07-14,referral,4,5,0,0,5
715,994,2024-07-14,facebook_ads,5,5,0,0,8
716,763,2024-01-22,email,1,3,1,149,1
716,763,2024-01-22,email,2,3,1,149,1
716,763,2024-01-22,google_ads,3,3,1,149,12
717,1718,2024-08-06,organic_search,1,5,0,0,0
717,1718,2024-08-06,referral,2,5,0,0,5
717,1718,2024-08-06,google_ads,3,5,0,0,12
717,1718,2024-08-06,google_ads,4,5,0,0,12
717,1718,2024-08-06,google_ads,5,5,0,0,12
718,945,2024-02-03,referral,1,3,0,0,5
718,945,2024-02-03,referral,2,3,0,0,5
718,945,2024-02-03,direct,3,3,0,0,0
719,1666,2024-02-22,organic_search,1,4,0,0,0
719,1666,2024-02-22,facebook_ads,2,4,0,0,8
719,1666,2024-02-22,google_ads,3,4,0,0,12
719,1666,2024-02-22,email,4,4,0,0,1
720,1875,2024-01-31,referral,1,1,0,0,5
721,758,2024-08-22,organic_search,1,1,1,299,0
722,1964,2024-06-07,referral,1,5,0,0,5
722,1964,2024-06-07,direct,2,5,0,0,0
722,1964,2024-06-07,facebook_ads,3,5,0,0,8
722,1964,2024-06-07,google_ads,4,5,0,0,12
722,1964,2024-06-07,referral,5,5,0,0,5
723,1839,2024-09-25,email,1,4,0,0,1
723,1839,2024-09-25,direct,2,4,0,0,0
723,1839,2024-09-25,organic_search,3,4,0,0,0
723,1839,2024-09-25,email,4,4,0,0,1
724,532,2024-03-13,direct,1,6,0,0,0
724,532,2024-03-13,organic_search,2,6,0,0,0
724,532,2024-03-13,facebook_ads,3,6,0,0,8
724,532,2024-03-13,email,4,6,0,0,1
724,532,2024-03-13,google_ads,5,6,0,0,12
724,532,2024-03-13,referral,6,6,0,0,5
725,487,2024-05-05,google_ads,1,6,0,0,12
725,487,2024-05-05,direct,2,6,0,0,0
725,487,2024-05-05,referral,3,6,0,0,5
725,487,2024-05-05,facebook_ads,4,6,0,0,8
725,487,2024-05-05,facebook_ads,5,6,0,0,8
725,487,2024-05-05,google_ads,6,6,0,0,12
726,992,2024-09-07,referral,1,3,0,0,5
726,992,2024-09-07,direct,2,3,0,0,0
726,992,2024-09-07,direct,3,3,0,0,0
727,549,2024-02-22,direct,1,5,0,0,0
727,549,2024-02-22,email,2,5,0,0,1
727,549,2024-02-22,email,3,5,0,0,1
727,549,2024-02-22,referral,4,5,0,0,5
727,549,2024-02-22,organic_search,5,5,0,0,0
728,1825,2024-01-07,facebook_ads,1,1,0,0,8
729,237,2024-04-15,direct,1,2,0,0,0
729,237,2024-04-15,referral,2,2,0,0,5
730,828,2024-04-21,google_ads,1,5,0,0,12
730,828,2024-04-21,direct,2,5,0,0,0
730,828,2024-04-21,direct,3,5,0,0,0
730,828,2024-04-21,email,4,5,0,0,1
730,828,2024-04-21,facebook_ads,5,5,0,0,8
731,814,2024-03-17,email,1,4,0,0,1
731,814,2024-03-17,organic_search,2,4,0,0,0
731,814,2024-03-17,organic_search,3,4,0,0,0
731,814,2024-03-17,organic_search,4,4,0,0,0
732,1359,2024-08-28,organic_search,1,3,0,0,0
732,1359,2024-08-28,google_ads,2,3,0,0,12
732,1359,2024-08-28,email,3,3,0,0,1
733,1085,2024-04-14,direct,1,5,0,0,0
733,1085,2024-04-14,organic_search,2,5,0,0,0
733,1085,2024-04-14,email,3,5,0,0,1
733,1085,2024-04-14,direct,4,5,0,0,0
733,1085,2024-04-14,email,5,5,0,0,1
734,715,2024-02-21,email,1,1,0,0,1
735,1111,2024-05-21,google_ads,1,6,0,0,12
735,1111,2024-05-21,facebook_ads,2,6,0,0,8
735,1111,2024-05-21,referral,3,6,0,0,5
735,1111,2024-05-21,facebook_ads,4,6,0,0,8
735,1111,2024-05-21,email,5,6,0,0,1
735,1111,2024-05-21,email,6,6,0,0,1
736,409,2024-03-13,referral,1,6,0,0,5
736,409,2024-03-13,email,2,6,0,0,1
736,409,2024-03-13,google_ads,3,6,0,0,12
736,409,2024-03-13,direct,4,6,0,0,0
736,409,2024-03-13,google_ads,5,6,0,0,12
736,409,2024-03-13,organic_search,6,6,0,0,0
737,1048,2024-03-01,referral,1,1,0,0,5
738,1303,2024-09-22,google_ads,1,5,0,0,12
738,1303,2024-09-22,organic_search,2,5,0,0,0
738,1303,2024-09-22,referral,3,5,0,0,5
738,1303,2024-09-22,organic_search,4,5,0,0,0
738,1303,2024-09-22,direct,5,5,0,0,0
739,701,2024-01-10,email,1,4,0,0,1
739,701,2024-01-10,email,2,4,0,0,1
739,701,2024-01-10,google_ads,3,4,0,0,12
739,701,2024-01-10,email,4,4,0,0,1
740,1391,2024-04-19,organic_search,1,3,0,0,0
740,1391,2024-04-19,facebook_ads,2,3,0,0,8
740,1391,2024-04-19,google_ads,3,3,0,0,12
741,859,2024-07-26,organic_search,1,6,0,0,0
741,859,2024-07-26,organic_search,2,6,0,0,0
741,859,2024-07-26,organic_search,3,6,0,0,0
741,859,2024-07-26,organic_search,4,6,0,0,0
741,859,2024-07-26,facebook_ads,5,6,0,0,8
741,859,2024-07-26,referral,6,6,0,0,5
742,161,2024-01-23,google_ads,1,2,0,0,12
742,161,2024-01-23,facebook_ads,2,2,0,0,8
743,623,2024-04-27,email,1,6,0,0,1
743,623,2024-04-27,email,2,6,0,0,1
743,623,2024-04-27,email,3,6,0,0,1
743,623,2024-04-27,email,4,6,0,0,1
743,623,2024-04-27,organic_search,5,6,0,0,0
743,623,2024-04-27,email,6,6,0,0,1
744,149,2024-09-10,email,1,2,0,0,1
744,149,2024-09-10,direct,2,2,0,0,0
745,556,2024-02-16,facebook_ads,1,2,0,0,8
745,556,2024-02-16,referral,2,2,0,0,5
746,1457,2024-04-16,facebook_ads,1,5,0,0,8
746,1457,2024-04-16,referral,2,5,0,0,5
746,1457,2024-04-16,organic_search,3,5,0,0,0
746,1457,2024-04-16,email,4,5,0,0,1
746,1457,2024-04-16,facebook_ads,5,5,0,0,8
747,1400,2024-02-06,email,1,4,0,0,1
747,1400,2024-02-06,facebook_ads,2,4,0,0,8
747,1400,2024-02-06,referral,3,4,0,0,5
747,1400,2024-02-06,google_ads,4,4,0,0,12
748,180,2024-01-14,facebook_ads,1,4,0,0,8
748,180,2024-01-14,direct,2,4,0,0,0
748,180,2024-01-14,referral,3,4,0,0,5
748,180,2024-01-14,direct,4,4,0,0,0
749,349,2024-04-03,facebook_ads,1,5,0,0,8
749,349,2024-04-03,organic_search,2,5,0,0,0
749,349,2024-04-03,referral,3,5,0,0,5
749,349,2024-04-03,referral,4,5,0,0,5
749,349,2024-04-03,direct,5,5,0,0,0
750,1929,2024-01-28,referral,1,2,0,0,5
750,1929,2024-01-28,organic_search,2,2,0,0,0
751,1508,2024-05-31,referral,1,2,1,499,5
751,1508,2024-05-31,referral,2,2,1,499,5
752,1845,2024-02-05,referral,1,2,1,99,5
752,1845,2024-02-05,direct,2,2,1,99,0
753,1119,2024-01-29,organic_search,1,2,0,0,0
753,1119,2024-01-29,direct,2,2,0,0,0
754,1659,2024-05-02,organic_search,1,5,0,0,0
754,1659,2024-05-02,google_ads,2,5,0,0,12
754,1659,2024-05-02,direct,3,5,0,0,0
754,1659,2024-05-02,direct,4,5,0,0,0
754,1659,2024-05-02,facebook_ads,5,5,0,0,8
755,1239,2024-02-12,organic_search,1,3,1,49,0
755,1239,2024-02-12,direct,2,3,1,49,0
755,1239,2024-02-12,organic_search,3,3,1,49,0
756,243,2024-05-06,facebook_ads,1,5,0,0,8
756,243,2024-05-06,referral,2,5,0,0,5
756,243,2024-05-06,google_ads,3,5,0,0,12
756,243,2024-05-06,direct,4,5,0,0,0
756,243,2024-05-06,facebook_ads,5,5,0,0,8
757,1386,2024-06-22,email,1,5,0,0,1
757,1386,2024-06-22,referral,2,5,0,0,5
757,1386,2024-06-22,google_ads,3,5,0,0,12
757,1386,2024-06-22,facebook_ads,4,5,0,0,8
757,1386,2024-06-22,google_ads,5,5,0,0,12
758,449,2024-01-01,organic_search,1,2,0,0,0
758,449,2024-01-01,referral,2,2,0,0,5
759,1754,2024-08-07,direct,1,1,0,0,0
760,93,2024-05-23,email,1,2,0,0,1
760,93,2024-05-23,facebook_ads,2,2,0,0,8
761,911,2024-09-10,facebook_ads,1,5,0,0,8
761,911,2024-09-10,email,2,5,0,0,1
761,911,2024-09-10,email,3,5,0,0,1
761,911,2024-09-10,organic_search,4,5,0,0,0
761,911,2024-09-10,email,5,5,0,0,1
762,1858,2024-09-14,referral,1,1,0,0,5
763,1615,2024-02-24,organic_search,1,5,0,0,0
763,1615,2024-02-24,facebook_ads,2,5,0,0,8
763,1615,2024-02-24,email,3,5,0,0,1
763,1615,2024-02-24,google_ads,4,5,0,0,12
763,1615,2024-02-24,direct,5,5,0,0,0
764,1216,2024-09-21,email,1,6,0,0,1
764,1216,2024-09-21,referral,2,6,0,0,5
764,1216,2024-09-21,facebook_ads,3,6,0,0,8
764,1216,2024-09-21,facebook_ads,4,6,0,0,8
764,1216,2024-09-21,organic_search,5,6,0,0,0
764,1216,2024-09-21,email,6,6,0,0,1
765,1493,2024-05-15,google_ads,1,2,1,49,12
765,1493,2024-05-15,facebook_ads,2,2,1,49,8
766,236,2024-09-24,organic_search,1,5,0,0,0
766,236,2024-09-24,referral,2,5,0,0,5
766,236,2024-09-24,organic_search,3,5,0,0,0
766,236,2024-09-24,direct,4,5,0,0,0
766,236,2024-09-24,organic_search,5,5,0,0,0
767,468,2024-07-03,direct,1,3,1,299,0
767,468,2024-07-03,facebook_ads,2,3,1,299,8
767,468,2024-07-03,email,3,3,1,299,1
768,1936,2024-02-10,email,1,1,1,499,1
769,950,2024-09-19,direct,1,3,1,49,0
769,950,2024-09-19,facebook_ads,2,3,1,49,8
769,950,2024-09-19,facebook_ads,3,3,1,49,8
770,1538,2024-03-04,google_ads,1,5,0,0,12
770,1538,2024-03-04,facebook_ads,2,5,0,0,8
770,1538,2024-03-04,facebook_ads,3,5,0,0,8
770,1538,2024-03-04,referral,4,5,0,0,5
770,1538,2024-03-04,facebook_ads,5,5,0,0,8
771,1989,2024-05-23,google_ads,1,4,0,0,12
771,1989,2024-05-23,email,2,4,0,0,1
771,1989,2024-05-23,direct,3,4,0,0,0
771,1989,2024-05-23,facebook_ads,4,4,0,0,8
772,1850,2024-04-05,facebook_ads,1,4,0,0,8
772,1850,2024-04-05,referral,2,4,0,0,5
772,1850,2024-04-05,organic_search,3,4,0,0,0
772,1850,2024-04-05,direct,4,4,0,0,0
773,1003,2024-08-31,organic_search,1,1,0,0,0
774,728,2024-04-05,email,1,4,1,499,1
774,728,2024-04-05,organic_search,2,4,1,499,0
774,728,2024-04-05,email,3,4,1,499,1
774,728,2024-04-05,referral,4,4,1,499,5
775,1423,2024-01-27,referral,1,5,0,0,5
775,1423,2024-01-27,organic_search,2,5,0,0,0
775,1423,2024-01-27,google_ads,3,5,0,0,12
775,1423,2024-01-27,organic_search,4,5,0,0,0
775,1423,2024-01-27,organic_search,5,5,0,0,0
776,168,2024-08-05,google_ads,1,6,0,0,12
776,168,2024-08-05,email,2,6,0,0,1
776,168,2024-08-05,facebook_ads,3,6,0,0,8
776,168,2024-08-05,facebook_ads,4,6,0,0,8
776,168,2024-08-05,referral,5,6,0,0,5
776,168,2024-08-05,direct,6,6,0,0,0
777,364,2024-09-13,organic_search,1,1,0,0,0
778,1602,2024-01-31,facebook_ads,1,4,1,299,8
778,1602,2024-01-31,organic_search,2,4,1,299,0
778,1602,2024-01-31,direct,3,4,1,299,0
778,1602,2024-01-31,email,4,4,1,299,1
779,989,2024-04-20,referral,1,5,0,0,5
779,989,2024-04-20,google_ads,2,5,0,0,12
779,989,2024-04-20,google_ads,3,5,0,0,12
779,989,2024-04-20,direct,4,5,0,0,0
779,989,2024-04-20,email,5,5,0,0,1
780,178,2024-07-07,referral,1,1,1,99,5
781,887,2024-08-26,facebook_ads,1,3,0,0,8
781,887,2024-08-26,facebook_ads,2,3,0,0,8
781,887,2024-08-26,referral,3,3,0,0,5
782,1206,2024-02-28,google_ads,1,4,1,49,12
782,1206,2024-02-28,direct,2,4,1,49,0
782,1206,2024-02-28,google_ads,3,4,1,49,12
782,1206,2024-02-28,google_ads,4,4,1,49,12
783,1466,2024-08-03,facebook_ads,1,1,0,0,8
784,813,2024-04-19,facebook_ads,1,1,0,0,8
785,1394,2024-02-10,facebook_ads,1,2,0,0,8
785,1394,2024-02-10,google_ads,2,2,0,0,12
786,1377,2024-07-09,referral,1,2,0,0,5
786,1377,2024-07-09,email,2,2,0,0,1
787,1927,2024-01-31,facebook_ads,1,2,0,0,8
787,1927,2024-01-31,organic_search,2,2,0,0,0
788,807,2024-08-01,organic_search,1,1,0,0,0
789,196,2024-02-21,google_ads,1,6,0,0,12
789,196,2024-02-21,facebook_ads,2,6,0,0,8
789,196,2024-02-21,direct,3,6,0,0,0
789,196,2024-02-21,email,4,6,0,0,1
789,196,2024-02-21,direct,5,6,0,0,0
789,196,2024-02-21,email,6,6,0,0,1
790,427,2024-02-23,facebook_ads,1,2,1,99,8
790,427,2024-02-23,organic_search,2,2,1,99,0
791,492,2024-09-08,organic_search,1,6,1,299,0
791,492,2024-09-08,direct,2,6,1,299,0
791,492,2024-09-08,direct,3,6,1,299,0
791,492,2024-09-08,referral,4,6,1,299,5
791,492,2024-09-08,referral,5,6,1,299,5
791,492,2024-09-08,direct,6,6,1,299,0
792,1220,2024-09-16,email,1,3,0,0,1
792,1220,2024-09-16,google_ads,2,3,0,0,12
792,1220,2024-09-16,google_ads,3,3,0,0,12
793,1219,2024-07-07,organic_search,1,6,1,49,0
793,1219,2024-07-07,google_ads,2,6,1,49,12
793,1219,2024-07-07,organic_search,3,6,1,49,0
793,1219,2024-07-07,facebook_ads,4,6,1,49,8
793,1219,2024-07-07,email,5,6,1,49,1
793,1219,2024-07-07,referral,6,6,1,49,5
794,104,2024-08-17,google_ads,1,5,0,0,12
794,104,2024-08-17,direct,2,5,0,0,0
794,104,2024-08-17,organic_search,3,5,0,0,0
794,104,2024-08-17,referral,4,5,0,0,5
794,104,2024-08-17,google_ads,5,5,0,0,12
795,471,2024-01-16,referral,1,4,0,0,5
795,471,2024-01-16,facebook_ads,2,4,0,0,8
795,471,2024-01-16,email,3,4,0,0,1
795,471,2024-01-16,email,4,4,0,0,1
796,918,2024-06-05,direct,1,2,0,0,0
796,918,2024-06-05,facebook_ads,2,2,0,0,8
797,1149,2024-04-25,referral,1,4,0,0,5
797,1149,2024-04-25,email,2,4,0,0,1
797,1149,2024-04-25,facebook_ads,3,4,0,0,8
797,1149,2024-04-25,google_ads,4,4,0,0,12
798,868,2024-08-07,email,1,5,0,0,1
798,868,2024-08-07,email,2,5,0,0,1
798,868,2024-08-07,organic_search,3,5,0,0,0
798,868,2024-08-07,organic_search,4,5,0,0,0
798,868,2024-08-07,google_ads,5,5,0,0,12
799,1492,2024-02-14,referral,1,3,1,299,5
799,1492,2024-02-14,google_ads,2,3,1,299,12
799,1492,2024-02-14,referral,3,3,1,299,5
800,1124,2024-08-07,google_ads,1,1,1,149,12
801,1728,2024-07-23,email,1,3,0,0,1
801,1728,2024-07-23,organic_search,2,3,0,0,0
801,1728,2024-07-23,organic_search,3,3,0,0,0
802,834,2024-03-19,google_ads,1,3,0,0,12
802,834,2024-03-19,organic_search,2,3,0,0,0
802,834,2024-03-19,facebook_ads,3,3,0,0,8
803,1471,2024-03-27,referral,1,1,1,49,5
804,494,2024-01-18,organic_search,1,3,1,99,0
804,494,2024-01-18,referral,2,3,1,99,5
804,494,2024-01-18,referral,3,3,1,99,5
805,1455,2024-08-12,facebook_ads,1,6,0,0,8
805,1455,2024-08-12,google_ads,2,6,0,0,12
805,1455,2024-08-12,organic_search,3,6,0,0,0
805,1455,2024-08-12,organic_search,4,6,0,0,0
805,1455,2024-08-12,referral,5,6,0,0,5
805,1455,2024-08-12,direct,6,6,0,0,0
806,1085,2024-05-13,organic_search,1,1,0,0,0
807,1387,2024-04-26,facebook_ads,1,3,1,49,8
807,1387,2024-04-26,organic_search,2,3,1,49,0
807,1387,2024-04-26,organic_search,3,3,1,49,0
808,1883,2024-06-25,email,1,1,0,0,1
809,1858,2024-05-05,direct,1,3,0,0,0
809,1858,2024-05-05,google_ads,2,3,0,0,12
809,1858,2024-05-05,facebook_ads,3,3,0,0,8
810,1105,2024-08-21,google_ads,1,5,0,0,12
810,1105,2024-08-21,referral,2,5,0,0,5
810,1105,2024-08-21,direct,3,5,0,0,0
810,1105,2024-08-21,referral,4,5,0,0,5
810,1105,2024-08-21,organic_search,5,5,0,0,0
811,46,2024-07-17,direct,1,2,0,0,0
811,46,2024-07-17,facebook_ads,2,2,0,0,8
812,742,2024-09-08,referral,1,2,0,0,5
812,742,2024-09-08,google_ads,2,2,0,0,12
813,698,2024-03-08,referral,1,3,0,0,5
813,698,2024-03-08,direct,2,3,0,0,0
813,698,2024-03-08,email,3,3,0,0,1
814,1680,2024-08-12,referral,1,3,0,0,5
814,1680,2024-08-12,direct,2,3,0,0,0
814,1680,2024-08-12,email,3,3,0,0,1
815,147,2024-07-01,google_ads,1,2,0,0,12
815,147,2024-07-01,direct,2,2,0,0,0
816,1213,2024-05-18,organic_search,1,1,0,0,0
817,782,2024-03-11,google_ads,1,2,0,0,12
817,782,2024-03-11,facebook_ads,2,2,0,0,8
818,268,2024-03-26,email,1,2,0,0,1
818,268,2024-03-26,email,2,2,0,0,1
819,158,2024-07-05,direct,1,5,0,0,0
819,158,2024-07-05,facebook_ads,2,5,0,0,8
819,158,2024-07-05,direct,3,5,0,0,0
819,158,2024-07-05,google_ads,4,5,0,0,12
819,158,2024-07-05,organic_search,5,5,0,0,0
820,1256,2024-02-05,direct,1,3,0,0,0
820,1256,2024-02-05,direct,2,3,0,0,0
820,1256,2024-02-05,google_ads,3,3,0,0,12
821,1594,2024-06-21,referral,1,3,0,0,5
821,1594,2024-06-21,organic_search,2,3,0,0,0
821,1594,2024-06-21,referral,3,3,0,0,5
822,394,2024-08-01,organic_search,1,4,0,0,0
822,394,2024-08-01,direct,2,4,0,0,0
822,394,2024-08-01,referral,3,4,0,0,5
822,394,2024-08-01,facebook_ads,4,4,0,0,8
823,343,2024-07-24,google_ads,1,5,1,299,12
823,343,2024-07-24,facebook_ads,2,5,1,299,8
823,343,2024-07-24,email,3,5,1,299,1
823,343,2024-07-24,google_ads,4,5,1,299,12
823,343,2024-07-24,google_ads,5,5,1,299,12
824,757,2024-07-29,organic_search,1,3,0,0,0
824,757,2024-07-29,facebook_ads,2,3,0,0,8
824,757,2024-07-29,facebook_ads,3,3,0,0,8
825,1652,2024-07-14,organic_search,1,5,0,0,0
825,1652,2024-07-14,organic_search,2,5,0,0,0
825,1652,2024-07-14,referral,3,5,0,0,5
825,1652,2024-07-14,google_ads,4,5,0,0,12
825,1652,2024-07-14,referral,5,5,0,0,5
826,1664,2024-02-08,google_ads,1,2,0,0,12
826,1664,2024-02-08,referral,2,2,0,0,5
827,1596,2024-05-29,referral,1,1,0,0,5
828,1104,2024-08-08,facebook_ads,1,5,0,0,8
828,1104,2024-08-08,facebook_ads,2,5,0,0,8
828,1104,2024-08-08,facebook_ads,3,5,0,0,8
828,1104,2024-08-08,referral,4,5,0,0,5
828,1104,2024-08-08,organic_search,5,5,0,0,0
829,1156,2024-08-02,organic_search,1,4,0,0,0
829,1156,2024-08-02,email,2,4,0,0,1
829,1156,2024-08-02,facebook_ads,3,4,0,0,8
829,1156,2024-08-02,facebook_ads,4,4,0,0,8
830,761,2024-03-12,email,1,4,0,0,1
830,761,2024-03-12,referral,2,4,0,0,5
830,761,2024-03-12,email,3,4,0,0,1
830,761,2024-03-12,email,4,4,0,0,1
831,496,2024-03-07,direct,1,3,0,0,0
831,496,2024-03-07,referral,2,3,0,0,5
831,496,2024-03-07,google_ads,3,3,0,0,12
832,909,2024-06-18,direct,1,2,0,0,0
832,909,2024-06-18,email,2,2,0,0,1
833,76,2024-03-02,organic_search,1,5,1,99,0
833,76,2024-03-02,email,2,5,1,99,1
833,76,2024-03-02,referral,3,5,1,99,5
833,76,2024-03-02,facebook_ads,4,5,1,99,8
833,76,2024-03-02,organic_search,5,5,1,99,0
834,1397,2024-02-02,facebook_ads,1,4,0,0,8
834,1397,2024-02-02,google_ads,2,4,0,0,12
834,1397,2024-02-02,organic_search,3,4,0,0,0
834,1397,2024-02-02,google_ads,4,4,0,0,12
835,688,2024-06-12,email,1,6,1,99,1
835,688,2024-06-12,organic_search,2,6,1,99,0
835,688,2024-06-12,email,3,6,1,99,1
835,688,2024-06-12,organic_search,4,6,1,99,0
835,688,2024-06-12,facebook_ads,5,6,1,99,8
835,688,2024-06-12,google_ads,6,6,1,99,12
836,1813,2024-02-24,referral,1,4,0,0,5
836,1813,2024-02-24,organic_search,2,4,0,0,0
836,1813,2024-02-24,organic_search,3,4,0,0,0
836,1813,2024-02-24,email,4,4,0,0,1
837,1710,2024-08-29,google_ads,1,5,0,0,12
837,1710,2024-08-29,organic_search,2,5,0,0,0
837,1710,2024-08-29,google_ads,3,5,0,0,12
837,1710,2024-08-29,direct,4,5,0,0,0
837,1710,2024-08-29,organic_search,5,5,0,0,0
838,1458,2024-03-11,organic_search,1,4,0,0,0
838,1458,2024-03-11,organic_search,2,4,0,0,0
838,1458,2024-03-11,facebook_ads,3,4,0,0,8
838,1458,2024-03-11,google_ads,4,4,0,0,12
839,648,2024-09-18,referral,1,3,0,0,5
839,648,2024-09-18,direct,2,3,0,0,0
839,648,2024-09-18,email,3,3,0,0,1
840,1120,2024-05-25,referral,1,4,0,0,5
840,1120,2024-05-25,organic_search,2,4,0,0,0
840,1120,2024-05-25,email,3,4,0,0,1
840,1120,2024-05-25,facebook_ads,4,4,0,0,8
841,1513,2024-03-31,referral,1,6,0,0,5
841,1513,2024-03-31,google_ads,2,6,0,0,12
841,1513,2024-03-31,email,3,6,0,0,1
841,1513,2024-03-31,referral,4,6,0,0,5
841,1513,2024-03-31,google_ads,5,6,0,0,12
841,1513,2024-03-31,email,6,6,0,0,1
842,166,2024-06-04,direct,1,5,0,0,0
842,166,2024-06-04,organic_search,2,5,0,0,0
842,166,2024-06-04,organic_search,3,5,0,0,0
842,166,2024-06-04,facebook_ads,4,5,0,0,8
842,166,2024-06-04,direct,5,5,0,0,0
843,1997,2024-08-09,facebook_ads,1,2,0,0,8
843,1997,2024-08-09,organic_search,2,2,0,0,0
844,171,2024-04-12,organic_search,1,2,0,0,0
844,171,2024-04-12,facebook_ads,2,2,0,0,8
845,537,2024-08-27,facebook_ads,1,4,0,0,8
845,537,2024-08-27,facebook_ads,2,4,0,0,8
845,537,2024-08-27,email,3,4,0,0,1
845,537,2024-08-27,organic_search,4,4,0,0,0
846,607,2024-07-05,organic_search,1,4,0,0,0
846,607,2024-07-05,facebook_ads,2,4,0,0,8
846,607,2024-07-05,direct,3,4,0,0,0
846,607,2024-07-05,email,4,4,0,0,1
847,1123,2024-03-19,email,1,2,0,0,1
847,1123,2024-03-19,email,2,2,0,0,1
848,1415,2024-06-10,referral,1,6,0,0,5
848,1415,2024-06-10,email,2,6,0,0,1
848,1415,2024-06-10,direct,3,6,0,0,0
848,1415,2024-06-10,facebook_ads,4,6,0,0,8
848,1415,2024-06-10,referral,5,6,0,0,5
848,1415,2024-06-10,direct,6,6,0,0,0
849,22,2024-03-25,organic_search,1,3,0,0,0
849,22,2024-03-25,email,2,3,0,0,1
849,22,2024-03-25,email,3,3,0,0,1
850,39,2024-03-02,email,1,5,0,0,1
850,39,2024-03-02,direct,2,5,0,0,0
850,39,2024-03-02,referral,3,5,0,0,5
850,39,2024-03-02,facebook_ads,4,5,0,0,8
850,39,2024-03-02,direct,5,5,0,0,0
851,1430,2024-09-03,organic_search,1,1,0,0,0
852,1122,2024-04-06,email,1,3,0,0,1
852,1122,2024-04-06,facebook_ads,2,3,0,0,8
852,1122,2024-04-06,organic_search,3,3,0,0,0
853,1156,2024-03-10,direct,1,6,0,0,0
853,1156,2024-03-10,organic_search,2,6,0,0,0
853,1156,2024-03-10,direct,3,6,0,0,0
853,1156,2024-03-10,google_ads,4,6,0,0,12
853,1156,2024-03-10,direct,5,6,0,0,0
853,1156,2024-03-10,organic_search,6,6,0,0,0
854,1311,2024-06-08,referral,1,1,1,499,5
855,679,2024-08-31,direct,1,5,0,0,0
855,679,2024-08-31,google_ads,2,5,0,0,12
855,679,2024-08-31,organic_search,3,5,0,0,0
855,679,2024-08-31,direct,4,5,0,0,0
855,679,2024-08-31,referral,5,5,0,0,5
856,487,2024-09-01,referral,1,2,1,299,5
856,487,2024-09-01,organic_search,2,2,1,299,0
857,1462,2024-04-19,email,1,5,0,0,1
857,1462,2024-04-19,referral,2,5,0,0,5
857,1462,2024-04-19,facebook_ads,3,5,0,0,8
857,1462,2024-04-19,organic_search,4,5,0,0,0
857,1462,2024-04-19,facebook_ads,5,5,0,0,8
858,1836,2024-02-21,referral,1,2,0,0,5
858,1836,2024-02-21,organic_search,2,2,0,0,0
859,185,2024-04-16,google_ads,1,2,0,0,12
859,185,2024-04-16,organic_search,2,2,0,0,0
860,984,2024-09-26,organic_search,1,4,0,0,0
860,984,2024-09-26,referral,2,4,0,0,5
860,984,2024-09-26,google_ads,3,4,0,0,12
860,984,2024-09-26,organic_search,4,4,0,0,0
861,1585,2024-06-08,referral,1,2,0,0,5
861,1585,2024-06-08,email,2,2,0,0,1
862,930,2024-05-20,email,1,2,1,499,1
862,930,2024-05-20,direct,2,2,1,499,0
863,1522,2024-01-30,facebook_ads,1,2,0,0,8
863,1522,2024-01-30,referral,2,2,0,0,5
864,1194,2024-08-06,organic_search,1,5,0,0,0
864,1194,2024-08-06,organic_search,2,5,0,0,0
864,1194,2024-08-06,google_ads,3,5,0,0,12
864,1194,2024-08-06,google_ads,4,5,0,0,12
864,1194,2024-08-06,email,5,5,0,0,1
865,712,2024-01-19,organic_search,1,5,0,0,0
865,712,2024-01-19,direct,2,5,0,0,0
865,712,2024-01-19,google_ads,3,5,0,0,12
865,712,2024-01-19,email,4,5,0,0,1
865,712,2024-01-19,facebook_ads,5,5,0,0,8
866,491,2024-07-13,organic_search,1,2,1,49,0
866,491,2024-07-13,direct,2,2,1,49,0
867,1615,2024-05-19,facebook_ads,1,3,0,0,8
867,1615,2024-05-19,organic_search,2,3,0,0,0
867,1615,2024-05-19,email,3,3,0,0,1
868,1755,2024-08-03,organic_search,1,1,0,0,0
869,1952,2024-04-03,organic_search,1,3,0,0,0
869,1952,2024-04-03,facebook_ads,2,3,0,0,8
869,1952,2024-04-03,organic_search,3,3,0,0,0
870,1015,2024-04-17,organic_search,1,4,0,0,0
870,1015,2024-04-17,direct,2,4,0,0,0
870,1015,2024-04-17,referral,3,4,0,0,5
870,1015,2024-04-17,direct,4,4,0,0,0
871,1848,2024-07-30,organic_search,1,3,0,0,0
871,1848,2024-07-30,organic_search,2,3,0,0,0
871,1848,2024-07-30,direct,3,3,0,0,0
872,1378,2024-03-07,google_ads,1,1,0,0,12
873,967,2024-01-10,organic_search,1,1,0,0,0
874,1238,2024-03-15,facebook_ads,1,1,0,0,8
875,899,2024-08-09,google_ads,1,2,1,149,12
875,899,2024-08-09,facebook_ads,2,2,1,149,8
876,1414,2024-03-02,facebook_ads,1,4,1,49,8
876,1414,2024-03-02,direct,2,4,1,49,0
876,1414,2024-03-02,facebook_ads,3,4,1,49,8
876,1414,2024-03-02,direct,4,4,1,49,0
877,1278,2024-09-17,referral,1,2,0,0,5
877,1278,2024-09-17,google_ads,2,2,0,0,12
878,469,2024-05-04,direct,1,1,0,0,0
879,961,2024-04-05,referral,1,2,0,0,5
879,961,2024-04-05,facebook_ads,2,2,0,0,8
880,672,2024-08-26,email,1,3,1,299,1
880,672,2024-08-26,organic_search,2,3,1,299,0
880,672,2024-08-26,email,3,3,1,299,1
881,549,2024-05-30,organic_search,1,5,0,0,0
881,549,2024-05-30,organic_search,2,5,0,0,0
881,549,2024-05-30,facebook_ads,3,5,0,0,8
881,549,2024-05-30,direct,4,5,0,0,0
881,549,2024-05-30,facebook_ads,5,5,0,0,8
882,238,2024-04-04,organic_search,1,2,0,0,0
882,238,2024-04-04,google_ads,2,2,0,0,12
883,1312,2024-06-10,google_ads,1,6,1,499,12
883,1312,2024-06-10,facebook_ads,2,6,1,499,8
883,1312,2024-06-10,email,3,6,1,499,1
883,1312,2024-06-10,email,4,6,1,499,1
883,1312,2024-06-10,direct,5,6,1,499,0
883,1312,2024-06-10,referral,6,6,1,499,5
884,882,2024-03-16,email,1,6,0,0,1
884,882,2024-03-16,google_ads,2,6,0,0,12
884,882,2024-03-16,direct,3,6,0,0,0
884,882,2024-03-16,facebook_ads,4,6,0,0,8
884,882,2024-03-16,direct,5,6,0,0,0
884,882,2024-03-16,google_ads,6,6,0,0,12
885,829,2024-08-26,organic_search,1,5,1,299,0
885,829,2024-08-26,direct,2,5,1,299,0
885,829,2024-08-26,email,3,5,1,299,1
885,829,2024-08-26,google_ads,4,5,1,299,12
885,829,2024-08-26,direct,5,5,1,299,0
886,1606,2024-07-24,google_ads,1,2,0,0,12
886,1606,2024-07-24,direct,2,2,0,0,0
887,333,2024-07-26,direct,1,4,1,49,0
887,333,2024-07-26,facebook_ads,2,4,1,49,8
887,333,2024-07-26,organic_search,3,4,1,49,0
887,333,2024-07-26,referral,4,4,1,49,5
888,202,2024-08-11,google_ads,1,2,0,0,12
888,202,2024-08-11,google_ads,2,2,0,0,12
889,1388,2024-05-29,direct,1,1,0,0,0
890,1688,2024-04-08,facebook_ads,1,4,0,0,8
890,1688,2024-04-08,google_ads,2,4,0,0,12
890,1688,2024-04-08,google_ads,3,4,0,0,12
890,1688,2024-04-08,google_ads,4,4,0,0,12
891,866,2024-04-25,google_ads,1,2,0,0,12
891,866,2024-04-25,email,2,2,0,0,1
892,1236,2024-02-25,direct,1,2,0,0,0
892,1236,2024-02-25,google_ads,2,2,0,0,12
893,1529,2024-02-24,referral,1,5,0,0,5
893,1529,2024-02-24,organic_search,2,5,0,0,0
893,1529,2024-02-24,direct,3,5,0,0,0
893,1529,2024-02-24,organic_search,4,5,0,0,0
893,1529,2024-02-24,direct,5,5,0,0,0
894,134,2024-04-09,referral,1,1,0,0,5
895,1793,2024-05-28,direct,1,5,0,0,0
895,1793,2024-05-28,facebook_ads,2,5,0,0,8
895,1793,2024-05-28,organic_search,3,5,0,0,0
895,1793,2024-05-28,google_ads,4,5,0,0,12
895,1793,2024-05-28,facebook_ads,5,5,0,0,8
896,895,2024-08-17,organic_search,1,3,0,0,0
896,895,2024-08-17,organic_search,2,3,0,0,0
896,895,2024-08-17,direct,3,3,0,0,0
897,1511,2024-02-26,email,1,5,0,0,1
897,1511,2024-02-26,facebook_ads,2,5,0,0,8
897,1511,2024-02-26,facebook_ads,3,5,0,0,8
897,1511,2024-02-26,google_ads,4,5,0,0,12
897,1511,2024-02-26,facebook_ads,5,5,0,0,8
898,1692,2024-04-13,direct,1,1,0,0,0
899,1516,2024-05-18,facebook_ads,1,3,0,0,8
899,1516,2024-05-18,facebook_ads,2,3,0,0,8
899,1516,2024-05-18,facebook_ads,3,3,0,0,8
900,1957,2024-08-27,facebook_ads,1,6,0,0,8
900,1957,2024-08-27,google_ads,2,6,0,0,12
900,1957,2024-08-27,email,3,6,0,0,1
900,1957,2024-08-27,email,4,6,0,0,1
900,1957,2024-08-27,direct,5,6,0,0,0
900,1957,2024-08-27,google_ads,6,6,0,0,12
901,533,2024-01-02,google_ads,1,2,0,0,12
901,533,2024-01-02,direct,2,2,0,0,0
902,1268,2024-02-25,direct,1,4,0,0,0
902,1268,2024-02-25,facebook_ads,2,4,0,0,8
902,1268,2024-02-25,facebook_ads,3,4,0,0,8
902,1268,2024-02-25,google_ads,4,4,0,0,12
903,659,2024-03-09,organic_search,1,3,0,0,0
903,659,2024-03-09,referral,2,3,0,0,5
903,659,2024-03-09,organic_search,3,3,0,0,0
904,63,2024-03-01,referral,1,2,0,0,5
904,63,2024-03-01,referral,2,2,0,0,5
905,1593,2024-06-05,direct,1,3,0,0,0
905,1593,2024-06-05,email,2,3,0,0,1
905,1593,2024-06-05,google_ads,3,3,0,0,12
906,1261,2024-06-30,google_ads,1,1,0,0,12
907,1690,2024-05-09,google_ads,1,6,0,0,12
907,1690,2024-05-09,email,2,6,0,0,1
907,1690,2024-05-09,facebook_ads,3,6,0,0,8
907,1690,2024-05-09,email,4,6,0,0,1
907,1690,2024-05-09,facebook_ads,5,6,0,0,8
907,1690,2024-05-09,organic_search,6,6,0,0,0
908,872,2024-04-18,google_ads,1,4,1,299,12
908,872,2024-04-18,organic_search,2,4,1,299,0
908,872,2024-04-18,facebook_ads,3,4,1,299,8
908,872,2024-04-18,organic_search,4,4,1,299,0
909,119,2024-01-20,direct,1,5,0,0,0
909,119,2024-01-20,referral,2,5,0,0,5
909,119,2024-01-20,organic_search,3,5,0,0,0
909,119,2024-01-20,referral,4,5,0,0,5
909,119,2024-01-20,referral,5,5,0,0,5
910,1717,2024-01-22,organic_search,1,6,0,0,0
910,1717,2024-01-22,direct,2,6,0,0,0
910,1717,2024-01-22,organic_search,3,6,0,0,0
910,1717,2024-01-22,email,4,6,0,0,1
910,1717,2024-01-22,organic_search,5,6,0,0,0
910,1717,2024-01-22,direct,6,6,0,0,0
911,1086,2024-02-15,google_ads,1,1,0,0,12
912,1519,2024-08-08,direct,1,3,0,0,0
912,1519,2024-08-08,facebook_ads,2,3,0,0,8
912,1519,2024-08-08,direct,3,3,0,0,0
913,612,2024-04-10,organic_search,1,3,0,0,0
913,612,2024-04-10,email,2,3,0,0,1
913,612,2024-04-10,referral,3,3,0,0,5
914,1157,2024-07-09,direct,1,3,0,0,0
914,1157,2024-07-09,organic_search,2,3,0,0,0
914,1157,2024-07-09,facebook_ads,3,3,0,0,8
915,1515,2024-03-06,referral,1,5,0,0,5
915,1515,2024-03-06,facebook_ads,2,5,0,0,8
915,1515,2024-03-06,direct,3,5,0,0,0
915,1515,2024-03-06,referral,4,5,0,0,5
915,1515,2024-03-06,facebook_ads,5,5,0,0,8
916,628,2024-03-15,google_ads,1,5,0,0,12
916,628,2024-03-15,referral,2,5,0,0,5
916,628,2024-03-15,email,3,5,0,0,1
916,628,2024-03-15,google_ads,4,5,0,0,12
916,628,2024-03-15,direct,5,5,0,0,0
917,884,2024-02-15,google_ads,1,6,0,0,12
917,884,2024-02-15,facebook_ads,2,6,0,0,8
917,884,2024-02-15,organic_search,3,6,0,0,0
917,884,2024-02-15,google_ads,4,6,0,0,12
917,884,2024-02-15,referral,5,6,0,0,5
917,884,2024-02-15,referral,6,6,0,0,5
918,1169,2024-07-25,facebook_ads,1,2,0,0,8
918,1169,2024-07-25,google_ads,2,2,0,0,12
919,100,2024-07-17,facebook_ads,1,5,0,0,8
919,100,2024-07-17,direct,2,5,0,0,0
919,100,2024-07-17,referral,3,5,0,0,5
919,100,2024-07-17,facebook_ads,4,5,0,0,8
919,100,2024-07-17,facebook_ads,5,5,0,0,8
920,1979,2024-03-28,direct,1,3,0,0,0
920,1979,2024-03-28,organic_search,2,3,0,0,0
920,1979,2024-03-28,referral,3,3,0,0,5
921,841,2024-06-05,referral,1,5,0,0,5
921,841,2024-06-05,google_ads,2,5,0,0,12
921,841,2024-06-05,facebook_ads,3,5,0,0,8
921,841,2024-06-05,google_ads,4,5,0,0,12
921,841,2024-06-05,direct,5,5,0,0,0
922,2000,2024-07-31,direct,1,1,0,0,0
923,409,2024-09-22,email,1,1,0,0,1
924,960,2024-09-11,referral,1,5,0,0,5
924,960,2024-09-11,google_ads,2,5,0,0,12
924,960,2024-09-11,email,3,5,0,0,1
924,960,2024-09-11,email,4,5,0,0,1
924,960,2024-09-11,facebook_ads,5,5,0,0,8
925,1354,2024-01-10,organic_search,1,2,0,0,0
925,1354,2024-01-10,facebook_ads,2,2,0,0,8
926,276,2024-04-21,direct,1,2,0,0,0
926,276,2024-04-21,referral,2,2,0,0,5
927,1267,2024-04-03,direct,1,5,0,0,0
927,1267,2024-04-03,direct,2,5,0,0,0
927,1267,2024-04-03,direct,3,5,0,0,0
927,1267,2024-04-03,email,4,5,0,0,1
927,1267,2024-04-03,direct,5,5,0,0,0
928,1108,2024-06-01,facebook_ads,1,2,1,49,8
928,1108,2024-06-01,organic_search,2,2,1,49,0
929,88,2024-06-10,facebook_ads,1,6,1,499,8
929,88,2024-06-10,email,2,6,1,499,1
929,88,2024-06-10,organic_search,3,6,1,499,0
929,88,2024-06-10,google_ads,4,6,1,499,12
929,88,2024-06-10,organic_search,5,6,1,499,0
929,88,2024-06-10,referral,6,6,1,499,5
930,783,2024-05-03,organic_search,1,6,1,49,0
930,783,2024-05-03,facebook_ads,2,6,1,49,8
930,783,2024-05-03,direct,3,6,1,49,0
930,783,2024-05-03,facebook_ads,4,6,1,49,8
930,783,2024-05-03,direct,5,6,1,49,0
930,783,2024-05-03,organic_search,6,6,1,49,0
931,1643,2024-06-17,google_ads,1,2,0,0,12
931,1643,2024-06-17,email,2,2,0,0,1
932,1164,2024-03-31,email,1,1,0,0,1
933,1369,2024-01-20,direct,1,5,0,0,0
933,1369,2024-01-20,organic_search,2,5,0,0,0
933,1369,2024-01-20,facebook_ads,3,5,0,0,8
933,1369,2024-01-20,email,4,5,0,0,1
933,1369,2024-01-20,organic_search,5,5,0,0,0
934,935,2024-06-08,direct,1,2,0,0,0
934,935,2024-06-08,referral,2,2,0,0,5
935,1614,2024-06-25,referral,1,1,1,149,5
936,227,2024-07-21,organic_search,1,5,0,0,0
936,227,2024-07-21,organic_search,2,5,0,0,0
936,227,2024-07-21,referral,3,5,0,0,5
936,227,2024-07-21,google_ads,4,5,0,0,12
936,227,2024-07-21,facebook_ads,5,5,0,0,8
937,1219,2024-06-25,direct,1,3,0,0,0
937,1219,2024-06-25,email,2,3,0,0,1
937,1219,2024-06-25,google_ads,3,3,0,0,12
938,1610,2024-01-14,email,1,2,0,0,1
938,1610,2024-01-14,email,2,2,0,0,1
939,551,2024-01-26,organic_search,1,2,0,0,0
939,551,2024-01-26,google_ads,2,2,0,0,12
940,1009,2024-06-17,direct,1,5,0,0,0
940,1009,2024-06-17,referral,2,5,0,0,5
940,1009,2024-06-17,google_ads,3,5,0,0,12
940,1009,2024-06-17,referral,4,5,0,0,5
940,1009,2024-06-17,email,5,5,0,0,1
941,60,2024-01-04,direct,1,4,0,0,0
941,60,2024-01-04,direct,2,4,0,0,0
941,60,2024-01-04,google_ads,3,4,0,0,12
941,60,2024-01-04,direct,4,4,0,0,0
942,1029,2024-05-17,google_ads,1,6,0,0,12
942,1029,2024-05-17,organic_search,2,6,0,0,0
942,1029,2024-05-17,facebook_ads,3,6,0,0,8
942,1029,2024-05-17,referral,4,6,0,0,5
942,1029,2024-05-17,referral,5,6,0,0,5
942,1029,2024-05-17,facebook_ads,6,6,0,0,8
943,210,2024-08-06,google_ads,1,5,1,49,12
943,210,2024-08-06,referral,2,5,1,49,5
943,210,2024-08-06,facebook_ads,3,5,1,49,8
943,210,2024-08-06,referral,4,5,1,49,5
943,210,2024-08-06,referral,5,5,1,49,5
944,1716,2024-07-20,organic_search,1,4,1,149,0
944,1716,2024-07-20,google_ads,2,4,1,149,12
944,1716,2024-07-20,google_ads,3,4,1,149,12
944,1716,2024-07-20,referral,4,4,1,149,5
945,1441,2024-03-18,email,1,1,0,0,1
946,208,2024-06-24,referral,1,1,0,0,5
947,1674,2024-09-04,facebook_ads,1,1,0,0,8
948,1343,2024-03-11,email,1,4,1,49,1
948,1343,2024-03-11,referral,2,4,1,49,5
948,1343,2024-03-11,email,3,4,1,49,1
948,1343,2024-03-11,referral,4,4,1,49,5
949,1364,2024-01-08,organic_search,1,6,1,299,0
949,1364,2024-01-08,referral,2,6,1,299,5
949,1364,2024-01-08,organic_search,3,6,1,299,0
949,1364,2024-01-08,referral,4,6,1,299,5
949,1364,2024-01-08,email,5,6,1,299,1
949,1364,2024-01-08,referral,6,6,1,299,5
950,1844,2024-08-25,referral,1,4,0,0,5
950,1844,2024-08-25,referral,2,4,0,0,5
950,1844,2024-08-25,facebook_ads,3,4,0,0,8
950,1844,2024-08-25,organic_search,4,4,0,0,0
951,1980,2024-04-04,organic_search,1,1,0,0,0
952,986,2024-02-29,direct,1,6,0,0,0
952,986,2024-02-29,facebook_ads,2,6,0,0,8
952,986,2024-02-29,referral,3,6,0,0,5
952,986,2024-02-29,facebook_ads,4,6,0,0,8
952,986,2024-02-29,google_ads,5,6,0,0,12
952,986,2024-02-29,direct,6,6,0,0,0
953,23,2024-09-12,referral,1,4,0,0,5
953,23,2024-09-12,organic_search,2,4,0,0,0
953,23,2024-09-12,google_ads,3,4,0,0,12
953,23,2024-09-12,organic_search,4,4,0,0,0
954,1329,2024-05-08,google_ads,1,5,0,0,12
954,1329,2024-05-08,google_ads,2,5,0,0,12
954,1329,2024-05-08,google_ads,3,5,0,0,12
954,1329,2024-05-08,referral,4,5,0,0,5
954,1329,2024-05-08,facebook_ads,5,5,0,0,8
955,1717,2024-06-04,email,1,2,0,0,1
955,1717,2024-06-04,direct,2,2,0,0,0
956,1270,2024-05-25,direct,1,5,1,99,0
956,1270,2024-05-25,referral,2,5,1,99,5
956,1270,2024-05-25,google_ads,3,5,1,99,12
956,1270,2024-05-25,organic_search,4,5,1,99,0
956,1270,2024-05-25,facebook_ads,5,5,1,99,8
957,37,2024-08-27,email,1,2,0,0,1
957,37,2024-08-27,facebook_ads,2,2,0,0,8
958,1681,2024-05-04,google_ads,1,5,0,0,12
958,1681,2024-05-04,facebook_ads,2,5,0,0,8
958,1681,2024-05-04,email,3,5,0,0,1
958,1681,2024-05-04,facebook_ads,4,5,0,0,8
958,1681,2024-05-04,facebook_ads,5,5,0,0,8
959,1582,2024-09-24,facebook_ads,1,1,0,0,8
960,1586,2024-01-13,referral,1,4,0,0,5
960,1586,2024-01-13,facebook_ads,2,4,0,0,8
960,1586,2024-01-13,direct,3,4,0,0,0
960,1586,2024-01-13,organic_search,4,4,0,0,0
961,61,2024-08-20,direct,1,2,1,149,0
961,61,2024-08-20,direct,2,2,1,149,0
962,1768,2024-05-25,organic_search,1,6,0,0,0
962,1768,2024-05-25,google_ads,2,6,0,0,12
962,1768,2024-05-25,google_ads,3,6,0,0,12
962,1768,2024-05-25,facebook_ads,4,6,0,0,8
962,1768,2024-05-25,direct,5,6,0,0,0
962,1768,2024-05-25,facebook_ads,6,6,0,0,8
963,1843,2024-07-15,organic_search,1,2,0,0,0
963,1843,2024-07-15,organic_search,2,2,0,0,0
964,1572,2024-05-17,organic_search,1,6,1,49,0
964,1572,2024-05-17,email,2,6,1,49,1
964,1572,2024-05-17,facebook_ads,3,6,1,49,8
964,1572,2024-05-17,google_ads,4,6,1,49,12
964,1572,2024-05-17,email,5,6,1,49,1
964,1572,2024-05-17,direct,6,6,1,49,0
965,146,2024-05-07,referral,1,3,0,0,5
965,146,2024-05-07,email,2,3,0,0,1
965,146,2024-05-07,organic_search,3,3,0,0,0
966,1541,2024-04-12,organic_search,1,4,0,0,0
966,1541,2024-04-12,facebook_ads,2,4,0,0,8
966,1541,2024-04-12,facebook_ads,3,4,0,0,8
966,1541,2024-04-12,referral,4,4,0,0,5
967,492,2024-05-19,google_ads,1,1,0,0,12
968,419,2024-06-22,google_ads,1,6,0,0,12
968,419,2024-06-22,facebook_ads,2,6,0,0,8
968,419,2024-06-22,referral,3,6,0,0,5
968,419,2024-06-22,direct,4,6,0,0,0
968,419,2024-06-22,referral,5,6,0,0,5
968,419,2024-06-22,facebook_ads,6,6,0,0,8
969,1683,2024-04-10,facebook_ads,1,1,0,0,8
970,1815,2024-05-14,google_ads,1,2,0,0,12
970,1815,2024-05-14,facebook_ads,2,2,0,0,8
971,353,2024-07-29,referral,1,5,0,0,5
971,353,2024-07-29,google_ads,2,5,0,0,12
971,353,2024-07-29,email,3,5,0,0,1
971,353,2024-07-29,email,4,5,0,0,1
971,353,2024-07-29,google_ads,5,5,0,0,12
972,1519,2024-01-01,email,1,6,0,0,1
972,1519,2024-01-01,email,2,6,0,0,1
972,1519,2024-01-01,email,3,6,0,0,1
972,1519,2024-01-01,email,4,6,0,0,1
972,1519,2024-01-01,facebook_ads,5,6,0,0,8
972,1519,2024-01-01,google_ads,6,6,0,0,12
973,1940,2024-03-07,facebook_ads,1,6,0,0,8
973,1940,2024-03-07,email,2,6,0,0,1
973,1940,2024-03-07,facebook_ads,3,6,0,0,8
973,1940,2024-03-07,referral,4,6,0,0,5
973,1940,2024-03-07,facebook_ads,5,6,0,0,8
973,1940,2024-03-07,referral,6,6,0,0,5
974,411,2024-05-31,referral,1,6,0,0,5
974,411,2024-05-31,referral,2,6,0,0,5
974,411,2024-05-31,direct,3,6,0,0,0
974,411,2024-05-31,email,4,6,0,0,1
974,411,2024-05-31,direct,5,6,0,0,0
974,411,2024-05-31,organic_search,6,6,0,0,0
975,775,2024-05-04,direct,1,3,1,149,0
975,775,2024-05-04,google_ads,2,3,1,149,12
975,775,2024-05-04,organic_search,3,3,1,149,0
976,738,2024-03-06,email,1,6,0,0,1
976,738,2024-03-06,referral,2,6,0,0,5
976,738,2024-03-06,referral,3,6,0,0,5
976,738,2024-03-06,organic_search,4,6,0,0,0
976,738,2024-03-06,referral,5,6,0,0,5
976,738,2024-03-06,email,6,6,0,0,1
977,423,2024-03-06,direct,1,3,0,0,0
977,423,2024-03-06,organic_search,2,3,0,0,0
977,423,2024-03-06,google_ads,3,3,0,0,12
978,1567,2024-04-08,google_ads,1,4,0,0,12
978,1567,2024-04-08,email,2,4,0,0,1
978,1567,2024-04-08,email,3,4,0,0,1
978,1567,2024-04-08,facebook_ads,4,4,0,0,8
979,116,2024-04-03,direct,1,3,0,0,0
979,116,2024-04-03,referral,2,3,0,0,5
979,116,2024-04-03,direct,3,3,0,0,0
980,1543,2024-05-18,referral,1,2,0,0,5
980,1543,2024-05-18,email,2,2,0,0,1
981,763,2024-03-28,facebook_ads,1,5,0,0,8
981,763,2024-03-28,direct,2,5,0,0,0
981,763,2024-03-28,email,3,5,0,0,1
981,763,2024-03-28,organic_search,4,5,0,0,0
981,763,2024-03-28,google_ads,5,5,0,0,12
982,1818,2024-06-25,google_ads,1,4,0,0,12
982,1818,2024-06-25,organic_search,2,4,0,0,0
982,1818,2024-06-25,google_ads,3,4,0,0,12
982,1818,2024-06-25,referral,4,4,0,0,5
983,1541,2024-09-21,direct,1,4,0,0,0
983,1541,2024-09-21,direct,2,4,0,0,0
983,1541,2024-09-21,direct,3,4,0,0,0
983,1541,2024-09-21,facebook_ads,4,4,0,0,8
984,555,2024-09-02,referral,1,1,0,0,5
985,606,2024-02-24,organic_search,1,2,0,0,0
985,606,2024-02-24,direct,2,2,0,0,0
986,156,2024-01-11,direct,1,5,0,0,0
986,156,2024-01-11,facebook_ads,2,5,0,0,8
986,156,2024-01-11,email,3,5,0,0,1
986,156,2024-01-11,direct,4,5,0,0,0
986,156,2024-01-11,organic_search,5,5,0,0,0
987,1413,2024-06-23,google_ads,1,3,0,0,12
987,1413,2024-06-23,referral,2,3,0,0,5
987,1413,2024-06-23,google_ads,3,3,0,0,12
988,1406,2024-07-02,google_ads,1,6,0,0,12
988,1406,2024-07-02,referral,2,6,0,0,5
988,1406,2024-07-02,google_ads,3,6,0,0,12
988,1406,2024-07-02,email,4,6,0,0,1
988,1406,2024-07-02,referral,5,6,0,0,5
988,1406,2024-07-02,email,6,6,0,0,1
989,1739,2024-08-30,referral,1,2,0,0,5
989,1739,2024-08-30,referral,2,2,0,0,5
990,503,2024-06-04,direct,1,5,0,0,0
990,503,2024-06-04,email,2,5,0,0,1
990,503,2024-06-04,direct,3,5,0,0,0
990,503,2024-06-04,facebook_ads,4,5,0,0,8
990,503,2024-06-04,facebook_ads,5,5,0,0,8
991,55,2024-08-15,organic_search,1,2,0,0,0
991,55,2024-08-15,organic_search,2,2,0,0,0
992,1643,2024-09-06,referral,1,2,0,0,5
992,1643,2024-09-06,email,2,2,0,0,1
993,1348,2024-07-14,google_ads,1,6,0,0,12
993,1348,2024-07-14,referral,2,6,0,0,5
993,1348,2024-07-14,referral,3,6,0,0,5
993,1348,2024-07-14,google_ads,4,6,0,0,12
993,1348,2024-07-14,referral,5,6,0,0,5
993,1348,2024-07-14,email,6,6,0,0,1
994,1935,2024-03-11,facebook_ads,1,2,1,99,8
994,1935,2024-03-11,organic_search,2,2,1,99,0
995,1299,2024-05-31,referral,1,5,0,0,5
995,1299,2024-05-31,email,2,5,0,0,1
995,1299,2024-05-31,email,3,5,0,0,1
995,1299,2024-05-31,facebook_ads,4,5,0,0,8
995,1299,2024-05-31,referral,5,5,0,0,5
996,1499,2024-05-26,referral,1,4,0,0,5
996,1499,2024-05-26,email,2,4,0,0,1
996,1499,2024-05-26,google_ads,3,4,0,0,12
996,1499,2024-05-26,direct,4,4,0,0,0
997,1473,2024-07-22,email,1,2,1,499,1
997,1473,2024-07-22,email,2,2,1,499,1
998,448,2024-03-11,organic_search,1,5,0,0,0
998,448,2024-03-11,organic_search,2,5,0,0,0
998,448,2024-03-11,google_ads,3,5,0,0,12
998,448,2024-03-11,referral,4,5,0,0,5
998,448,2024-03-11,organic_search,5,5,0,0,0
999,1794,2024-04-30,google_ads,1,6,0,0,12
999,1794,2024-04-30,google_ads,2,6,0,0,12
999,1794,2024-04-30,google_ads,3,6,0,0,12
999,1794,2024-04-30,google_ads,4,6,0,0,12
999,1794,2024-04-30,facebook_ads,5,6,0,0,8
999,1794,2024-04-30,facebook_ads,6,6,0,0,8
1000,1388,2024-06-07,google_ads,1,5,0,0,12
1000,1388,2024-06-07,direct,2,5,0,0,0
1000,1388,2024-06-07,direct,3,5,0,0,0
1000,1388,2024-06-07,organic_search,4,5,0,0,0
1000,1388,2024-06-07,email,5,5,0,0,1
1001,317,2024-04-02,referral,1,6,1,149,5
1001,317,2024-04-02,email,2,6,1,149,1
1001,317,2024-04-02,google_ads,3,6,1,149,12
1001,317,2024-04-02,email,4,6,1,149,1
1001,317,2024-04-02,email,5,6,1,149,1
1001,317,2024-04-02,referral,6,6,1,149,5
1002,158,2024-05-02,facebook_ads,1,1,0,0,8
1003,971,2024-09-23,organic_search,1,3,1,49,0
1003,971,2024-09-23,referral,2,3,1,49,5
1003,971,2024-09-23,direct,3,3,1,49,0
1004,295,2024-04-30,facebook_ads,1,2,0,0,8
1004,295,2024-04-30,direct,2,2,0,0,0
1005,1349,2024-04-20,email,1,1,0,0,1
1006,1909,2024-09-15,organic_search,1,2,0,0,0
1006,1909,2024-09-15,organic_search,2,2,0,0,0
1007,57,2024-06-19,organic_search,1,4,0,0,0
1007,57,2024-06-19,email,2,4,0,0,1
1007,57,2024-06-19,facebook_ads,3,4,0,0,8
1007,57,2024-06-19,google_ads,4,4,0,0,12
1008,981,2024-06-17,direct,1,3,0,0,0
1008,981,2024-06-17,facebook_ads,2,3,0,0,8
1008,981,2024-06-17,direct,3,3,0,0,0
1009,371,2024-04-17,direct,1,5,0,0,0
1009,371,2024-04-17,facebook_ads,2,5,0,0,8
1009,371,2024-04-17,email,3,5,0,0,1
1009,371,2024-04-17,google_ads,4,5,0,0,12
1009,371,2024-04-17,facebook_ads,5,5,0,0,8
1010,199,2024-06-26,facebook_ads,1,1,0,0,8
1011,1937,2024-01-02,google_ads,1,5,0,0,12
1011,1937,2024-01-02,organic_search,2,5,0,0,0
1011,1937,2024-01-02,organic_search,3,5,0,0,0
1011,1937,2024-01-02,facebook_ads,4,5,0,0,8
1011,1937,2024-01-02,email,5,5,0,0,1
1012,646,2024-08-12,organic_search,1,3,0,0,0
1012,646,2024-08-12,direct,2,3,0,0,0
1012,646,2024-08-12,email,3,3,0,0,1
1013,1819,2024-07-26,google_ads,1,3,0,0,12
1013,1819,2024-07-26,facebook_ads,2,3,0,0,8
1013,1819,2024-07-26,email,3,3,0,0,1
1014,1497,2024-07-08,facebook_ads,1,1,0,0,8
1015,1579,2024-07-09,organic_search,1,3,0,0,0
1015,1579,2024-07-09,organic_search,2,3,0,0,0
1015,1579,2024-07-09,facebook_ads,3,3,0,0,8
1016,753,2024-01-17,organic_search,1,4,0,0,0
1016,753,2024-01-17,referral,2,4,0,0,5
1016,753,2024-01-17,direct,3,4,0,0,0
1016,753,2024-01-17,facebook_ads,4,4,0,0,8
1017,431,2024-02-16,google_ads,1,6,0,0,12
1017,431,2024-02-16,email,2,6,0,0,1
1017,431,2024-02-16,referral,3,6,0,0,5
1017,431,2024-02-16,organic_search,4,6,0,0,0
1017,431,2024-02-16,google_ads,5,6,0,0,12
1017,431,2024-02-16,facebook_ads,6,6,0,0,8
1018,992,2024-06-08,google_ads,1,6,1,49,12
1018,992,2024-06-08,organic_search,2,6,1,49,0
1018,992,2024-06-08,facebook_ads,3,6,1,49,8
1018,992,2024-06-08,direct,4,6,1,49,0
1018,992,2024-06-08,referral,5,6,1,49,5
1018,992,2024-06-08,direct,6,6,1,49,0
1019,1935,2024-01-22,referral,1,2,0,0,5
1019,1935,2024-01-22,organic_search,2,2,0,0,0
1020,1210,2024-04-22,facebook_ads,1,5,0,0,8
1020,1210,2024-04-22,direct,2,5,0,0,0
1020,1210,2024-04-22,facebook_ads,3,5,0,0,8
1020,1210,2024-04-22,organic_search,4,5,0,0,0
1020,1210,2024-04-22,organic_search,5,5,0,0,0
1021,1049,2024-07-17,google_ads,1,2,0,0,12
1021,1049,2024-07-17,referral,2,2,0,0,5
1022,1292,2024-08-10,google_ads,1,5,0,0,12
1022,1292,2024-08-10,organic_search,2,5,0,0,0
1022,1292,2024-08-10,direct,3,5,0,0,0
1022,1292,2024-08-10,direct,4,5,0,0,0
1022,1292,2024-08-10,google_ads,5,5,0,0,12
1023,1629,2024-02-11,email,1,4,0,0,1
1023,1629,2024-02-11,google_ads,2,4,0,0,12
1023,1629,2024-02-11,email,3,4,0,0,1
1023,1629,2024-02-11,facebook_ads,4,4,0,0,8
1024,1624,2024-09-05,facebook_ads,1,3,0,0,8
1024,1624,2024-09-05,referral,2,3,0,0,5
1024,1624,2024-09-05,facebook_ads,3,3,0,0,8
1025,197,2024-01-09,direct,1,5,0,0,0
1025,197,2024-01-09,google_ads,2,5,0,0,12
1025,197,2024-01-09,referral,3,5,0,0,5
1025,197,2024-01-09,referral,4,5,0,0,5
1025,197,2024-01-09,referral,5,5,0,0,5
1026,877,2024-02-14,referral,1,3,0,0,5
1026,877,2024-02-14,google_ads,2,3,0,0,12
1026,877,2024-02-14,organic_search,3,3,0,0,0
1027,1716,2024-07-31,referral,1,5,0,0,5
1027,1716,2024-07-31,google_ads,2,5,0,0,12
1027,1716,2024-07-31,facebook_ads,3,5,0,0,8
1027,1716,2024-07-31,referral,4,5,0,0,5
1027,1716,2024-07-31,referral,5,5,0,0,5
1028,1980,2024-07-09,referral,1,6,0,0,5
1028,1980,2024-07-09,referral,2,6,0,0,5
1028,1980,2024-07-09,google_ads,3,6,0,0,12
1028,1980,2024-07-09,direct,4,6,0,0,0
1028,1980,2024-07-09,referral,5,6,0,0,5
1028,1980,2024-07-09,referral,6,6,0,0,5
1029,782,2024-07-21,google_ads,1,3,0,0,12
1029,782,2024-07-21,organic_search,2,3,0,0,0
1029,782,2024-07-21,facebook_ads,3,3,0,0,8
1030,1299,2024-06-26,direct,1,5,0,0,0
1030,1299,2024-06-26,google_ads,2,5,0,0,12
1030,1299,2024-06-26,referral,3,5,0,0,5
1030,1299,2024-06-26,organic_search,4,5,0,0,0
1030,1299,2024-06-26,email,5,5,0,0,1
1031,1192,2024-08-13,email,1,6,0,0,1
1031,1192,2024-08-13,organic_search,2,6,0,0,0
1031,1192,2024-08-13,organic_search,3,6,0,0,0
1031,1192,2024-08-13,facebook_ads,4,6,0,0,8
1031,1192,2024-08-13,email,5,6,0,0,1
1031,1192,2024-08-13,facebook_ads,6,6,0,0,8
1032,1548,2024-04-17,google_ads,1,4,1,99,12
1032,1548,2024-04-17,direct,2,4,1,99,0
1032,1548,2024-04-17,organic_search,3,4,1,99,0
1032,1548,2024-04-17,direct,4,4,1,99,0
1033,1469,2024-05-17,google_ads,1,3,0,0,12
1033,1469,2024-05-17,facebook_ads,2,3,0,0,8
1033,1469,2024-05-17,direct,3,3,0,0,0
1034,157,2024-06-14,direct,1,2,0,0,0
1034,157,2024-06-14,organic_search,2,2,0,0,0
1035,1245,2024-07-02,direct,1,3,0,0,0
1035,1245,2024-07-02,organic_search,2,3,0,0,0
1035,1245,2024-07-02,direct,3,3,0,0,0
1036,1813,2024-01-03,organic_search,1,4,0,0,0
1036,1813,2024-01-03,facebook_ads,2,4,0,0,8
1036,1813,2024-01-03,email,3,4,0,0,1
1036,1813,2024-01-03,email,4,4,0,0,1
1037,625,2024-09-24,direct,1,3,0,0,0
1037,625,2024-09-24,organic_search,2,3,0,0,0
1037,625,2024-09-24,referral,3,3,0,0,5
1038,902,2024-03-21,organic_search,1,4,0,0,0
1038,902,2024-03-21,email,2,4,0,0,1
1038,902,2024-03-21,google_ads,3,4,0,0,12
1038,902,2024-03-21,referral,4,4,0,0,5
1039,1471,2024-08-05,direct,1,2,0,0,0
1039,1471,2024-08-05,organic_search,2,2,0,0,0
1040,1080,2024-05-17,google_ads,1,2,0,0,12
1040,1080,2024-05-17,email,2,2,0,0,1
1041,82,2024-07-14,direct,1,6,0,0,0
1041,82,2024-07-14,facebook_ads,2,6,0,0,8
1041,82,2024-07-14,facebook_ads,3,6,0,0,8
1041,82,2024-07-14,google_ads,4,6,0,0,12
1041,82,2024-07-14,google_ads,5,6,0,0,12
1041,82,2024-07-14,direct,6,6,0,0,0
1042,966,2024-02-24,facebook_ads,1,4,0,0,8
1042,966,2024-02-24,email,2,4,0,0,1
1042,966,2024-02-24,email,3,4,0,0,1
1042,966,2024-02-24,organic_search,4,4,0,0,0
1043,21,2024-03-18,facebook_ads,1,4,0,0,8
1043,21,2024-03-18,google_ads,2,4,0,0,12
1043,21,2024-03-18,organic_search,3,4,0,0,0
1043,21,2024-03-18,referral,4,4,0,0,5
1044,1734,2024-03-21,referral,1,1,1,499,5
1045,1435,2024-08-05,google_ads,1,6,0,0,12
1045,1435,2024-08-05,email,2,6,0,0,1
1045,1435,2024-08-05,facebook_ads,3,6,0,0,8
1045,1435,2024-08-05,email,4,6,0,0,1
1045,1435,2024-08-05,direct,5,6,0,0,0
1045,1435,2024-08-05,facebook_ads,6,6,0,0,8
1046,340,2024-05-03,referral,1,3,0,0,5
1046,340,2024-05-03,organic_search,2,3,0,0,0
1046,340,2024-05-03,email,3,3,0,0,1
1047,599,2024-01-13,organic_search,1,1,0,0,0
1048,1255,2024-02-01,direct,1,3,0,0,0
1048,1255,2024-02-01,organic_search,2,3,0,0,0
1048,1255,2024-02-01,google_ads,3,3,0,0,12
1049,1213,2024-05-03,email,1,6,0,0,1
1049,1213,2024-05-03,direct,2,6,0,0,0
1049,1213,2024-05-03,direct,3,6,0,0,0
1049,1213,2024-05-03,email,4,6,0,0,1
1049,1213,2024-05-03,organic_search,5,6,0,0,0
1049,1213,2024-05-03,email,6,6,0,0,1
1050,903,2024-03-16,referral,1,3,1,499,5
1050,903,2024-03-16,google_ads,2,3,1,499,12
1050,903,2024-03-16,email,3,3,1,499,1
1051,624,2024-09-10,referral,1,1,0,0,5
1052,1853,2024-06-06,email,1,3,0,0,1
1052,1853,2024-06-06,google_ads,2,3,0,0,12
1052,1853,2024-06-06,facebook_ads,3,3,0,0,8
1053,1813,2024-06-28,email,1,2,0,0,1
1053,1813,2024-06-28,organic_search,2,2,0,0,0
1054,789,2024-06-12,facebook_ads,1,6,0,0,8
1054,789,2024-06-12,referral,2,6,0,0,5
1054,789,2024-06-12,facebook_ads,3,6,0,0,8
1054,789,2024-06-12,referral,4,6,0,0,5
1054,789,2024-06-12,organic_search,5,6,0,0,0
1054,789,2024-06-12,direct,6,6,0,0,0
1055,787,2024-02-06,email,1,1,1,299,1
1056,1978,2024-06-25,referral,1,6,0,0,5
1056,1978,2024-06-25,facebook_ads,2,6,0,0,8
1056,1978,2024-06-25,google_ads,3,6,0,0,12
1056,1978,2024-06-25,google_ads,4,6,0,0,12
1056,1978,2024-06-25,referral,5,6,0,0,5
1056,1978,2024-06-25,google_ads,6,6,0,0,12
1057,1307,2024-03-28,direct,1,2,0,0,0
1057,1307,2024-03-28,direct,2,2,0,0,0
1058,86,2024-07-07,organic_search,1,5,0,0,0
1058,86,2024-07-07,organic_search,2,5,0,0,0
1058,86,2024-07-07,facebook_ads,3,5,0,0,8
1058,86,2024-07-07,email,4,5,0,0,1
1058,86,2024-07-07,referral,5,5,0,0,5
1059,1863,2024-03-21,facebook_ads,1,4,0,0,8
1059,1863,2024-03-21,referral,2,4,0,0,5
1059,1863,2024-03-21,email,3,4,0,0,1
1059,1863,2024-03-21,google_ads,4,4,0,0,12
1060,1211,2024-05-17,google_ads,1,4,0,0,12
1060,1211,2024-05-17,referral,2,4,0,0,5
1060,1211,2024-05-17,facebook_ads,3,4,0,0,8
1060,1211,2024-05-17,facebook_ads,4,4,0,0,8
1061,264,2024-06-16,referral,1,1,0,0,5
1062,456,2024-03-06,referral,1,1,0,0,5
1063,279,2024-01-13,google_ads,1,1,0,0,12
1064,681,2024-06-28,email,1,1,0,0,1
1065,89,2024-07-28,referral,1,3,0,0,5
1065,89,2024-07-28,referral,2,3,0,0,5
1065,89,2024-07-28,referral,3,3,0,0,5
1066,389,2024-05-03,direct,1,5,0,0,0
1066,389,2024-05-03,organic_search,2,5,0,0,0
1066,389,2024-05-03,google_ads,3,5,0,0,12
1066,389,2024-05-03,email,4,5,0,0,1
1066,389,2024-05-03,direct,5,5,0,0,0
1067,559,2024-04-30,organic_search,1,2,0,0,0
1067,559,2024-04-30,direct,2,2,0,0,0
1068,1851,2024-09-04,email,1,6,0,0,1
1068,1851,2024-09-04,referral,2,6,0,0,5
1068,1851,2024-09-04,email,3,6,0,0,1
1068,1851,2024-09-04,organic_search,4,6,0,0,0
1068,1851,2024-09-04,referral,5,6,0,0,5
1068,1851,2024-09-04,referral,6,6,0,0,5
1069,289,2024-03-28,organic_search,1,1,0,0,0
1070,1947,2024-02-11,organic_search,1,2,1,49,0
1070,1947,2024-02-11,google_ads,2,2,1,49,12
1071,181,2024-08-26,direct,1,3,0,0,0
1071,181,2024-08-26,referral,2,3,0,0,5
1071,181,2024-08-26,organic_search,3,3,0,0,0
1072,328,2024-04-04,email,1,5,0,0,1
1072,328,2024-04-04,organic_search,2,5,0,0,0
1072,328,2024-04-04,email,3,5,0,0,1
1072,328,2024-04-04,email,4,5,0,0,1
1072,328,2024-04-04,direct,5,5,0,0,0
1073,1877,2024-07-21,email,1,2,0,0,1
1073,1877,2024-07-21,facebook_ads,2,2,0,0,8
1074,190,2024-01-18,facebook_ads,1,4,0,0,8
1074,190,2024-01-18,email,2,4,0,0,1
1074,190,2024-01-18,direct,3,4,0,0,0
1074,190,2024-01-18,email,4,4,0,0,1
1075,213,2024-04-05,facebook_ads,1,6,0,0,8
1075,213,2024-04-05,organic_search,2,6,0,0,0
1075,213,2024-04-05,google_ads,3,6,0,0,12
1075,213,2024-04-05,direct,4,6,0,0,0
1075,213,2024-04-05,google_ads,5,6,0,0,12
1075,213,2024-04-05,referral,6,6,0,0,5
1076,1805,2024-02-08,google_ads,1,6,0,0,12
1076,1805,2024-02-08,email,2,6,0,0,1
1076,1805,2024-02-08,referral,3,6,0,0,5
1076,1805,2024-02-08,direct,4,6,0,0,0
1076,1805,2024-02-08,google_ads,5,6,0,0,12
1076,1805,2024-02-08,organic_search,6,6,0,0,0
1077,572,2024-03-24,google_ads,1,1,0,0,12
1078,1253,2024-03-25,referral,1,5,1,149,5
1078,1253,2024-03-25,referral,2,5,1,149,5
1078,1253,2024-03-25,referral,3,5,1,149,5
1078,1253,2024-03-25,referral,4,5,1,149,5
1078,1253,2024-03-25,email,5,5,1,149,1
1079,351,2024-04-25,email,1,5,0,0,1
1079,351,2024-04-25,google_ads,2,5,0,0,12
1079,351,2024-04-25,referral,3,5,0,0,5
1079,351,2024-04-25,direct,4,5,0,0,0
1079,351,2024-04-25,referral,5,5,0,0,5
1080,635,2024-05-10,google_ads,1,1,0,0,12
1081,1744,2024-03-18,direct,1,3,0,0,0
1081,1744,2024-03-18,facebook_ads,2,3,0,0,8
1081,1744,2024-03-18,email,3,3,0,0,1
1082,1783,2024-03-09,google_ads,1,4,0,0,12
1082,1783,2024-03-09,email,2,4,0,0,1
1082,1783,2024-03-09,direct,3,4,0,0,0
1082,1783,2024-03-09,google_ads,4,4,0,0,12
1083,499,2024-08-02,organic_search,1,4,0,0,0
1083,499,2024-08-02,direct,2,4,0,0,0
1083,499,2024-08-02,referral,3,4,0,0,5
1083,499,2024-08-02,email,4,4,0,0,1
1084,625,2024-07-31,referral,1,2,0,0,5
1084,625,2024-07-31,referral,2,2,0,0,5
1085,1709,2024-03-19,direct,1,2,0,0,0
1085,1709,2024-03-19,facebook_ads,2,2,0,0,8
1086,430,2024-03-31,referral,1,5,0,0,5
1086,430,2024-03-31,referral,2,5,0,0,5
1086,430,2024-03-31,google_ads,3,5,0,0,12
1086,430,2024-03-31,google_ads,4,5,0,0,12
1086,430,2024-03-31,referral,5,5,0,0,5
1087,422,2024-06-14,direct,1,1,0,0,0
1088,1690,2024-09-05,organic_search,1,2,0,0,0
1088,1690,2024-09-05,organic_search,2,2,0,0,0
1089,91,2024-01-07,direct,1,2,0,0,0
1089,91,2024-01-07,referral,2,2,0,0,5
1090,1255,2024-06-26,google_ads,1,5,0,0,12
1090,1255,2024-06-26,google_ads,2,5,0,0,12
1090,1255,2024-06-26,referral,3,5,0,0,5
1090,1255,2024-06-26,facebook_ads,4,5,0,0,8
1090,1255,2024-06-26,email,5,5,0,0,1
1091,106,2024-03-30,facebook_ads,1,5,0,0,8
1091,106,2024-03-30,direct,2,5,0,0,0
1091,106,2024-03-30,google_ads,3,5,0,0,12
1091,106,2024-03-30,google_ads,4,5,0,0,12
1091,106,2024-03-30,direct,5,5,0,0,0
1092,1449,2024-05-11,organic_search,1,2,0,0,0
1092,1449,2024-05-11,email,2,2,0,0,1
1093,1682,2024-05-22,facebook_ads,1,6,0,0,8
1093,1682,2024-05-22,facebook_ads,2,6,0,0,8
1093,1682,2024-05-22,organic_search,3,6,0,0,0
1093,1682,2024-05-22,facebook_ads,4,6,0,0,8
1093,1682,2024-05-22,referral,5,6,0,0,5
1093,1682,2024-05-22,google_ads,6,6,0,0,12
1094,537,2024-07-17,facebook_ads,1,6,0,0,8
1094,537,2024-07-17,direct,2,6,0,0,0
1094,537,2024-07-17,referral,3,6,0,0,5
1094,537,2024-07-17,direct,4,6,0,0,0
1094,537,2024-07-17,google_ads,5,6,0,0,12
1094,537,2024-07-17,direct,6,6,0,0,0
1095,1010,2024-09-17,google_ads,1,2,0,0,12
1095,1010,2024-09-17,direct,2,2,0,0,0
1096,706,2024-01-08,email,1,3,0,0,1
1096,706,2024-01-08,email,2,3,0,0,1
1096,706,2024-01-08,direct,3,3,0,0,0
1097,353,2024-02-26,google_ads,1,5,0,0,12
1097,353,2024-02-26,referral,2,5,0,0,5
1097,353,2024-02-26,organic_search,3,5,0,0,0
1097,353,2024-02-26,google_ads,4,5,0,0,12
1097,353,2024-02-26,email,5,5,0,0,1
1098,581,2024-05-26,direct,1,3,1,499,0
1098,581,2024-05-26,email,2,3,1,499,1
1098,581,2024-05-26,google_ads,3,3,1,499,12
1099,1712,2024-08-15,direct,1,4,0,0,0
1099,1712,2024-08-15,facebook_ads,2,4,0,0,8
1099,1712,2024-08-15,referral,3,4,0,0,5
1099,1712,2024-08-15,facebook_ads,4,4,0,0,8
1100,642,2024-02-14,organic_search,1,3,0,0,0
1100,642,2024-02-14,email,2,3,0,0,1
1100,642,2024-02-14,organic_search,3,3,0,0,0
1101,1259,2024-07-10,google_ads,1,6,0,0,12
1101,1259,2024-07-10,facebook_ads,2,6,0,0,8
1101,1259,2024-07-10,referral,3,6,0,0,5
1101,1259,2024-07-10,google_ads,4,6,0,0,12
1101,1259,2024-07-10,direct,5,6,0,0,0
1101,1259,2024-07-10,email,6,6,0,0,1
1102,205,2024-01-18,referral,1,4,0,0,5
1102,205,2024-01-18,email,2,4,0,0,1
1102,205,2024-01-18,email,3,4,0,0,1
1102,205,2024-01-18,email,4,4,0,0,1
1103,412,2024-06-10,referral,1,6,0,0,5
1103,412,2024-06-10,organic_search,2,6,0,0,0
1103,412,2024-06-10,google_ads,3,6,0,0,12
1103,412,2024-06-10,referral,4,6,0,0,5
1103,412,2024-06-10,direct,5,6,0,0,0
1103,412,2024-06-10,referral,6,6,0,0,5
1104,231,2024-07-23,facebook_ads,1,4,1,499,8
1104,231,2024-07-23,google_ads,2,4,1,499,12
1104,231,2024-07-23,google_ads,3,4,1,499,12
1104,231,2024-07-23,direct,4,4,1,499,0
1105,1873,2024-03-12,email,1,1,0,0,1
1106,1691,2024-06-03,email,1,2,0,0,1
1106,1691,2024-06-03,organic_search,2,2,0,0,0
1107,1528,2024-05-13,google_ads,1,1,0,0,12
1108,600,2024-05-16,email,1,6,0,0,1
1108,600,2024-05-16,google_ads,2,6,0,0,12
1108,600,2024-05-16,facebook_ads,3,6,0,0,8
1108,600,2024-05-16,google_ads,4,6,0,0,12
1108,600,2024-05-16,referral,5,6,0,0,5
1108,600,2024-05-16,organic_search,6,6,0,0,0
1109,1933,2024-05-09,organic_search,1,1,0,0,0
1110,566,2024-01-13,email,1,2,0,0,1
1110,566,2024-01-13,referral,2,2,0,0,5
1111,583,2024-03-25,direct,1,6,0,0,0
1111,583,2024-03-25,google_ads,2,6,0,0,12
1111,583,2024-03-25,facebook_ads,3,6,0,0,8
1111,583,2024-03-25,email,4,6,0,0,1
1111,583,2024-03-25,referral,5,6,0,0,5
1111,583,2024-03-25,facebook_ads,6,6,0,0,8
1112,1742,2024-09-22,organic_search,1,2,1,49,0
1112,1742,2024-09-22,email,2,2,1,49,1
1113,88,2024-04-09,facebook_ads,1,3,0,0,8
1113,88,2024-04-09,referral,2,3,0,0,5
1113,88,2024-04-09,google_ads,3,3,0,0,12
1114,1714,2024-03-31,facebook_ads,1,4,0,0,8
1114,1714,2024-03-31,facebook_ads,2,4,0,0,8
1114,1714,2024-03-31,google_ads,3,4,0,0,12
1114,1714,2024-03-31,google_ads,4,4,0,0,12
1115,1279,2024-05-20,google_ads,1,6,0,0,12
1115,1279,2024-05-20,direct,2,6,0,0,0
1115,1279,2024-05-20,referral,3,6,0,0,5
1115,1279,2024-05-20,google_ads,4,6,0,0,12
1115,1279,2024-05-20,referral,5,6,0,0,5
1115,1279,2024-05-20,google_ads,6,6,0,0,12
1116,1472,2024-07-02,organic_search,1,1,0,0,0
1117,1644,2024-09-11,email,1,2,0,0,1
1117,1644,2024-09-11,referral,2,2,0,0,5
1118,1952,2024-05-22,direct,1,3,0,0,0
1118,1952,2024-05-22,organic_search,2,3,0,0,0
1118,1952,2024-05-22,facebook_ads,3,3,0,0,8
1119,458,2024-05-28,referral,1,5,1,149,5
1119,458,2024-05-28,referral,2,5,1,149,5
1119,458,2024-05-28,email,3,5,1,149,1
1119,458,2024-05-28,organic_search,4,5,1,149,0
1119,458,2024-05-28,referral,5,5,1,149,5
1120,1152,2024-03-25,direct,1,5,1,499,0
1120,1152,2024-03-25,facebook_ads,2,5,1,499,8
1120,1152,2024-03-25,organic_search,3,5,1,499,0
1120,1152,2024-03-25,organic_search,4,5,1,499,0
1120,1152,2024-03-25,referral,5,5,1,499,5
1121,1533,2024-08-18,email,1,2,0,0,1
1121,1533,2024-08-18,organic_search,2,2,0,0,0
1122,1415,2024-09-06,google_ads,1,2,1,299,12
1122,1415,2024-09-06,organic_search,2,2,1,299,0
1123,483,2024-04-08,google_ads,1,3,0,0,12
1123,483,2024-04-08,google_ads,2,3,0,0,12
1123,483,2024-04-08,referral,3,3,0,0,5
1124,540,2024-02-07,facebook_ads,1,4,0,0,8
1124,540,2024-02-07,google_ads,2,4,0,0,12
1124,540,2024-02-07,organic_search,3,4,0,0,0
1124,540,2024-02-07,facebook_ads,4,4,0,0,8
1125,1879,2024-09-14,organic_search,1,6,1,499,0
1125,1879,2024-09-14,email,2,6,1,499,1
1125,1879,2024-09-14,organic_search,3,6,1,499,0
1125,1879,2024-09-14,email,4,6,1,499,1
1125,1879,2024-09-14,organic_search,5,6,1,499,0
1125,1879,2024-09-14,direct,6,6,1,499,0
1126,1684,2024-05-14,referral,1,3,0,0,5
1126,1684,2024-05-14,referral,2,3,0,0,5
1126,1684,2024-05-14,google_ads,3,3,0,0,12
1127,1228,2024-09-14,direct,1,2,1,499,0
1127,1228,2024-09-14,google_ads,2,2,1,499,12
1128,1715,2024-07-07,referral,1,3,0,0,5
1128,1715,2024-07-07,google_ads,2,3,0,0,12
1128,1715,2024-07-07,direct,3,3,0,0,0
1129,1916,2024-07-11,email,1,3,0,0,1
1129,1916,2024-07-11,google_ads,2,3,0,0,12
1129,1916,2024-07-11,google_ads,3,3,0,0,12
1130,1844,2024-02-03,facebook_ads,1,1,0,0,8
1131,1347,2024-03-10,google_ads,1,3,0,0,12
1131,1347,2024-03-10,organic_search,2,3,0,0,0
1131,1347,2024-03-10,facebook_ads,3,3,0,0,8
1132,1527,2024-04-25,direct,1,1,0,0,0
1133,942,2024-02-04,google_ads,1,1,0,0,12
1134,1073,2024-06-09,facebook_ads,1,6,1,99,8
1134,1073,2024-06-09,facebook_ads,2,6,1,99,8
1134,1073,2024-06-09,facebook_ads,3,6,1,99,8
1134,1073,2024-06-09,referral,4,6,1,99,5
1134,1073,2024-06-09,direct,5,6,1,99,0
1134,1073,2024-06-09,google_ads,6,6,1,99,12
1135,440,2024-09-10,direct,1,2,0,0,0
1135,440,2024-09-10,direct,2,2,0,0,0
1136,732,2024-02-29,email,1,1,0,0,1
1137,1089,2024-09-05,direct,1,6,0,0,0
1137,1089,2024-09-05,google_ads,2,6,0,0,12
1137,1089,2024-09-05,referral,3,6,0,0,5
1137,1089,2024-09-05,facebook_ads,4,6,0,0,8
1137,1089,2024-09-05,direct,5,6,0,0,0
1137,1089,2024-09-05,organic_search,6,6,0,0,0
1138,1233,2024-08-06,email,1,5,1,149,1
1138,1233,2024-08-06,facebook_ads,2,5,1,149,8
1138,1233,2024-08-06,email,3,5,1,149,1
1138,1233,2024-08-06,direct,4,5,1,149,0
1138,1233,2024-08-06,organic_search,5,5,1,149,0
1139,652,2024-04-23,google_ads,1,4,0,0,12
1139,652,2024-04-23,facebook_ads,2,4,0,0,8
1139,652,2024-04-23,facebook_ads,3,4,0,0,8
1139,652,2024-04-23,facebook_ads,4,4,0,0,8
1140,744,2024-01-12,referral,1,1,0,0,5
1141,1578,2024-03-17,direct,1,5,0,0,0
1141,1578,2024-03-17,organic_search,2,5,0,0,0
1141,1578,2024-03-17,facebook_ads,3,5,0,0,8
1141,1578,2024-03-17,referral,4,5,0,0,5
1141,1578,2024-03-17,facebook_ads,5,5,0,0,8
1142,1390,2024-01-04,facebook_ads,1,2,1,499,8
1142,1390,2024-01-04,email,2,2,1,499,1
1143,1721,2024-01-01,organic_search,1,4,0,0,0
1143,1721,2024-01-01,email,2,4,0,0,1
1143,1721,2024-01-01,facebook_ads,3,4,0,0,8
1143,1721,2024-01-01,direct,4,4,0,0,0
1144,1557,2024-09-11,organic_search,1,5,0,0,0
1144,1557,2024-09-11,email,2,5,0,0,1
1144,1557,2024-09-11,facebook_ads,3,5,0,0,8
1144,1557,2024-09-11,direct,4,5,0,0,0
1144,1557,2024-09-11,organic_search,5,5,0,0,0
1145,1900,2024-03-14,referral,1,4,0,0,5
1145,1900,2024-03-14,email,2,4,0,0,1
1145,1900,2024-03-14,facebook_ads,3,4,0,0,8
1145,1900,2024-03-14,direct,4,4,0,0,0
1146,1654,2024-01-11,facebook_ads,1,5,1,99,8
1146,1654,2024-01-11,google_ads,2,5,1,99,12
1146,1654,2024-01-11,organic_search,3,5,1,99,0
1146,1654,2024-01-11,direct,4,5,1,99,0
1146,1654,2024-01-11,email,5,5,1,99,1
1147,10,2024-07-29,organic_search,1,3,0,0,0
1147,10,2024-07-29,organic_search,2,3,0,0,0
1147,10,2024-07-29,direct,3,3,0,0,0
1148,863,2024-01-09,referral,1,6,0,0,5
1148,863,2024-01-09,referral,2,6,0,0,5
1148,863,2024-01-09,referral,3,6,0,0,5
1148,863,2024-01-09,organic_search,4,6,0,0,0
1148,863,2024-01-09,facebook_ads,5,6,0,0,8
1148,863,2024-01-09,organic_search,6,6,0,0,0
1149,514,2024-05-25,organic_search,1,6,0,0,0
1149,514,2024-05-25,referral,2,6,0,0,5
1149,514,2024-05-25,google_ads,3,6,0,0,12
1149,514,2024-05-25,referral,4,6,0,0,5
1149,514,2024-05-25,facebook_ads,5,6,0,0,8
1149,514,2024-05-25,google_ads,6,6,0,0,12
1150,1110,2024-09-12,google_ads,1,3,0,0,12
1150,1110,2024-09-12,google_ads,2,3,0,0,12
1150,1110,2024-09-12,facebook_ads,3,3,0,0,8
1151,1936,2024-05-14,organic_search,1,2,0,0,0
1151,1936,2024-05-14,referral,2,2,0,0,5
1152,340,2024-04-03,referral,1,2,0,0,5
1152,340,2024-04-03,referral,2,2,0,0,5
1153,433,2024-09-27,referral,1,5,0,0,5
1153,433,2024-09-27,referral,2,5,0,0,5
1153,433,2024-09-27,organic_search,3,5,0,0,0
1153,433,2024-09-27,google_ads,4,5,0,0,12
1153,433,2024-09-27,organic_search,5,5,0,0,0
1154,372,2024-09-20,google_ads,1,5,0,0,12
1154,372,2024-09-20,referral,2,5,0,0,5
1154,372,2024-09-20,email,3,5,0,0,1
1154,372,2024-09-20,organic_search,4,5,0,0,0
1154,372,2024-09-20,referral,5,5,0,0,5
1155,58,2024-05-31,organic_search,1,6,0,0,0
1155,58,2024-05-31,referral,2,6,0,0,5
1155,58,2024-05-31,facebook_ads,3,6,0,0,8
1155,58,2024-05-31,organic_search,4,6,0,0,0
1155,58,2024-05-31,referral,5,6,0,0,5
1155,58,2024-05-31,email,6,6,0,0,1
1156,1750,2024-02-19,organic_search,1,3,0,0,0
1156,1750,2024-02-19,direct,2,3,0,0,0
1156,1750,2024-02-19,referral,3,3,0,0,5
1157,838,2024-04-03,facebook_ads,1,1,0,0,8
1158,103,2024-05-15,email,1,4,0,0,1
1158,103,2024-05-15,organic_search,2,4,0,0,0
1158,103,2024-05-15,referral,3,4,0,0,5
1158,103,2024-05-15,organic_search,4,4,0,0,0
1159,591,2024-09-20,referral,1,2,0,0,5
1159,591,2024-09-20,direct,2,2,0,0,0
1160,554,2024-06-13,direct,1,5,0,0,0
1160,554,2024-06-13,referral,2,5,0,0,5
1160,554,2024-06-13,organic_search,3,5,0,0,0
1160,554,2024-06-13,organic_search,4,5,0,0,0
1160,554,2024-06-13,facebook_ads,5,5,0,0,8
1161,451,2024-01-07,direct,1,4,0,0,0
1161,451,2024-01-07,facebook_ads,2,4,0,0,8
1161,451,2024-01-07,direct,3,4,0,0,0
1161,451,2024-01-07,facebook_ads,4,4,0,0,8
1162,147,2024-07-08,google_ads,1,5,0,0,12
1162,147,2024-07-08,google_ads,2,5,0,0,12
1162,147,2024-07-08,email,3,5,0,0,1
1162,147,2024-07-08,organic_search,4,5,0,0,0
1162,147,2024-07-08,referral,5,5,0,0,5
1163,1625,2024-01-16,google_ads,1,5,0,0,12
1163,1625,2024-01-16,email,2,5,0,0,1
1163,1625,2024-01-16,direct,3,5,0,0,0
1163,1625,2024-01-16,organic_search,4,5,0,0,0
1163,1625,2024-01-16,email,5,5,0,0,1
1164,1950,2024-07-04,direct,1,4,0,0,0
1164,1950,2024-07-04,facebook_ads,2,4,0,0,8
1164,1950,2024-07-04,organic_search,3,4,0,0,0
1164,1950,2024-07-04,google_ads,4,4,0,0,12
1165,1514,2024-09-04,organic_search,1,2,0,0,0
1165,1514,2024-09-04,referral,2,2,0,0,5
1166,975,2024-09-27,email,1,4,1,499,1
1166,975,2024-09-27,organic_search,2,4,1,499,0
1166,975,2024-09-27,facebook_ads,3,4,1,499,8
1166,975,2024-09-27,referral,4,4,1,499,5
1167,1596,2024-07-17,direct,1,3,0,0,0
1167,1596,2024-07-17,google_ads,2,3,0,0,12
1167,1596,2024-07-17,referral,3,3,0,0,5
1168,477,2024-04-11,organic_search,1,1,0,0,0
1169,1808,2024-03-18,referral,1,2,0,0,5
1169,1808,2024-03-18,referral,2,2,0,0,5
1170,1343,2024-04-24,facebook_ads,1,2,0,0,8
1170,1343,2024-04-24,direct,2,2,0,0,0
1171,1600,2024-04-02,referral,1,5,0,0,5
1171,1600,2024-04-02,email,2,5,0,0,1
1171,1600,2024-04-02,organic_search,3,5,0,0,0
1171,1600,2024-04-02,organic_search,4,5,0,0,0
1171,1600,2024-04-02,email,5,5,0,0,1
1172,962,2024-08-23,direct,1,3,0,0,0
1172,962,2024-08-23,organic_search,2,3,0,0,0
1172,962,2024-08-23,referral,3,3,0,0,5
1173,1326,2024-06-07,email,1,2,0,0,1
1173,1326,2024-06-07,direct,2,2,0,0,0
1174,1945,2024-05-13,email,1,1,0,0,1
1175,256,2024-08-22,direct,1,4,0,0,0
1175,256,2024-08-22,email,2,4,0,0,1
1175,256,2024-08-22,facebook_ads,3,4,0,0,8
1175,256,2024-08-22,email,4,4,0,0,1
1176,1134,2024-08-27,google_ads,1,3,0,0,12
1176,1134,2024-08-27,facebook_ads,2,3,0,0,8
1176,1134,2024-08-27,referral,3,3,0,0,5
1177,1336,2024-04-22,google_ads,1,5,1,499,12
1177,1336,2024-04-22,direct,2,5,1,499,0
1177,1336,2024-04-22,google_ads,3,5,1,499,12
1177,1336,2024-04-22,referral,4,5,1,499,5
1177,1336,2024-04-22,organic_search,5,5,1,499,0
1178,252,2024-05-30,email,1,1,0,0,1
1179,1240,2024-05-27,email,1,5,0,0,1
1179,1240,2024-05-27,organic_search,2,5,0,0,0
1179,1240,2024-05-27,referral,3,5,0,0,5
1179,1240,2024-05-27,facebook_ads,4,5,0,0,8
1179,1240,2024-05-27,facebook_ads,5,5,0,0,8
1180,779,2024-01-30,facebook_ads,1,4,0,0,8
1180,779,2024-01-30,google_ads,2,4,0,0,12
1180,779,2024-01-30,direct,3,4,0,0,0
1180,779,2024-01-30,email,4,4,0,0,1
1181,1607,2024-08-22,referral,1,6,0,0,5
1181,1607,2024-08-22,email,2,6,0,0,1
1181,1607,2024-08-22,direct,3,6,0,0,0
1181,1607,2024-08-22,direct,4,6,0,0,0
1181,1607,2024-08-22,google_ads,5,6,0,0,12
1181,1607,2024-08-22,facebook_ads,6,6,0,0,8
1182,1382,2024-03-19,email,1,6,0,0,1
1182,1382,2024-03-19,email,2,6,0,0,1
1182,1382,2024-03-19,referral,3,6,0,0,5
1182,1382,2024-03-19,facebook_ads,4,6,0,0,8
1182,1382,2024-03-19,facebook_ads,5,6,0,0,8
1182,1382,2024-03-19,facebook_ads,6,6,0,0,8
1183,1009,2024-03-10,organic_search,1,2,0,0,0
1183,1009,2024-03-10,facebook_ads,2,2,0,0,8
1184,1701,2024-02-25,google_ads,1,6,0,0,12
1184,1701,2024-02-25,email,2,6,0,0,1
1184,1701,2024-02-25,organic_search,3,6,0,0,0
1184,1701,2024-02-25,organic_search,4,6,0,0,0
1184,1701,2024-02-25,email,5,6,0,0,1
1184,1701,2024-02-25,referral,6,6,0,0,5
1185,543,2024-04-24,facebook_ads,1,6,0,0,8
1185,543,2024-04-24,email,2,6,0,0,1
1185,543,2024-04-24,direct,3,6,0,0,0
1185,543,2024-04-24,facebook_ads,4,6,0,0,8
1185,543,2024-04-24,google_ads,5,6,0,0,12
1185,543,2024-04-24,email,6,6,0,0,1
1186,898,2024-03-01,google_ads,1,2,0,0,12
1186,898,2024-03-01,referral,2,2,0,0,5
1187,719,2024-09-05,organic_search,1,6,0,0,0
1187,719,2024-09-05,facebook_ads,2,6,0,0,8
1187,719,2024-09-05,email,3,6,0,0,1
1187,719,2024-09-05,email,4,6,0,0,1
1187,719,2024-09-05,facebook_ads,5,6,0,0,8
1187,719,2024-09-05,referral,6,6,0,0,5
1188,1074,2024-04-24,google_ads,1,1,0,0,12
1189,73,2024-01-22,organic_search,1,4,0,0,0
1189,73,2024-01-22,google_ads,2,4,0,0,12
1189,73,2024-01-22,facebook_ads,3,4,0,0,8
1189,73,2024-01-22,email,4,4,0,0,1
1190,1942,2024-03-03,direct,1,2,0,0,0
1190,1942,2024-03-03,facebook_ads,2,2,0,0,8
1191,167,2024-01-23,email,1,4,0,0,1
1191,167,2024-01-23,direct,2,4,0,0,0
1191,167,2024-01-23,email,3,4,0,0,1
1191,167,2024-01-23,referral,4,4,0,0,5
1192,604,2024-02-20,direct,1,6,1,99,0
1192,604,2024-02-20,google_ads,2,6,1,99,12
1192,604,2024-02-20,referral,3,6,1,99,5
1192,604,2024-02-20,organic_search,4,6,1,99,0
1192,604,2024-02-20,referral,5,6,1,99,5
1192,604,2024-02-20,email,6,6,1,99,1
1193,1283,2024-03-11,referral,1,5,0,0,5
1193,1283,2024-03-11,email,2,5,0,0,1
1193,1283,2024-03-11,referral,3,5,0,0,5
1193,1283,2024-03-11,facebook_ads,4,5,0,0,8
1193,1283,2024-03-11,email,5,5,0,0,1
1194,1267,2024-08-17,email,1,2,0,0,1
1194,1267,2024-08-17,direct,2,2,0,0,0
1195,239,2024-04-09,facebook_ads,1,5,0,0,8
1195,239,2024-04-09,organic_search,2,5,0,0,0
1195,239,2024-04-09,referral,3,5,0,0,5
1195,239,2024-04-09,google_ads,4,5,0,0,12
1195,239,2024-04-09,organic_search,5,5,0,0,0
1196,323,2024-04-25,direct,1,5,0,0,0
1196,323,2024-04-25,email,2,5,0,0,1
1196,323,2024-04-25,referral,3,5,0,0,5
1196,323,2024-04-25,google_ads,4,5,0,0,12
1196,323,2024-04-25,direct,5,5,0,0,0
1197,1995,2024-03-09,email,1,3,0,0,1
1197,1995,2024-03-09,referral,2,3,0,0,5
1197,1995,2024-03-09,google_ads,3,3,0,0,12
1198,908,2024-01-14,email,1,5,0,0,1
1198,908,2024-01-14,direct,2,5,0,0,0
1198,908,2024-01-14,organic_search,3,5,0,0,0
1198,908,2024-01-14,email,4,5,0,0,1
1198,908,2024-01-14,email,5,5,0,0,1
1199,319,2024-08-14,facebook_ads,1,3,0,0,8
1199,319,2024-08-14,facebook_ads,2,3,0,0,8
1199,319,2024-08-14,organic_search,3,3,0,0,0
1200,360,2024-09-22,organic_search,1,5,0,0,0
1200,360,2024-09-22,referral,2,5,0,0,5
1200,360,2024-09-22,google_ads,3,5,0,0,12
1200,360,2024-09-22,organic_search,4,5,0,0,0
1200,360,2024-09-22,facebook_ads,5,5,0,0,8
1201,1192,2024-04-27,direct,1,6,0,0,0
1201,1192,2024-04-27,referral,2,6,0,0,5
1201,1192,2024-04-27,referral,3,6,0,0,5
1201,1192,2024-04-27,facebook_ads,4,6,0,0,8
1201,1192,2024-04-27,direct,5,6,0,0,0
1201,1192,2024-04-27,direct,6,6,0,0,0
1202,1763,2024-01-02,facebook_ads,1,2,0,0,8
1202,1763,2024-01-02,organic_search,2,2,0,0,0
1203,971,2024-02-14,google_ads,1,6,0,0,12
1203,971,2024-02-14,organic_search,2,6,0,0,0
1203,971,2024-02-14,referral,3,6,0,0,5
1203,971,2024-02-14,facebook_ads,4,6,0,0,8
1203,971,2024-02-14,referral,5,6,0,0,5
1203,971,2024-02-14,referral,6,6,0,0,5
1204,230,2024-08-09,organic_search,1,6,0,0,0
1204,230,2024-08-09,google_ads,2,6,0,0,12
1204,230,2024-08-09,email,3,6,0,0,1
1204,230,2024-08-09,direct,4,6,0,0,0
1204,230,2024-08-09,email,5,6,0,0,1
1204,230,2024-08-09,facebook_ads,6,6,0,0,8
1205,1756,2024-06-15,referral,1,5,0,0,5
1205,1756,2024-06-15,facebook_ads,2,5,0,0,8
1205,1756,2024-06-15,organic_search,3,5,0,0,0
1205,1756,2024-06-15,google_ads,4,5,0,0,12
1205,1756,2024-06-15,facebook_ads,5,5,0,0,8
1206,913,2024-03-16,organic_search,1,1,0,0,0
1207,819,2024-07-30,google_ads,1,6,1,499,12
1207,819,2024-07-30,direct,2,6,1,499,0
1207,819,2024-07-30,email,3,6,1,499,1
1207,819,2024-07-30,organic_search,4,6,1,499,0
1207,819,2024-07-30,google_ads,5,6,1,499,12
1207,819,2024-07-30,direct,6,6,1,499,0
1208,656,2024-06-08,direct,1,2,1,49,0
1208,656,2024-06-08,referral,2,2,1,49,5
1209,605,2024-07-27,organic_search,1,6,0,0,0
1209,605,2024-07-27,google_ads,2,6,0,0,12
1209,605,2024-07-27,facebook_ads,3,6,0,0,8
1209,605,2024-07-27,google_ads,4,6,0,0,12
1209,605,2024-07-27,email,5,6,0,0,1
1209,605,2024-07-27,google_ads,6,6,0,0,12
1210,1175,2024-01-22,referral,1,4,0,0,5
1210,1175,2024-01-22,organic_search,2,4,0,0,0
1210,1175,2024-01-22,organic_search,3,4,0,0,0
1210,1175,2024-01-22,facebook_ads,4,4,0,0,8
1211,242,2024-02-25,facebook_ads,1,2,0,0,8
1211,242,2024-02-25,direct,2,2,0,0,0
1212,620,2024-02-29,organic_search,1,2,1,299,0
1212,620,2024-02-29,google_ads,2,2,1,299,12
1213,1943,2024-03-11,referral,1,1,0,0,5
1214,777,2024-04-16,referral,1,1,1,99,5
1215,186,2024-05-30,email,1,6,0,0,1
1215,186,2024-05-30,referral,2,6,0,0,5
1215,186,2024-05-30,facebook_ads,3,6,0,0,8
1215,186,2024-05-30,direct,4,6,0,0,0
1215,186,2024-05-30,referral,5,6,0,0,5
1215,186,2024-05-30,facebook_ads,6,6,0,0,8
1216,1685,2024-05-19,email,1,2,0,0,1
1216,1685,2024-05-19,referral,2,2,0,0,5
1217,928,2024-04-07,google_ads,1,2,0,0,12
1217,928,2024-04-07,facebook_ads,2,2,0,0,8
1218,1304,2024-09-05,google_ads,1,4,0,0,12
1218,1304,2024-09-05,organic_search,2,4,0,0,0
1218,1304,2024-09-05,organic_search,3,4,0,0,0
1218,1304,2024-09-05,organic_search,4,4,0,0,0
1219,1295,2024-02-12,email,1,1,0,0,1
1220,96,2024-08-16,direct,1,5,0,0,0
1220,96,2024-08-16,google_ads,2,5,0,0,12
1220,96,2024-08-16,google_ads,3,5,0,0,12
1220,96,2024-08-16,email,4,5,0,0,1
1220,96,2024-08-16,organic_search,5,5,0,0,0
1221,668,2024-01-17,referral,1,6,0,0,5
1221,668,2024-01-17,organic_search,2,6,0,0,0
1221,668,2024-01-17,facebook_ads,3,6,0,0,8
1221,668,2024-01-17,email,4,6,0,0,1
1221,668,2024-01-17,referral,5,6,0,0,5
1221,668,2024-01-17,organic_search,6,6,0,0,0
1222,90,2024-04-20,facebook_ads,1,5,1,99,8
1222,90,2024-04-20,facebook_ads,2,5,1,99,8
1222,90,2024-04-20,organic_search,3,5,1,99,0
1222,90,2024-04-20,google_ads,4,5,1,99,12
1222,90,2024-04-20,referral,5,5,1,99,5
1223,746,2024-04-04,facebook_ads,1,3,0,0,8
1223,746,2024-04-04,direct,2,3,0,0,0
1223,746,2024-04-04,facebook_ads,3,3,0,0,8
1224,1049,2024-05-26,referral,1,6,1,99,5
1224,1049,2024-05-26,facebook_ads,2,6,1,99,8
1224,1049,2024-05-26,email,3,6,1,99,1
1224,1049,2024-05-26,direct,4,6,1,99,0
1224,1049,2024-05-26,organic_search,5,6,1,99,0
1224,1049,2024-05-26,direct,6,6,1,99,0
1225,1890,2024-07-20,facebook_ads,1,6,0,0,8
1225,1890,2024-07-20,facebook_ads,2,6,0,0,8
1225,1890,2024-07-20,direct,3,6,0,0,0
1225,1890,2024-07-20,direct,4,6,0,0,0
1225,1890,2024-07-20,email,5,6,0,0,1
1225,1890,2024-07-20,google_ads,6,6,0,0,12
1226,208,2024-03-18,facebook_ads,1,3,0,0,8
1226,208,2024-03-18,email,2,3,0,0,1
1226,208,2024-03-18,email,3,3,0,0,1
1227,536,2024-07-03,organic_search,1,5,0,0,0
1227,536,2024-07-03,google_ads,2,5,0,0,12
1227,536,2024-07-03,email,3,5,0,0,1
1227,536,2024-07-03,google_ads,4,5,0,0,12
1227,536,2024-07-03,direct,5,5,0,0,0
1228,1489,2024-07-07,direct,1,2,0,0,0
1228,1489,2024-07-07,organic_search,2,2,0,0,0
1229,1123,2024-09-15,google_ads,1,1,0,0,12
1230,1355,2024-01-29,referral,1,4,0,0,5
1230,1355,2024-01-29,facebook_ads,2,4,0,0,8
1230,1355,2024-01-29,direct,3,4,0,0,0
1230,1355,2024-01-29,facebook_ads,4,4,0,0,8
1231,1961,2024-05-18,referral,1,1,0,0,5
1232,1491,2024-05-23,email,1,6,1,299,1
1232,1491,2024-05-23,email,2,6,1,299,1
1232,1491,2024-05-23,google_ads,3,6,1,299,12
1232,1491,2024-05-23,facebook_ads,4,6,1,299,8
1232,1491,2024-05-23,referral,5,6,1,299,5
1232,1491,2024-05-23,email,6,6,1,299,1
1233,1169,2024-08-30,direct,1,1,0,0,0
1234,265,2024-02-19,direct,1,2,0,0,0
1234,265,2024-02-19,direct,2,2,0,0,0
1235,1696,2024-04-21,referral,1,2,0,0,5
1235,1696,2024-04-21,organic_search,2,2,0,0,0
1236,541,2024-04-09,referral,1,6,1,49,5
1236,541,2024-04-09,referral,2,6,1,49,5
1236,541,2024-04-09,direct,3,6,1,49,0
1236,541,2024-04-09,email,4,6,1,49,1
1236,541,2024-04-09,direct,5,6,1,49,0
1236,541,2024-04-09,organic_search,6,6,1,49,0
1237,1978,2024-09-25,google_ads,1,2,0,0,12
1237,1978,2024-09-25,referral,2,2,0,0,5
1238,1375,2024-03-03,direct,1,6,0,0,0
1238,1375,2024-03-03,direct,2,6,0,0,0
1238,1375,2024-03-03,direct,3,6,0,0,0
1238,1375,2024-03-03,organic_search,4,6,0,0,0
1238,1375,2024-03-03,organic_search,5,6,0,0,0
1238,1375,2024-03-03,referral,6,6,0,0,5
1239,1687,2024-03-17,referral,1,3,0,0,5
1239,1687,2024-03-17,organic_search,2,3,0,0,0
1239,1687,2024-03-17,organic_search,3,3,0,0,0
1240,96,2024-07-09,facebook_ads,1,4,0,0,8
1240,96,2024-07-09,google_ads,2,4,0,0,12
1240,96,2024-07-09,facebook_ads,3,4,0,0,8
1240,96,2024-07-09,direct,4,4,0,0,0
1241,651,2024-06-08,email,1,6,0,0,1
1241,651,2024-06-08,google_ads,2,6,0,0,12
1241,651,2024-06-08,facebook_ads,3,6,0,0,8
1241,651,2024-06-08,facebook_ads,4,6,0,0,8
1241,651,2024-06-08,organic_search,5,6,0,0,0
1241,651,2024-06-08,direct,6,6,0,0,0
1242,85,2024-07-22,email,1,2,0,0,1
1242,85,2024-07-22,organic_search,2,2,0,0,0
1243,904,2024-03-03,organic_search,1,1,0,0,0
1244,76,2024-02-12,facebook_ads,1,4,0,0,8
1244,76,2024-02-12,direct,2,4,0,0,0
1244,76,2024-02-12,direct,3,4,0,0,0
1244,76,2024-02-12,direct,4,4,0,0,0
1245,1635,2024-06-25,direct,1,4,0,0,0
1245,1635,2024-06-25,email,2,4,0,0,1
1245,1635,2024-06-25,google_ads,3,4,0,0,12
1245,1635,2024-06-25,google_ads,4,4,0,0,12
1246,621,2024-08-23,direct,1,6,0,0,0
1246,621,2024-08-23,google_ads,2,6,0,0,12
1246,621,2024-08-23,email,3,6,0,0,1
1246,621,2024-08-23,direct,4,6,0,0,0
1246,621,2024-08-23,google_ads,5,6,0,0,12
1246,621,2024-08-23,google_ads,6,6,0,0,12
1247,1827,2024-04-18,direct,1,3,0,0,0
1247,1827,2024-04-18,email,2,3,0,0,1
1247,1827,2024-04-18,facebook_ads,3,3,0,0,8
1248,525,2024-03-18,facebook_ads,1,2,0,0,8
1248,525,2024-03-18,referral,2,2,0,0,5
1249,1616,2024-09-18,email,1,1,0,0,1
1250,1123,2024-03-31,organic_search,1,5,0,0,0
1250,1123,2024-03-31,google_ads,2,5,0,0,12
1250,1123,2024-03-31,facebook_ads,3,5,0,0,8
1250,1123,2024-03-31,direct,4,5,0,0,0
1250,1123,2024-03-31,email,5,5,0,0,1
1251,1999,2024-09-01,facebook_ads,1,6,1,299,8
1251,1999,2024-09-01,organic_search,2,6,1,299,0
1251,1999,2024-09-01,referral,3,6,1,299,5
1251,1999,2024-09-01,google_ads,4,6,1,299,12
1251,1999,2024-09-01,direct,5,6,1,299,0
1251,1999,2024-09-01,direct,6,6,1,299,0
1252,1499,2024-06-27,organic_search,1,6,0,0,0
1252,1499,2024-06-27,email,2,6,0,0,1
1252,1499,2024-06-27,google_ads,3,6,0,0,12
1252,1499,2024-06-27,referral,4,6,0,0,5
1252,1499,2024-06-27,referral,5,6,0,0,5
1252,1499,2024-06-27,email,6,6,0,0,1
1253,146,2024-02-29,organic_search,1,3,0,0,0
1253,146,2024-02-29,referral,2,3,0,0,5
1253,146,2024-02-29,google_ads,3,3,0,0,12
1254,1133,2024-07-24,direct,1,1,0,0,0
1255,1548,2024-04-01,organic_search,1,3,0,0,0
1255,1548,2024-04-01,referral,2,3,0,0,5
1255,1548,2024-04-01,referral,3,3,0,0,5
1256,1379,2024-02-01,email,1,5,0,0,1
1256,1379,2024-02-01,facebook_ads,2,5,0,0,8
1256,1379,2024-02-01,email,3,5,0,0,1
1256,1379,2024-02-01,referral,4,5,0,0,5
1256,1379,2024-02-01,direct,5,5,0,0,0
1257,716,2024-07-05,email,1,3,0,0,1
1257,716,2024-07-05,direct,2,3,0,0,0
1257,716,2024-07-05,organic_search,3,3,0,0,0
1258,1943,2024-08-31,google_ads,1,5,0,0,12
1258,1943,2024-08-31,organic_search,2,5,0,0,0
1258,1943,2024-08-31,organic_search,3,5,0,0,0
1258,1943,2024-08-31,organic_search,4,5,0,0,0
1258,1943,2024-08-31,email,5,5,0,0,1
1259,929,2024-02-18,facebook_ads,1,2,1,99,8
1259,929,2024-02-18,referral,2,2,1,99,5
1260,1968,2024-07-26,email,1,2,0,0,1
1260,1968,2024-07-26,organic_search,2,2,0,0,0
1261,808,2024-01-31,email,1,6,1,299,1
1261,808,2024-01-31,direct,2,6,1,299,0
1261,808,2024-01-31,referral,3,6,1,299,5
1261,808,2024-01-31,email,4,6,1,299,1
1261,808,2024-01-31,google_ads,5,6,1,299,12
1261,808,2024-01-31,direct,6,6,1,299,0
1262,524,2024-05-31,organic_search,1,1,0,0,0
1263,154,2024-02-15,direct,1,3,0,0,0
1263,154,2024-02-15,direct,2,3,0,0,0
1263,154,2024-02-15,email,3,3,0,0,1
1264,1315,2024-04-02,direct,1,1,0,0,0
1265,1481,2024-03-21,facebook_ads,1,4,0,0,8
1265,1481,2024-03-21,google_ads,2,4,0,0,12
1265,1481,2024-03-21,email,3,4,0,0,1
1265,1481,2024-03-21,google_ads,4,4,0,0,12
1266,1756,2024-06-23,direct,1,5,0,0,0
1266,1756,2024-06-23,facebook_ads,2,5,0,0,8
1266,1756,2024-06-23,referral,3,5,0,0,5
1266,1756,2024-06-23,email,4,5,0,0,1
1266,1756,2024-06-23,google_ads,5,5,0,0,12
1267,778,2024-01-28,email,1,2,0,0,1
1267,778,2024-01-28,email,2,2,0,0,1
1268,1678,2024-06-10,direct,1,3,0,0,0
1268,1678,2024-06-10,direct,2,3,0,0,0
1268,1678,2024-06-10,referral,3,3,0,0,5
1269,49,2024-07-20,referral,1,5,0,0,5
1269,49,2024-07-20,referral,2,5,0,0,5
1269,49,2024-07-20,referral,3,5,0,0,5
1269,49,2024-07-20,email,4,5,0,0,1
1269,49,2024-07-20,referral,5,5,0,0,5
1270,1183,2024-05-27,email,1,6,0,0,1
1270,1183,2024-05-27,organic_search,2,6,0,0,0
1270,1183,2024-05-27,organic_search,3,6,0,0,0
1270,1183,2024-05-27,facebook_ads,4,6,0,0,8
1270,1183,2024-05-27,google_ads,5,6,0,0,12
1270,1183,2024-05-27,facebook_ads,6,6,0,0,8
1271,1562,2024-05-20,direct,1,5,0,0,0
1271,1562,2024-05-20,direct,2,5,0,0,0
1271,1562,2024-05-20,direct,3,5,0,0,0
1271,1562,2024-05-20,direct,4,5,0,0,0
1271,1562,2024-05-20,facebook_ads,5,5,0,0,8
1272,899,2024-01-29,direct,1,6,0,0,0
1272,899,2024-01-29,referral,2,6,0,0,5
1272,899,2024-01-29,organic_search,3,6,0,0,0
1272,899,2024-01-29,direct,4,6,0,0,0
1272,899,2024-01-29,referral,5,6,0,0,5
1272,899,2024-01-29,organic_search,6,6,0,0,0
1273,1962,2024-01-11,email,1,3,0,0,1
1273,1962,2024-01-11,google_ads,2,3,0,0,12
1273,1962,2024-01-11,organic_search,3,3,0,0,0
1274,887,2024-04-23,google_ads,1,2,0,0,12
1274,887,2024-04-23,referral,2,2,0,0,5
1275,5,2024-04-20,email,1,6,0,0,1
1275,5,2024-04-20,referral,2,6,0,0,5
1275,5,2024-04-20,organic_search,3,6,0,0,0
1275,5,2024-04-20,referral,4,6,0,0,5
1275,5,2024-04-20,organic_search,5,6,0,0,0
1275,5,2024-04-20,direct,6,6,0,0,0
1276,1443,2024-07-29,google_ads,1,6,1,149,12
1276,1443,2024-07-29,email,2,6,1,149,1
1276,1443,2024-07-29,referral,3,6,1,149,5
1276,1443,2024-07-29,organic_search,4,6,1,149,0
1276,1443,2024-07-29,organic_search,5,6,1,149,0
1276,1443,2024-07-29,direct,6,6,1,149,0
1277,1740,2024-02-26,direct,1,2,0,0,0
1277,1740,2024-02-26,google_ads,2,2,0,0,12
1278,614,2024-05-17,referral,1,5,0,0,5
1278,614,2024-05-17,organic_search,2,5,0,0,0
1278,614,2024-05-17,google_ads,3,5,0,0,12
1278,614,2024-05-17,direct,4,5,0,0,0
1278,614,2024-05-17,google_ads,5,5,0,0,12
1279,997,2024-09-13,direct,1,1,0,0,0
1280,986,2024-07-18,direct,1,3,0,0,0
1280,986,2024-07-18,direct,2,3,0,0,0
1280,986,2024-07-18,facebook_ads,3,3,0,0,8
1281,459,2024-03-08,referral,1,6,0,0,5
1281,459,2024-03-08,direct,2,6,0,0,0
1281,459,2024-03-08,referral,3,6,0,0,5
1281,459,2024-03-08,referral,4,6,0,0,5
1281,459,2024-03-08,referral,5,6,0,0,5
1281,459,2024-03-08,google_ads,6,6,0,0,12
1282,1119,2024-08-15,direct,1,3,0,0,0
1282,1119,2024-08-15,organic_search,2,3,0,0,0
1282,1119,2024-08-15,organic_search,3,3,0,0,0
1283,1480,2024-07-26,organic_search,1,1,0,0,0
1284,1115,2024-09-27,facebook_ads,1,1,0,0,8
1285,959,2024-02-24,facebook_ads,1,1,0,0,8
1286,1367,2024-03-15,direct,1,5,0,0,0
1286,1367,2024-03-15,facebook_ads,2,5,0,0,8
1286,1367,2024-03-15,email,3,5,0,0,1
1286,1367,2024-03-15,organic_search,4,5,0,0,0
1286,1367,2024-03-15,facebook_ads,5,5,0,0,8
1287,112,2024-09-08,referral,1,5,0,0,5
1287,112,2024-09-08,direct,2,5,0,0,0
1287,112,2024-09-08,facebook_ads,3,5,0,0,8
1287,112,2024-09-08,direct,4,5,0,0,0
1287,112,2024-09-08,facebook_ads,5,5,0,0,8
1288,1256,2024-05-28,referral,1,6,0,0,5
1288,1256,2024-05-28,email,2,6,0,0,1
1288,1256,2024-05-28,google_ads,3,6,0,0,12
1288,1256,2024-05-28,direct,4,6,0,0,0
1288,1256,2024-05-28,facebook_ads,5,6,0,0,8
1288,1256,2024-05-28,referral,6,6,0,0,5
1289,976,2024-01-24,email,1,6,0,0,1
1289,976,2024-01-24,direct,2,6,0,0,0
1289,976,2024-01-24,organic_search,3,6,0,0,0
1289,976,2024-01-24,google_ads,4,6,0,0,12
1289,976,2024-01-24,organic_search,5,6,0,0,0
1289,976,2024-01-24,referral,6,6,0,0,5
1290,1387,2024-01-11,google_ads,1,5,1,299,12
1290,1387,2024-01-11,facebook_ads,2,5,1,299,8
1290,1387,2024-01-11,facebook_ads,3,5,1,299,8
1290,1387,2024-01-11,email,4,5,1,299,1
1290,1387,2024-01-11,direct,5,5,1,299,0
1291,51,2024-03-29,google_ads,1,6,0,0,12
1291,51,2024-03-29,facebook_ads,2,6,0,0,8
1291,51,2024-03-29,organic_search,3,6,0,0,0
1291,51,2024-03-29,email,4,6,0,0,1
1291,51,2024-03-29,direct,5,6,0,0,0
1291,51,2024-03-29,facebook_ads,6,6,0,0,8
1292,890,2024-03-23,facebook_ads,1,4,0,0,8
1292,890,2024-03-23,facebook_ads,2,4,0,0,8
1292,890,2024-03-23,organic_search,3,4,0,0,0
1292,890,2024-03-23,direct,4,4,0,0,0
1293,1483,2024-09-16,facebook_ads,1,1,0,0,8
1294,1789,2024-06-17,referral,1,4,0,0,5
1294,1789,2024-06-17,email,2,4,0,0,1
1294,1789,2024-06-17,referral,3,4,0,0,5
1294,1789,2024-06-17,referral,4,4,0,0,5
1295,1619,2024-05-21,google_ads,1,1,0,0,12
1296,537,2024-02-28,direct,1,2,0,0,0
1296,537,2024-02-28,email,2,2,0,0,1
1297,309,2024-07-14,referral,1,1,0,0,5
1298,1005,2024-08-22,organic_search,1,3,1,49,0
1298,1005,2024-08-22,referral,2,3,1,49,5
1298,1005,2024-08-22,google_ads,3,3,1,49,12
1299,1965,2024-01-24,direct,1,3,0,0,0
1299,1965,2024-01-24,facebook_ads,2,3,0,0,8
1299,1965,2024-01-24,google_ads,3,3,0,0,12
1300,520,2024-03-19,google_ads,1,3,0,0,12
1300,520,2024-03-19,facebook_ads,2,3,0,0,8
1300,520,2024-03-19,facebook_ads,3,3,0,0,8
1301,1264,2024-02-10,direct,1,2,0,0,0
1301,1264,2024-02-10,direct,2,2,0,0,0
1302,816,2024-03-22,facebook_ads,1,4,0,0,8
1302,816,2024-03-22,email,2,4,0,0,1
1302,816,2024-03-22,referral,3,4,0,0,5
1302,816,2024-03-22,facebook_ads,4,4,0,0,8
1303,1629,2024-06-18,direct,1,5,0,0,0
1303,1629,2024-06-18,google_ads,2,5,0,0,12
1303,1629,2024-06-18,email,3,5,0,0,1
1303,1629,2024-06-18,referral,4,5,0,0,5
1303,1629,2024-06-18,organic_search,5,5,0,0,0
1304,1218,2024-09-03,organic_search,1,6,0,0,0
1304,1218,2024-09-03,organic_search,2,6,0,0,0
1304,1218,2024-09-03,direct,3,6,0,0,0
1304,1218,2024-09-03,referral,4,6,0,0,5
1304,1218,2024-09-03,email,5,6,0,0,1
1304,1218,2024-09-03,facebook_ads,6,6,0,0,8
1305,1554,2024-07-16,email,1,5,1,49,1
1305,1554,2024-07-16,direct,2,5,1,49,0
1305,1554,2024-07-16,facebook_ads,3,5,1,49,8
1305,1554,2024-07-16,google_ads,4,5,1,49,12
1305,1554,2024-07-16,direct,5,5,1,49,0
1306,1277,2024-09-17,direct,1,6,0,0,0
1306,1277,2024-09-17,facebook_ads,2,6,0,0,8
1306,1277,2024-09-17,google_ads,3,6,0,0,12
1306,1277,2024-09-17,direct,4,6,0,0,0
1306,1277,2024-09-17,direct,5,6,0,0,0
1306,1277,2024-09-17,organic_search,6,6,0,0,0
1307,1820,2024-05-06,google_ads,1,2,0,0,12
1307,1820,2024-05-06,google_ads,2,2,0,0,12
1308,1217,2024-05-17,direct,1,4,0,0,0
1308,1217,2024-05-17,direct,2,4,0,0,0
1308,1217,2024-05-17,referral,3,4,0,0,5
1308,1217,2024-05-17,referral,4,4,0,0,5
1309,281,2024-06-05,google_ads,1,2,0,0,12
1309,281,2024-06-05,referral,2,2,0,0,5
1310,1531,2024-06-28,facebook_ads,1,4,1,149,8
1310,1531,2024-06-28,organic_search,2,4,1,149,0
1310,1531,2024-06-28,facebook_ads,3,4,1,149,8
1310,1531,2024-06-28,referral,4,4,1,149,5
1311,1228,2024-02-27,referral,1,2,1,99,5
1311,1228,2024-02-27,google_ads,2,2,1,99,12
1312,231,2024-04-08,direct,1,2,1,149,0
1312,231,2024-04-08,email,2,2,1,149,1
1313,1544,2024-03-28,email,1,6,0,0,1
1313,1544,2024-03-28,direct,2,6,0,0,0
1313,1544,2024-03-28,facebook_ads,3,6,0,0,8
1313,1544,2024-03-28,organic_search,4,6,0,0,0
1313,1544,2024-03-28,referral,5,6,0,0,5
1313,1544,2024-03-28,organic_search,6,6,0,0,0
1314,1120,2024-09-13,direct,1,4,0,0,0
1314,1120,2024-09-13,direct,2,4,0,0,0
1314,1120,2024-09-13,email,3,4,0,0,1
1314,1120,2024-09-13,organic_search,4,4,0,0,0
1315,1033,2024-03-01,organic_search,1,6,0,0,0
1315,1033,2024-03-01,facebook_ads,2,6,0,0,8
1315,1033,2024-03-01,referral,3,6,0,0,5
1315,1033,2024-03-01,google_ads,4,6,0,0,12
1315,1033,2024-03-01,google_ads,5,6,0,0,12
1315,1033,2024-03-01,organic_search,6,6,0,0,0
1316,1401,2024-04-10,google_ads,1,5,0,0,12
1316,1401,2024-04-10,referral,2,5,0,0,5
1316,1401,2024-04-10,organic_search,3,5,0,0,0
1316,1401,2024-04-10,referral,4,5,0,0,5
1316,1401,2024-04-10,email,5,5,0,0,1
1317,1356,2024-08-18,direct,1,6,0,0,0
1317,1356,2024-08-18,organic_search,2,6,0,0,0
1317,1356,2024-08-18,referral,3,6,0,0,5
1317,1356,2024-08-18,referral,4,6,0,0,5
1317,1356,2024-08-18,direct,5,6,0,0,0
1317,1356,2024-08-18,direct,6,6,0,0,0
1318,1800,2024-01-03,email,1,1,1,299,1
1319,851,2024-05-07,google_ads,1,1,0,0,12
1320,803,2024-07-21,organic_search,1,6,1,49,0
1320,803,2024-07-21,facebook_ads,2,6,1,49,8
1320,803,2024-07-21,email,3,6,1,49,1
1320,803,2024-07-21,organic_search,4,6,1,49,0
1320,803,2024-07-21,google_ads,5,6,1,49,12
1320,803,2024-07-21,organic_search,6,6,1,49,0
1321,896,2024-04-30,facebook_ads,1,1,0,0,8
1322,1832,2024-05-10,direct,1,2,0,0,0
1322,1832,2024-05-10,organic_search,2,2,0,0,0
1323,1713,2024-09-25,email,1,3,0,0,1
1323,1713,2024-09-25,email,2,3,0,0,1
1323,1713,2024-09-25,facebook_ads,3,3,0,0,8
1324,1798,2024-02-05,email,1,5,0,0,1
1324,1798,2024-02-05,organic_search,2,5,0,0,0
1324,1798,2024-02-05,organic_search,3,5,0,0,0
1324,1798,2024-02-05,direct,4,5,0,0,0
1324,1798,2024-02-05,referral,5,5,0,0,5
1325,311,2024-07-28,referral,1,5,0,0,5
1325,311,2024-07-28,direct,2,5,0,0,0
1325,311,2024-07-28,referral,3,5,0,0,5
1325,311,2024-07-28,facebook_ads,4,5,0,0,8
1325,311,2024-07-28,email,5,5,0,0,1
1326,644,2024-06-12,google_ads,1,3,0,0,12
1326,644,2024-06-12,email,2,3,0,0,1
1326,644,2024-06-12,facebook_ads,3,3,0,0,8
1327,1344,2024-02-04,google_ads,1,1,0,0,12
1328,1656,2024-08-18,direct,1,3,0,0,0
1328,1656,2024-08-18,google_ads,2,3,0,0,12
1328,1656,2024-08-18,organic_search,3,3,0,0,0
1329,1163,2024-05-04,facebook_ads,1,3,0,0,8
1329,1163,2024-05-04,organic_search,2,3,0,0,0
1329,1163,2024-05-04,facebook_ads,3,3,0,0,8
1330,191,2024-02-11,direct,1,3,0,0,0
1330,191,2024-02-11,facebook_ads,2,3,0,0,8
1330,191,2024-02-11,google_ads,3,3,0,0,12
1331,1634,2024-08-06,direct,1,1,0,0,0
1332,942,2024-09-12,direct,1,3,0,0,0
1332,942,2024-09-12,facebook_ads,2,3,0,0,8
1332,942,2024-09-12,facebook_ads,3,3,0,0,8
1333,716,2024-03-06,organic_search,1,5,0,0,0
1333,716,2024-03-06,direct,2,5,0,0,0
1333,716,2024-03-06,organic_search,3,5,0,0,0
1333,716,2024-03-06,google_ads,4,5,0,0,12
1333,716,2024-03-06,referral,5,5,0,0,5
1334,130,2024-05-27,facebook_ads,1,5,1,99,8
1334,130,2024-05-27,direct,2,5,1,99,0
1334,130,2024-05-27,organic_search,3,5,1,99,0
1334,130,2024-05-27,organic_search,4,5,1,99,0
1334,130,2024-05-27,facebook_ads,5,5,1,99,8
1335,735,2024-01-13,facebook_ads,1,2,1,149,8
1335,735,2024-01-13,organic_search,2,2,1,149,0
1336,405,2024-01-30,facebook_ads,1,4,0,0,8
1336,405,2024-01-30,email,2,4,0,0,1
1336,405,2024-01-30,email,3,4,0,0,1
1336,405,2024-01-30,organic_search,4,4,0,0,0
1337,512,2024-07-04,email,1,1,0,0,1
1338,890,2024-07-10,direct,1,6,0,0,0
1338,890,2024-07-10,referral,2,6,0,0,5
1338,890,2024-07-10,email,3,6,0,0,1
1338,890,2024-07-10,google_ads,4,6,0,0,12
1338,890,2024-07-10,google_ads,5,6,0,0,12
1338,890,2024-07-10,referral,6,6,0,0,5
1339,1107,2024-03-21,organic_search,1,2,0,0,0
1339,1107,2024-03-21,email,2,2,0,0,1
1340,568,2024-05-08,direct,1,2,0,0,0
1340,568,2024-05-08,direct,2,2,0,0,0
1341,1716,2024-08-19,facebook_ads,1,6,0,0,8
1341,1716,2024-08-19,organic_search,2,6,0,0,0
1341,1716,2024-08-19,referral,3,6,0,0,5
1341,1716,2024-08-19,referral,4,6,0,0,5
1341,1716,2024-08-19,organic_search,5,6,0,0,0
1341,1716,2024-08-19,direct,6,6,0,0,0
1342,1250,2024-02-25,google_ads,1,1,0,0,12
1343,1260,2024-07-19,facebook_ads,1,3,0,0,8
1343,1260,2024-07-19,direct,2,3,0,0,0
1343,1260,2024-07-19,email,3,3,0,0,1
1344,303,2024-09-14,referral,1,4,0,0,5
1344,303,2024-09-14,organic_search,2,4,0,0,0
1344,303,2024-09-14,google_ads,3,4,0,0,12
1344,303,2024-09-14,direct,4,4,0,0,0
1345,1721,2024-06-23,direct,1,3,0,0,0
1345,1721,2024-06-23,organic_search,2,3,0,0,0
1345,1721,2024-06-23,organic_search,3,3,0,0,0
1346,1790,2024-08-28,google_ads,1,1,0,0,12
1347,1223,2024-03-02,organic_search,1,4,0,0,0
1347,1223,2024-03-02,referral,2,4,0,0,5
1347,1223,2024-03-02,referral,3,4,0,0,5
1347,1223,2024-03-02,google_ads,4,4,0,0,12
1348,1211,2024-05-31,direct,1,4,0,0,0
1348,1211,2024-05-31,google_ads,2,4,0,0,12
1348,1211,2024-05-31,organic_search,3,4,0,0,0
1348,1211,2024-05-31,referral,4,4,0,0,5
1349,1169,2024-07-11,google_ads,1,3,1,499,12
1349,1169,2024-07-11,google_ads,2,3,1,499,12
1349,1169,2024-07-11,direct,3,3,1,499,0
1350,1139,2024-07-13,organic_search,1,4,0,0,0
1350,1139,2024-07-13,referral,2,4,0,0,5
1350,1139,2024-07-13,google_ads,3,4,0,0,12
1350,1139,2024-07-13,facebook_ads,4,4,0,0,8
1351,1920,2024-04-13,organic_search,1,6,0,0,0
1351,1920,2024-04-13,organic_search,2,6,0,0,0
1351,1920,2024-04-13,direct,3,6,0,0,0
1351,1920,2024-04-13,organic_search,4,6,0,0,0
1351,1920,2024-04-13,direct,5,6,0,0,0
1351,1920,2024-04-13,referral,6,6,0,0,5
1352,743,2024-02-14,organic_search,1,6,0,0,0
1352,743,2024-02-14,email,2,6,0,0,1
1352,743,2024-02-14,facebook_ads,3,6,0,0,8
1352,743,2024-02-14,google_ads,4,6,0,0,12
1352,743,2024-02-14,organic_search,5,6,0,0,0
1352,743,2024-02-14,email,6,6,0,0,1
1353,188,2024-01-24,email,1,5,0,0,1
1353,188,2024-01-24,email,2,5,0,0,1
1353,188,2024-01-24,google_ads,3,5,0,0,12
1353,188,2024-01-24,referral,4,5,0,0,5
1353,188,2024-01-24,referral,5,5,0,0,5
1354,908,2024-09-25,facebook_ads,1,4,0,0,8
1354,908,2024-09-25,direct,2,4,0,0,0
1354,908,2024-09-25,direct,3,4,0,0,0
1354,908,2024-09-25,direct,4,4,0,0,0
1355,1321,2024-06-27,direct,1,5,0,0,0
1355,1321,2024-06-27,organic_search,2,5,0,0,0
1355,1321,2024-06-27,referral,3,5,0,0,5
1355,1321,2024-06-27,email,4,5,0,0,1
1355,1321,2024-06-27,organic_search,5,5,0,0,0
1356,1557,2024-06-04,direct,1,4,1,99,0
1356,1557,2024-06-04,facebook_ads,2,4,1,99,8
1356,1557,2024-06-04,organic_search,3,4,1,99,0
1356,1557,2024-06-04,email,4,4,1,99,1
1357,928,2024-09-03,referral,1,2,0,0,5
1357,928,2024-09-03,organic_search,2,2,0,0,0
1358,1472,2024-05-27,organic_search,1,2,1,99,0
1358,1472,2024-05-27,email,2,2,1,99,1
1359,253,2024-04-07,referral,1,2,0,0,5
1359,253,2024-04-07,organic_search,2,2,0,0,0
1360,1179,2024-05-31,referral,1,3,0,0,5
1360,1179,2024-05-31,direct,2,3,0,0,0
1360,1179,2024-05-31,email,3,3,0,0,1
1361,724,2024-06-08,google_ads,1,3,0,0,12
1361,724,2024-06-08,direct,2,3,0,0,0
1361,724,2024-06-08,facebook_ads,3,3,0,0,8
1362,196,2024-02-09,organic_search,1,3,0,0,0
1362,196,2024-02-09,organic_search,2,3,0,0,0
1362,196,2024-02-09,direct,3,3,0,0,0
1363,1311,2024-04-16,referral,1,3,0,0,5
1363,1311,2024-04-16,referral,2,3,0,0,5
1363,1311,2024-04-16,facebook_ads,3,3,0,0,8
1364,1549,2024-07-10,direct,1,3,0,0,0
1364,1549,2024-07-10,email,2,3,0,0,1
1364,1549,2024-07-10,google_ads,3,3,0,0,12
1365,328,2024-07-31,direct,1,6,0,0,0
1365,328,2024-07-31,facebook_ads,2,6,0,0,8
1365,328,2024-07-31,google_ads,3,6,0,0,12
1365,328,2024-07-31,facebook_ads,4,6,0,0,8
1365,328,2024-07-31,email,5,6,0,0,1
1365,328,2024-07-31,direct,6,6,0,0,0
1366,823,2024-09-07,google_ads,1,3,0,0,12
1366,823,2024-09-07,organic_search,2,3,0,0,0
1366,823,2024-09-07,direct,3,3,0,0,0
1367,684,2024-05-23,organic_search,1,4,1,499,0
1367,684,2024-05-23,google_ads,2,4,1,499,12
1367,684,2024-05-23,email,3,4,1,499,1
1367,684,2024-05-23,direct,4,4,1,499,0
1368,396,2024-04-26,google_ads,1,4,0,0,12
1368,396,2024-04-26,direct,2,4,0,0,0
1368,396,2024-04-26,email,3,4,0,0,1
1368,396,2024-04-26,facebook_ads,4,4,0,0,8
1369,585,2024-03-29,direct,1,5,0,0,0
1369,585,2024-03-29,google_ads,2,5,0,0,12
1369,585,2024-03-29,google_ads,3,5,0,0,12
1369,585,2024-03-29,organic_search,4,5,0,0,0
1369,585,2024-03-29,referral,5,5,0,0,5
1370,1436,2024-09-06,email,1,6,0,0,1
1370,1436,2024-09-06,direct,2,6,0,0,0
1370,1436,2024-09-06,facebook_ads,3,6,0,0,8
1370,1436,2024-09-06,direct,4,6,0,0,0
1370,1436,2024-09-06,email,5,6,0,0,1
1370,1436,2024-09-06,facebook_ads,6,6,0,0,8
1371,872,2024-05-17,email,1,6,0,0,1
1371,872,2024-05-17,facebook_ads,2,6,0,0,8
1371,872,2024-05-17,google_ads,3,6,0,0,12
1371,872,2024-05-17,facebook_ads,4,6,0,0,8
1371,872,2024-05-17,google_ads,5,6,0,0,12
1371,872,2024-05-17,email,6,6,0,0,1
1372,1425,2024-04-02,direct,1,6,0,0,0
1372,1425,2024-04-02,direct,2,6,0,0,0
1372,1425,2024-04-02,direct,3,6,0,0,0
1372,1425,2024-04-02,facebook_ads,4,6,0,0,8
1372,1425,2024-04-02,google_ads,5,6,0,0,12
1372,1425,2024-04-02,facebook_ads,6,6,0,0,8
1373,486,2024-05-11,facebook_ads,1,3,0,0,8
1373,486,2024-05-11,direct,2,3,0,0,0
1373,486,2024-05-11,facebook_ads,3,3,0,0,8
1374,429,2024-06-23,facebook_ads,1,5,0,0,8
1374,429,2024-06-23,direct,2,5,0,0,0
1374,429,2024-06-23,google_ads,3,5,0,0,12
1374,429,2024-06-23,organic_search,4,5,0,0,0
1374,429,2024-06-23,facebook_ads,5,5,0,0,8
1375,1971,2024-04-29,google_ads,1,4,0,0,12
1375,1971,2024-04-29,referral,2,4,0,0,5
1375,1971,2024-04-29,facebook_ads,3,4,0,0,8
1375,1971,2024-04-29,google_ads,4,4,0,0,12
1376,568,2024-05-10,facebook_ads,1,6,1,299,8
1376,568,2024-05-10,google_ads,2,6,1,299,12
1376,568,2024-05-10,direct,3,6,1,299,0
1376,568,2024-05-10,referral,4,6,1,299,5
1376,568,2024-05-10,organic_search,5,6,1,299,0
1376,568,2024-05-10,email,6,6,1,299,1
1377,189,2024-09-21,organic_search,1,3,0,0,0
1377,189,2024-09-21,google_ads,2,3,0,0,12
1377,189,2024-09-21,referral,3,3,0,0,5
1378,955,2024-07-16,google_ads,1,4,0,0,12
1378,955,2024-07-16,facebook_ads,2,4,0,0,8
1378,955,2024-07-16,google_ads,3,4,0,0,12
1378,955,2024-07-16,email,4,4,0,0,1
1379,849,2024-02-23,email,1,5,1,149,1
1379,849,2024-02-23,referral,2,5,1,149,5
1379,849,2024-02-23,organic_search,3,5,1,149,0
1379,849,2024-02-23,referral,4,5,1,149,5
1379,849,2024-02-23,email,5,5,1,149,1
1380,1545,2024-08-11,email,1,6,1,49,1
1380,1545,2024-08-11,referral,2,6,1,49,5
1380,1545,2024-08-11,referral,3,6,1,49,5
1380,1545,2024-08-11,referral,4,6,1,49,5
1380,1545,2024-08-11,organic_search,5,6,1,49,0
1380,1545,2024-08-11,facebook_ads,6,6,1,49,8
1381,486,2024-01-23,direct,1,5,0,0,0
1381,486,2024-01-23,google_ads,2,5,0,0,12
1381,486,2024-01-23,google_ads,3,5,0,0,12
1381,486,2024-01-23,google_ads,4,5,0,0,12
1381,486,2024-01-23,email,5,5,0,0,1
1382,515,2024-05-19,email,1,6,0,0,1
1382,515,2024-05-19,organic_search,2,6,0,0,0
1382,515,2024-05-19,email,3,6,0,0,1
1382,515,2024-05-19,direct,4,6,0,0,0
1382,515,2024-05-19,facebook_ads,5,6,0,0,8
1382,515,2024-05-19,organic_search,6,6,0,0,0
1383,239,2024-03-22,google_ads,1,1,0,0,12
1384,1548,2024-08-16,referral,1,6,0,0,5
1384,1548,2024-08-16,google_ads,2,6,0,0,12
1384,1548,2024-08-16,organic_search,3,6,0,0,0
1384,1548,2024-08-16,referral,4,6,0,0,5
1384,1548,2024-08-16,email,5,6,0,0,1
1384,1548,2024-08-16,google_ads,6,6,0,0,12
1385,1805,2024-03-15,organic_search,1,2,0,0,0
1385,1805,2024-03-15,referral,2,2,0,0,5
1386,659,2024-09-21,facebook_ads,1,2,0,0,8
1386,659,2024-09-21,email,2,2,0,0,1
1387,1764,2024-07-12,google_ads,1,1,0,0,12
1388,1713,2024-01-18,email,1,4,0,0,1
1388,1713,2024-01-18,direct,2,4,0,0,0
1388,1713,2024-01-18,direct,3,4,0,0,0
1388,1713,2024-01-18,facebook_ads,4,4,0,0,8
1389,82,2024-09-13,google_ads,1,2,0,0,12
1389,82,2024-09-13,direct,2,2,0,0,0
1390,1156,2024-08-09,google_ads,1,6,0,0,12
1390,1156,2024-08-09,direct,2,6,0,0,0
1390,1156,2024-08-09,email,3,6,0,0,1
1390,1156,2024-08-09,google_ads,4,6,0,0,12
1390,1156,2024-08-09,organic_search,5,6,0,0,0
1390,1156,2024-08-09,google_ads,6,6,0,0,12
1391,1534,2024-06-29,organic_search,1,2,0,0,0
1391,1534,2024-06-29,google_ads,2,2,0,0,12
1392,334,2024-04-23,direct,1,1,0,0,0
1393,51,2024-03-01,referral,1,2,1,99,5
1393,51,2024-03-01,direct,2,2,1,99,0
1394,1970,2024-05-05,facebook_ads,1,6,0,0,8
1394,1970,2024-05-05,email,2,6,0,0,1
1394,1970,2024-05-05,referral,3,6,0,0,5
1394,1970,2024-05-05,referral,4,6,0,0,5
1394,1970,2024-05-05,google_ads,5,6,0,0,12
1394,1970,2024-05-05,email,6,6,0,0,1
1395,382,2024-03-14,facebook_ads,1,2,0,0,8
1395,382,2024-03-14,referral,2,2,0,0,5
1396,149,2024-02-13,email,1,5,0,0,1
1396,149,2024-02-13,organic_search,2,5,0,0,0
1396,149,2024-02-13,google_ads,3,5,0,0,12
1396,149,2024-02-13,email,4,5,0,0,1
1396,149,2024-02-13,email,5,5,0,0,1
1397,204,2024-02-05,facebook_ads,1,6,0,0,8
1397,204,2024-02-05,email,2,6,0,0,1
1397,204,2024-02-05,google_ads,3,6,0,0,12
1397,204,2024-02-05,direct,4,6,0,0,0
1397,204,2024-02-05,facebook_ads,5,6,0,0,8
1397,204,2024-02-05,facebook_ads,6,6,0,0,8
1398,1034,2024-01-21,google_ads,1,1,0,0,12
1399,31,2024-03-13,email,1,1,0,0,1
1400,1096,2024-01-29,direct,1,1,1,49,0
1401,1193,2024-07-16,facebook_ads,1,2,1,49,8
1401,1193,2024-07-16,google_ads,2,2,1,49,12
1402,758,2024-05-02,google_ads,1,3,0,0,12
1402,758,2024-05-02,referral,2,3,0,0,5
1402,758,2024-05-02,referral,3,3,0,0,5
1403,1613,2024-08-30,direct,1,3,0,0,0
1403,1613,2024-08-30,referral,2,3,0,0,5
1403,1613,2024-08-30,direct,3,3,0,0,0
1404,9,2024-08-06,facebook_ads,1,2,1,149,8
1404,9,2024-08-06,email,2,2,1,149,1
1405,758,2024-04-25,referral,1,1,0,0,5
1406,1985,2024-07-18,facebook_ads,1,3,0,0,8
1406,1985,2024-07-18,referral,2,3,0,0,5
1406,1985,2024-07-18,direct,3,3,0,0,0
1407,1873,2024-08-06,direct,1,5,0,0,0
1407,1873,2024-08-06,organic_search,2,5,0,0,0
1407,1873,2024-08-06,direct,3,5,0,0,0
1407,1873,2024-08-06,referral,4,5,0,0,5
1407,1873,2024-08-06,referral,5,5,0,0,5
1408,234,2024-03-08,google_ads,1,4,0,0,12
1408,234,2024-03-08,referral,2,4,0,0,5
1408,234,2024-03-08,direct,3,4,0,0,0
1408,234,2024-03-08,facebook_ads,4,4,0,0,8
1409,202,2024-01-17,google_ads,1,4,0,0,12
1409,202,2024-01-17,direct,2,4,0,0,0
1409,202,2024-01-17,facebook_ads,3,4,0,0,8
1409,202,2024-01-17,email,4,4,0,0,1
1410,110,2024-01-21,referral,1,1,0,0,5
1411,1798,2024-01-23,facebook_ads,1,6,0,0,8
1411,1798,2024-01-23,google_ads,2,6,0,0,12
1411,1798,2024-01-23,organic_search,3,6,0,0,0
1411,1798,2024-01-23,facebook_ads,4,6,0,0,8
1411,1798,2024-01-23,email,5,6,0,0,1
1411,1798,2024-01-23,organic_search,6,6,0,0,0
1412,5,2024-07-13,referral,1,1,0,0,5
1413,1838,2024-02-29,organic_search,1,6,0,0,0
1413,1838,2024-02-29,referral,2,6,0,0,5
1413,1838,2024-02-29,organic_search,3,6,0,0,0
1413,1838,2024-02-29,organic_search,4,6,0,0,0
1413,1838,2024-02-29,direct,5,6,0,0,0
1413,1838,2024-02-29,facebook_ads,6,6,0,0,8
1414,195,2024-04-09,referral,1,5,1,99,5
1414,195,2024-04-09,direct,2,5,1,99,0
1414,195,2024-04-09,direct,3,5,1,99,0
1414,195,2024-04-09,google_ads,4,5,1,99,12
1414,195,2024-04-09,organic_search,5,5,1,99,0
1415,625,2024-05-26,direct,1,1,0,0,0
1416,1755,2024-04-05,organic_search,1,6,0,0,0
1416,1755,2024-04-05,facebook_ads,2,6,0,0,8
1416,1755,2024-04-05,direct,3,6,0,0,0
1416,1755,2024-04-05,referral,4,6,0,0,5
1416,1755,2024-04-05,organic_search,5,6,0,0,0
1416,1755,2024-04-05,direct,6,6,0,0,0
1417,1053,2024-08-13,referral,1,3,0,0,5
1417,1053,2024-08-13,google_ads,2,3,0,0,12
1417,1053,2024-08-13,email,3,3,0,0,1
1418,1841,2024-02-21,direct,1,5,0,0,0
1418,1841,2024-02-21,direct,2,5,0,0,0
1418,1841,2024-02-21,google_ads,3,5,0,0,12
1418,1841,2024-02-21,email,4,5,0,0,1
1418,1841,2024-02-21,referral,5,5,0,0,5
1419,1299,2024-08-23,direct,1,3,1,99,0
1419,1299,2024-08-23,email,2,3,1,99,1
1419,1299,2024-08-23,google_ads,3,3,1,99,12
1420,222,2024-07-16,google_ads,1,3,0,0,12
1420,222,2024-07-16,facebook_ads,2,3,0,0,8
1420,222,2024-07-16,google_ads,3,3,0,0,12
1421,711,2024-05-24,referral,1,2,0,0,5
1421,711,2024-05-24,facebook_ads,2,2,0,0,8
1422,1787,2024-02-23,email,1,4,0,0,1
1422,1787,2024-02-23,google_ads,2,4,0,0,12
1422,1787,2024-02-23,referral,3,4,0,0,5
1422,1787,2024-02-23,direct,4,4,0,0,0
1423,1346,2024-03-30,facebook_ads,1,4,0,0,8
1423,1346,2024-03-30,facebook_ads,2,4,0,0,8
1423,1346,2024-03-30,referral,3,4,0,0,5
1423,1346,2024-03-30,direct,4,4,0,0,0
1424,941,2024-09-16,referral,1,2,0,0,5
1424,941,2024-09-16,facebook_ads,2,2,0,0,8
1425,1434,2024-09-17,facebook_ads,1,6,0,0,8
1425,1434,2024-09-17,email,2,6,0,0,1
1425,1434,2024-09-17,organic_search,3,6,0,0,0
1425,1434,2024-09-17,direct,4,6,0,0,0
1425,1434,2024-09-17,google_ads,5,6,0,0,12
1425,1434,2024-09-17,referral,6,6,0,0,5
1426,1927,2024-09-25,direct,1,1,1,99,0
1427,26,2024-07-02,email,1,2,0,0,1
1427,26,2024-07-02,facebook_ads,2,2,0,0,8
1428,1685,2024-01-18,referral,1,2,0,0,5
1428,1685,2024-01-18,email,2,2,0,0,1
1429,1835,2024-06-27,google_ads,1,5,0,0,12
1429,1835,2024-06-27,facebook_ads,2,5,0,0,8
1429,1835,2024-06-27,google_ads,3,5,0,0,12
1429,1835,2024-06-27,referral,4,5,0,0,5
1429,1835,2024-06-27,facebook_ads,5,5,0,0,8
1430,1089,2024-06-01,email,1,1,0,0,1
1431,367,2024-07-01,email,1,5,0,0,1
1431,367,2024-07-01,direct,2,5,0,0,0
1431,367,2024-07-01,google_ads,3,5,0,0,12
1431,367,2024-07-01,google_ads,4,5,0,0,12
1431,367,2024-07-01,google_ads,5,5,0,0,12
1432,551,2024-03-02,referral,1,5,0,0,5
1432,551,2024-03-02,direct,2,5,0,0,0
1432,551,2024-03-02,direct,3,5,0,0,0
1432,551,2024-03-02,organic_search,4,5,0,0,0
1432,551,2024-03-02,google_ads,5,5,0,0,12
1433,1084,2024-01-16,referral,1,5,0,0,5
1433,1084,2024-01-16,facebook_ads,2,5,0,0,8
1433,1084,2024-01-16,google_ads,3,5,0,0,12
1433,1084,2024-01-16,referral,4,5,0,0,5
1433,1084,2024-01-16,direct,5,5,0,0,0
1434,1568,2024-05-14,facebook_ads,1,3,0,0,8
1434,1568,2024-05-14,google_ads,2,3,0,0,12
1434,1568,2024-05-14,facebook_ads,3,3,0,0,8
1435,1877,2024-08-03,organic_search,1,3,0,0,0
1435,1877,2024-08-03,email,2,3,0,0,1
1435,1877,2024-08-03,referral,3,3,0,0,5
1436,165,2024-06-24,google_ads,1,5,1,149,12
1436,165,2024-06-24,direct,2,5,1,149,0
1436,165,2024-06-24,facebook_ads,3,5,1,149,8
1436,165,2024-06-24,email,4,5,1,149,1
1436,165,2024-06-24,referral,5,5,1,149,5
1437,559,2024-05-10,facebook_ads,1,3,0,0,8
1437,559,2024-05-10,direct,2,3,0,0,0
1437,559,2024-05-10,referral,3,3,0,0,5
1438,39,2024-01-24,organic_search,1,3,1,99,0
1438,39,2024-01-24,direct,2,3,1,99,0
1438,39,2024-01-24,direct,3,3,1,99,0
1439,1982,2024-07-04,facebook_ads,1,4,1,299,8
1439,1982,2024-07-04,direct,2,4,1,299,0
1439,1982,2024-07-04,email,3,4,1,299,1
1439,1982,2024-07-04,organic_search,4,4,1,299,0
1440,992,2024-08-07,email,1,2,0,0,1
1440,992,2024-08-07,direct,2,2,0,0,0
1441,1684,2024-04-28,organic_search,1,6,0,0,0
1441,1684,2024-04-28,organic_search,2,6,0,0,0
1441,1684,2024-04-28,google_ads,3,6,0,0,12
1441,1684,2024-04-28,referral,4,6,0,0,5
1441,1684,2024-04-28,facebook_ads,5,6,0,0,8
1441,1684,2024-04-28,organic_search,6,6,0,0,0
1442,1049,2024-08-01,email,1,6,0,0,1
1442,1049,2024-08-01,google_ads,2,6,0,0,12
1442,1049,2024-08-01,organic_search,3,6,0,0,0
1442,1049,2024-08-01,organic_search,4,6,0,0,0
1442,1049,2024-08-01,email,5,6,0,0,1
1442,1049,2024-08-01,referral,6,6,0,0,5
1443,122,2024-08-04,google_ads,1,4,0,0,12
1443,122,2024-08-04,google_ads,2,4,0,0,12
1443,122,2024-08-04,organic_search,3,4,0,0,0
1443,122,2024-08-04,direct,4,4,0,0,0
1444,1513,2024-05-24,facebook_ads,1,5,0,0,8
1444,1513,2024-05-24,email,2,5,0,0,1
1444,1513,2024-05-24,referral,3,5,0,0,5
1444,1513,2024-05-24,direct,4,5,0,0,0
1444,1513,2024-05-24,referral,5,5,0,0,5
1445,615,2024-07-30,organic_search,1,4,0,0,0
1445,615,2024-07-30,organic_search,2,4,0,0,0
1445,615,2024-07-30,facebook_ads,3,4,0,0,8
1445,615,2024-07-30,facebook_ads,4,4,0,0,8
1446,56,2024-07-14,email,1,6,0,0,1
1446,56,2024-07-14,direct,2,6,0,0,0
1446,56,2024-07-14,referral,3,6,0,0,5
1446,56,2024-07-14,facebook_ads,4,6,0,0,8
1446,56,2024-07-14,facebook_ads,5,6,0,0,8
1446,56,2024-07-14,direct,6,6,0,0,0
1447,73,2024-02-17,email,1,5,0,0,1
1447,73,2024-02-17,direct,2,5,0,0,0
1447,73,2024-02-17,email,3,5,0,0,1
1447,73,2024-02-17,referral,4,5,0,0,5
1447,73,2024-02-17,email,5,5,0,0,1
1448,1736,2024-04-07,email,1,4,0,0,1
1448,1736,2024-04-07,referral,2,4,0,0,5
1448,1736,2024-04-07,google_ads,3,4,0,0,12
1448,1736,2024-04-07,organic_search,4,4,0,0,0
1449,1516,2024-07-24,facebook_ads,1,2,0,0,8
1449,1516,2024-07-24,organic_search,2,2,0,0,0
1450,1949,2024-08-15,direct,1,4,0,0,0
1450,1949,2024-08-15,organic_search,2,4,0,0,0
1450,1949,2024-08-15,google_ads,3,4,0,0,12
1450,1949,2024-08-15,referral,4,4,0,0,5
1451,1695,2024-03-23,email,1,2,0,0,1
1451,1695,2024-03-23,google_ads,2,2,0,0,12
1452,1164,2024-06-30,email,1,4,0,0,1
1452,1164,2024-06-30,organic_search,2,4,0,0,0
1452,1164,2024-06-30,email,3,4,0,0,1
1452,1164,2024-06-30,referral,4,4,0,0,5
1453,1718,2024-08-09,direct,1,4,0,0,0
1453,1718,2024-08-09,organic_search,2,4,0,0,0
1453,1718,2024-08-09,organic_search,3,4,0,0,0
1453,1718,2024-08-09,facebook_ads,4,4,0,0,8
1454,330,2024-05-04,google_ads,1,2,0,0,12
1454,330,2024-05-04,google_ads,2,2,0,0,12
1455,1113,2024-04-16,email,1,3,0,0,1
1455,1113,2024-04-16,email,2,3,0,0,1
1455,1113,2024-04-16,organic_search,3,3,0,0,0
1456,481,2024-08-27,email,1,4,0,0,1
1456,481,2024-08-27,organic_search,2,4,0,0,0
1456,481,2024-08-27,google_ads,3,4,0,0,12
1456,481,2024-08-27,direct,4,4,0,0,0
1457,1789,2024-08-28,organic_search,1,6,1,149,0
1457,1789,2024-08-28,direct,2,6,1,149,0
1457,1789,2024-08-28,referral,3,6,1,149,5
1457,1789,2024-08-28,direct,4,6,1,149,0
1457,1789,2024-08-28,direct,5,6,1,149,0
1457,1789,2024-08-28,email,6,6,1,149,1
1458,57,2024-05-11,referral,1,4,0,0,5
1458,57,2024-05-11,google_ads,2,4,0,0,12
1458,57,2024-05-11,direct,3,4,0,0,0
1458,57,2024-05-11,organic_search,4,4,0,0,0
1459,314,2024-01-15,referral,1,2,0,0,5
1459,314,2024-01-15,organic_search,2,2,0,0,0
1460,1911,2024-08-15,facebook_ads,1,2,1,299,8
1460,1911,2024-08-15,direct,2,2,1,299,0
1461,1028,2024-02-11,referral,1,3,0,0,5
1461,1028,2024-02-11,email,2,3,0,0,1
1461,1028,2024-02-11,direct,3,3,0,0,0
1462,1839,2024-01-07,facebook_ads,1,6,0,0,8
1462,1839,2024-01-07,facebook_ads,2,6,0,0,8
1462,1839,2024-01-07,organic_search,3,6,0,0,0
1462,1839,2024-01-07,direct,4,6,0,0,0
1462,1839,2024-01-07,google_ads,5,6,0,0,12
1462,1839,2024-01-07,referral,6,6,0,0,5
1463,785,2024-06-07,direct,1,3,0,0,0
1463,785,2024-06-07,referral,2,3,0,0,5
1463,785,2024-06-07,email,3,3,0,0,1
1464,650,2024-05-24,direct,1,1,0,0,0
1465,1378,2024-03-06,organic_search,1,3,0,0,0
1465,1378,2024-03-06,email,2,3,0,0,1
1465,1378,2024-03-06,facebook_ads,3,3,0,0,8
1466,1374,2024-06-20,referral,1,5,0,0,5
1466,1374,2024-06-20,direct,2,5,0,0,0
1466,1374,2024-06-20,referral,3,5,0,0,5
1466,1374,2024-06-20,referral,4,5,0,0,5
1466,1374,2024-06-20,organic_search,5,5,0,0,0
1467,344,2024-06-04,referral,1,2,0,0,5
1467,344,2024-06-04,referral,2,2,0,0,5
1468,466,2024-05-18,referral,1,1,0,0,5
1469,1982,2024-05-20,facebook_ads,1,4,0,0,8
1469,1982,2024-05-20,referral,2,4,0,0,5
1469,1982,2024-05-20,direct,3,4,0,0,0
1469,1982,2024-05-20,organic_search,4,4,0,0,0
1470,1554,2024-07-12,direct,1,6,1,49,0
1470,1554,2024-07-12,direct,2,6,1,49,0
1470,1554,2024-07-12,facebook_ads,3,6,1,49,8
1470,1554,2024-07-12,organic_search,4,6,1,49,0
1470,1554,2024-07-12,referral,5,6,1,49,5
1470,1554,2024-07-12,google_ads,6,6,1,49,12
1471,705,2024-06-04,email,1,1,0,0,1
1472,397,2024-09-27,referral,1,5,0,0,5
1472,397,2024-09-27,google_ads,2,5,0,0,12
1472,397,2024-09-27,referral,3,5,0,0,5
1472,397,2024-09-27,referral,4,5,0,0,5
1472,397,2024-09-27,google_ads,5,5,0,0,12
1473,960,2024-02-25,referral,1,2,0,0,5
1473,960,2024-02-25,google_ads,2,2,0,0,12
1474,1100,2024-05-13,email,1,2,1,99,1
1474,1100,2024-05-13,google_ads,2,2,1,99,12
1475,1544,2024-05-30,referral,1,5,0,0,5
1475,1544,2024-05-30,facebook_ads,2,5,0,0,8
1475,1544,2024-05-30,google_ads,3,5,0,0,12
1475,1544,2024-05-30,google_ads,4,5,0,0,12
1475,1544,2024-05-30,referral,5,5,0,0,5
1476,1356,2024-05-26,organic_search,1,2,0,0,0
1476,1356,2024-05-26,email,2,2,0,0,1
1477,362,2024-07-19,email,1,5,0,0,1
1477,362,2024-07-19,google_ads,2,5,0,0,12
1477,362,2024-07-19,facebook_ads,3,5,0,0,8
1477,362,2024-07-19,facebook_ads,4,5,0,0,8
1477,362,2024-07-19,referral,5,5,0,0,5
1478,473,2024-07-15,organic_search,1,5,0,0,0
1478,473,2024-07-15,facebook_ads,2,5,0,0,8
1478,473,2024-07-15,organic_search,3,5,0,0,0
1478,473,2024-07-15,facebook_ads,4,5,0,0,8
1478,473,2024-07-15,referral,5,5,0,0,5
1479,647,2024-05-17,facebook_ads,1,3,0,0,8
1479,647,2024-05-17,facebook_ads,2,3,0,0,8
1479,647,2024-05-17,organic_search,3,3,0,0,0
1480,1367,2024-07-28,email,1,3,0,0,1
1480,1367,2024-07-28,direct,2,3,0,0,0
1480,1367,2024-07-28,referral,3,3,0,0,5
1481,178,2024-02-25,direct,1,6,1,299,0
1481,178,2024-02-25,direct,2,6,1,299,0
1481,178,2024-02-25,facebook_ads,3,6,1,299,8
1481,178,2024-02-25,facebook_ads,4,6,1,299,8
1481,178,2024-02-25,email,5,6,1,299,1
1481,178,2024-02-25,referral,6,6,1,299,5
1482,1488,2024-05-01,email,1,2,0,0,1
1482,1488,2024-05-01,organic_search,2,2,0,0,0
1483,863,2024-01-11,organic_search,1,4,0,0,0
1483,863,2024-01-11,google_ads,2,4,0,0,12
1483,863,2024-01-11,email,3,4,0,0,1
1483,863,2024-01-11,organic_search,4,4,0,0,0
1484,127,2024-01-19,organic_search,1,2,1,49,0
1484,127,2024-01-19,referral,2,2,1,49,5
1485,486,2024-08-24,organic_search,1,6,0,0,0
1485,486,2024-08-24,direct,2,6,0,0,0
1485,486,2024-08-24,google_ads,3,6,0,0,12
1485,486,2024-08-24,organic_search,4,6,0,0,0
1485,486,2024-08-24,google_ads,5,6,0,0,12
1485,486,2024-08-24,organic_search,6,6,0,0,0
1486,49,2024-02-07,direct,1,1,0,0,0
1487,1864,2024-08-30,organic_search,1,6,1,299,0
1487,1864,2024-08-30,direct,2,6,1,299,0
1487,1864,2024-08-30,direct,3,6,1,299,0
1487,1864,2024-08-30,email,4,6,1,299,1
1487,1864,2024-08-30,facebook_ads,5,6,1,299,8
1487,1864,2024-08-30,facebook_ads,6,6,1,299,8
1488,116,2024-09-24,direct,1,6,0,0,0
1488,116,2024-09-24,google_ads,2,6,0,0,12
1488,116,2024-09-24,facebook_ads,3,6,0,0,8
1488,116,2024-09-24,direct,4,6,0,0,0
1488,116,2024-09-24,direct,5,6,0,0,0
1488,116,2024-09-24,email,6,6,0,0,1
1489,1459,2024-03-10,direct,1,3,1,499,0
1489,1459,2024-03-10,referral,2,3,1,499,5
1489,1459,2024-03-10,facebook_ads,3,3,1,499,8
1490,621,2024-06-21,facebook_ads,1,1,0,0,8
1491,696,2024-08-04,organic_search,1,2,0,0,0
1491,696,2024-08-04,organic_search,2,2,0,0,0
1492,199,2024-01-05,direct,1,6,1,149,0
1492,199,2024-01-05,facebook_ads,2,6,1,149,8
1492,199,2024-01-05,direct,3,6,1,149,0
1492,199,2024-01-05,organic_search,4,6,1,149,0
1492,199,2024-01-05,referral,5,6,1,149,5
1492,199,2024-01-05,organic_search,6,6,1,149,0
1493,288,2024-08-17,google_ads,1,1,0,0,12
1494,1151,2024-07-30,direct,1,3,0,0,0
1494,1151,2024-07-30,email,2,3,0,0,1
1494,1151,2024-07-30,facebook_ads,3,3,0,0,8
1495,1774,2024-08-19,email,1,6,1,499,1
1495,1774,2024-08-19,direct,2,6,1,499,0
1495,1774,2024-08-19,organic_search,3,6,1,499,0
1495,1774,2024-08-19,facebook_ads,4,6,1,499,8
1495,1774,2024-08-19,direct,5,6,1,499,0
1495,1774,2024-08-19,google_ads,6,6,1,499,12
1496,26,2024-06-16,organic_search,1,6,0,0,0
1496,26,2024-06-16,organic_search,2,6,0,0,0
1496,26,2024-06-16,google_ads,3,6,0,0,12
1496,26,2024-06-16,google_ads,4,6,0,0,12
1496,26,2024-06-16,google_ads,5,6,0,0,12
1496,26,2024-06-16,google_ads,6,6,0,0,12
1497,1585,2024-03-29,direct,1,1,0,0,0
1498,1724,2024-06-11,referral,1,5,0,0,5
1498,1724,2024-06-11,referral,2,5,0,0,5
1498,1724,2024-06-11,referral,3,5,0,0,5
1498,1724,2024-06-11,google_ads,4,5,0,0,12
1498,1724,2024-06-11,facebook_ads,5,5,0,0,8
1499,1983,2024-06-07,organic_search,1,4,0,0,0
1499,1983,2024-06-07,referral,2,4,0,0,5
1499,1983,2024-06-07,referral,3,4,0,0,5
1499,1983,2024-06-07,organic_search,4,4,0,0,0
1500,1921,2024-05-05,referral,1,2,0,0,5
1500,1921,2024-05-05,direct,2,2,0,0,0
1501,247,2024-09-23,facebook_ads,1,6,0,0,8
1501,247,2024-09-23,email,2,6,0,0,1
1501,247,2024-09-23,facebook_ads,3,6,0,0,8
1501,247,2024-09-23,organic_search,4,6,0,0,0
1501,247,2024-09-23,organic_search,5,6,0,0,0
1501,247,2024-09-23,google_ads,6,6,0,0,12
1502,1426,2024-01-15,google_ads,1,5,1,149,12
1502,1426,2024-01-15,referral,2,5,1,149,5
1502,1426,2024-01-15,facebook_ads,3,5,1,149,8
1502,1426,2024-01-15,referral,4,5,1,149,5
1502,1426,2024-01-15,direct,5,5,1,149,0
1503,1564,2024-07-11,facebook_ads,1,5,0,0,8
1503,1564,2024-07-11,google_ads,2,5,0,0,12
1503,1564,2024-07-11,direct,3,5,0,0,0
1503,1564,2024-07-11,google_ads,4,5,0,0,12
1503,1564,2024-07-11,google_ads,5,5,0,0,12
1504,449,2024-05-15,referral,1,1,0,0,5
1505,259,2024-04-02,facebook_ads,1,4,0,0,8
1505,259,2024-04-02,referral,2,4,0,0,5
1505,259,2024-04-02,organic_search,3,4,0,0,0
1505,259,2024-04-02,facebook_ads,4,4,0,0,8
1506,1008,2024-08-20,direct,1,1,0,0,0
1507,754,2024-07-14,referral,1,6,0,0,5
1507,754,2024-07-14,direct,2,6,0,0,0
1507,754,2024-07-14,organic_search,3,6,0,0,0
1507,754,2024-07-14,google_ads,4,6,0,0,12
1507,754,2024-07-14,organic_search,5,6,0,0,0
1507,754,2024-07-14,organic_search,6,6,0,0,0
1508,911,2024-07-15,organic_search,1,4,0,0,0
1508,911,2024-07-15,direct,2,4,0,0,0
1508,911,2024-07-15,email,3,4,0,0,1
1508,911,2024-07-15,referral,4,4,0,0,5
1509,808,2024-04-14,facebook_ads,1,1,0,0,8
1510,875,2024-03-27,google_ads,1,4,0,0,12
1510,875,2024-03-27,referral,2,4,0,0,5
1510,875,2024-03-27,direct,3,4,0,0,0
1510,875,2024-03-27,google_ads,4,4,0,0,12
1511,1854,2024-01-07,organic_search,1,5,0,0,0
1511,1854,2024-01-07,email,2,5,0,0,1
1511,1854,2024-01-07,email,3,5,0,0,1
1511,1854,2024-01-07,referral,4,5,0,0,5
1511,1854,2024-01-07,facebook_ads,5,5,0,0,8
1512,240,2024-01-11,direct,1,5,0,0,0
1512,240,2024-01-11,email,2,5,0,0,1
1512,240,2024-01-11,referral,3,5,0,0,5
1512,240,2024-01-11,facebook_ads,4,5,0,0,8
1512,240,2024-01-11,direct,5,5,0,0,0
1513,482,2024-03-21,email,1,1,0,0,1
1514,1310,2024-09-13,referral,1,3,0,0,5
1514,1310,2024-09-13,email,2,3,0,0,1
1514,1310,2024-09-13,organic_search,3,3,0,0,0
1515,608,2024-08-25,referral,1,5,0,0,5
1515,608,2024-08-25,referral,2,5,0,0,5
1515,608,2024-08-25,organic_search,3,5,0,0,0
1515,608,2024-08-25,facebook_ads,4,5,0,0,8
1515,608,2024-08-25,direct,5,5,0,0,0
1516,1368,2024-08-05,facebook_ads,1,2,1,49,8
1516,1368,2024-08-05,organic_search,2,2,1,49,0
1517,1270,2024-04-13,referral,1,6,0,0,5
1517,1270,2024-04-13,direct,2,6,0,0,0
1517,1270,2024-04-13,facebook_ads,3,6,0,0,8
1517,1270,2024-04-13,facebook_ads,4,6,0,0,8
1517,1270,2024-04-13,referral,5,6,0,0,5
1517,1270,2024-04-13,email,6,6,0,0,1
1518,1131,2024-06-04,referral,1,6,0,0,5
1518,1131,2024-06-04,google_ads,2,6,0,0,12
1518,1131,2024-06-04,referral,3,6,0,0,5
1518,1131,2024-06-04,direct,4,6,0,0,0
1518,1131,2024-06-04,email,5,6,0,0,1
1518,1131,2024-06-04,email,6,6,0,0,1
1519,1472,2024-08-13,direct,1,1,1,99,0
1520,1667,2024-08-15,organic_search,1,3,0,0,0
1520,1667,2024-08-15,organic_search,2,3,0,0,0
1520,1667,2024-08-15,organic_search,3,3,0,0,0
1521,298,2024-07-03,referral,1,6,0,0,5
1521,298,2024-07-03,direct,2,6,0,0,0
1521,298,2024-07-03,email,3,6,0,0,1
1521,298,2024-07-03,referral,4,6,0,0,5
1521,298,2024-07-03,email,5,6,0,0,1
1521,298,2024-07-03,google_ads,6,6,0,0,12
1522,936,2024-07-30,direct,1,5,0,0,0
1522,936,2024-07-30,email,2,5,0,0,1
1522,936,2024-07-30,google_ads,3,5,0,0,12
1522,936,2024-07-30,direct,4,5,0,0,0
1522,936,2024-07-30,organic_search,5,5,0,0,0
1523,255,2024-01-09,facebook_ads,1,6,0,0,8
1523,255,2024-01-09,referral,2,6,0,0,5
1523,255,2024-01-09,google_ads,3,6,0,0,12
1523,255,2024-01-09,direct,4,6,0,0,0
1523,255,2024-01-09,organic_search,5,6,0,0,0
1523,255,2024-01-09,referral,6,6,0,0,5
1524,472,2024-04-29,organic_search,1,6,1,149,0
1524,472,2024-04-29,facebook_ads,2,6,1,149,8
1524,472,2024-04-29,organic_search,3,6,1,149,0
1524,472,2024-04-29,google_ads,4,6,1,149,12
1524,472,2024-04-29,organic_search,5,6,1,149,0
1524,472,2024-04-29,email,6,6,1,149,1
1525,1872,2024-09-25,organic_search,1,4,0,0,0
1525,1872,2024-09-25,organic_search,2,4,0,0,0
1525,1872,2024-09-25,email,3,4,0,0,1
1525,1872,2024-09-25,direct,4,4,0,0,0
1526,1246,2024-06-09,google_ads,1,1,0,0,12
1527,749,2024-06-16,organic_search,1,6,0,0,0
1527,749,2024-06-16,email,2,6,0,0,1
1527,749,2024-06-16,google_ads,3,6,0,0,12
1527,749,2024-06-16,email,4,6,0,0,1
1527,749,2024-06-16,google_ads,5,6,0,0,12
1527,749,2024-06-16,email,6,6,0,0,1
1528,1256,2024-08-30,organic_search,1,5,0,0,0
1528,1256,2024-08-30,organic_search,2,5,0,0,0
1528,1256,2024-08-30,google_ads,3,5,0,0,12
1528,1256,2024-08-30,email,4,5,0,0,1
1528,1256,2024-08-30,google_ads,5,5,0,0,12
1529,1484,2024-01-12,direct,1,1,0,0,0
1530,1270,2024-08-30,direct,1,2,0,0,0
1530,1270,2024-08-30,referral,2,2,0,0,5
1531,1818,2024-09-14,referral,1,2,1,149,5
1531,1818,2024-09-14,facebook_ads,2,2,1,149,8
1532,135,2024-08-23,facebook_ads,1,6,0,0,8
1532,135,2024-08-23,referral,2,6,0,0,5
1532,135,2024-08-23,direct,3,6,0,0,0
1532,135,2024-08-23,organic_search,4,6,0,0,0
1532,135,2024-08-23,facebook_ads,5,6,0,0,8
1532,135,2024-08-23,organic_search,6,6,0,0,0
1533,1975,2024-05-27,facebook_ads,1,2,0,0,8
1533,1975,2024-05-27,organic_search,2,2,0,0,0
1534,687,2024-02-08,organic_search,1,4,0,0,0
1534,687,2024-02-08,organic_search,2,4,0,0,0
1534,687,2024-02-08,facebook_ads,3,4,0,0,8
1534,687,2024-02-08,referral,4,4,0,0,5
1535,417,2024-06-20,direct,1,5,1,149,0
1535,417,2024-06-20,google_ads,2,5,1,149,12
1535,417,2024-06-20,referral,3,5,1,149,5
1535,417,2024-06-20,direct,4,5,1,149,0
1535,417,2024-06-20,email,5,5,1,149,1
1536,1921,2024-09-26,direct,1,1,0,0,0
1537,521,2024-05-04,organic_search,1,1,0,0,0
1538,236,2024-05-13,direct,1,6,0,0,0
1538,236,2024-05-13,google_ads,2,6,0,0,12
1538,236,2024-05-13,facebook_ads,3,6,0,0,8
1538,236,2024-05-13,organic_search,4,6,0,0,0
1538,236,2024-05-13,direct,5,6,0,0,0
1538,236,2024-05-13,facebook_ads,6,6,0,0,8
1539,1612,2024-01-20,direct,1,3,0,0,0
1539,1612,2024-01-20,facebook_ads,2,3,0,0,8
1539,1612,2024-01-20,facebook_ads,3,3,0,0,8
1540,837,2024-04-13,facebook_ads,1,6,0,0,8
1540,837,2024-04-13,organic_search,2,6,0,0,0
1540,837,2024-04-13,direct,3,6,0,0,0
1540,837,2024-04-13,direct,4,6,0,0,0
1540,837,2024-04-13,referral,5,6,0,0,5
1540,837,2024-04-13,google_ads,6,6,0,0,12
1541,1129,2024-09-16,referral,1,3,0,0,5
1541,1129,2024-09-16,organic_search,2,3,0,0,0
1541,1129,2024-09-16,referral,3,3,0,0,5
1542,1297,2024-09-16,referral,1,6,0,0,5
1542,1297,2024-09-16,direct,2,6,0,0,0
1542,1297,2024-09-16,direct,3,6,0,0,0
1542,1297,2024-09-16,referral,4,6,0,0,5
1542,1297,2024-09-16,referral,5,6,0,0,5
1542,1297,2024-09-16,referral,6,6,0,0,5
1543,127,2024-07-23,facebook_ads,1,6,0,0,8
1543,127,2024-07-23,organic_search,2,6,0,0,0
1543,127,2024-07-23,organic_search,3,6,0,0,0
1543,127,2024-07-23,email,4,6,0,0,1
1543,127,2024-07-23,organic_search,5,6,0,0,0
1543,127,2024-07-23,email,6,6,0,0,1
1544,319,2024-03-18,email,1,1,0,0,1
1545,1939,2024-01-17,organic_search,1,1,0,0,0
1546,458,2024-09-11,facebook_ads,1,6,1,499,8
1546,458,2024-09-11,facebook_ads,2,6,1,499,8
1546,458,2024-09-11,facebook_ads,3,6,1,499,8
1546,458,2024-09-11,referral,4,6,1,499,5
1546,458,2024-09-11,organic_search,5,6,1,499,0
1546,458,2024-09-11,google_ads,6,6,1,499,12
1547,1381,2024-08-06,direct,1,1,0,0,0
1548,1656,2024-05-02,google_ads,1,3,0,0,12
1548,1656,2024-05-02,facebook_ads,2,3,0,0,8
1548,1656,2024-05-02,facebook_ads,3,3,0,0,8
1549,593,2024-07-30,referral,1,4,0,0,5
1549,593,2024-07-30,google_ads,2,4,0,0,12
1549,593,2024-07-30,direct,3,4,0,0,0
1549,593,2024-07-30,google_ads,4,4,0,0,12
1550,1638,2024-08-28,referral,1,1,1,149,5
1551,512,2024-04-19,email,1,2,0,0,1
1551,512,2024-04-19,referral,2,2,0,0,5
1552,1698,2024-01-11,facebook_ads,1,4,0,0,8
1552,1698,2024-01-11,referral,2,4,0,0,5
1552,1698,2024-01-11,google_ads,3,4,0,0,12
1552,1698,2024-01-11,facebook_ads,4,4,0,0,8
1553,489,2024-09-12,direct,1,2,0,0,0
1553,489,2024-09-12,referral,2,2,0,0,5
1554,1833,2024-06-20,referral,1,3,0,0,5
1554,1833,2024-06-20,direct,2,3,0,0,0
1554,1833,2024-06-20,facebook_ads,3,3,0,0,8
1555,580,2024-06-11,organic_search,1,3,0,0,0
1555,580,2024-06-11,direct,2,3,0,0,0
1555,580,2024-06-11,organic_search,3,3,0,0,0
1556,233,2024-07-04,facebook_ads,1,5,0,0,8
1556,233,2024-07-04,email,2,5,0,0,1
1556,233,2024-07-04,organic_search,3,5,0,0,0
1556,233,2024-07-04,referral,4,5,0,0,5
1556,233,2024-07-04,direct,5,5,0,0,0
1557,878,2024-04-03,direct,1,4,1,99,0
1557,878,2024-04-03,google_ads,2,4,1,99,12
1557,878,2024-04-03,email,3,4,1,99,1
1557,878,2024-04-03,email,4,4,1,99,1
1558,840,2024-04-21,referral,1,2,0,0,5
1558,840,2024-04-21,email,2,2,0,0,1
1559,706,2024-02-08,direct,1,1,1,49,0
1560,413,2024-09-21,facebook_ads,1,6,0,0,8
1560,413,2024-09-21,direct,2,6,0,0,0
1560,413,2024-09-21,google_ads,3,6,0,0,12
1560,413,2024-09-21,email,4,6,0,0,1
1560,413,2024-09-21,google_ads,5,6,0,0,12
1560,413,2024-09-21,organic_search,6,6,0,0,0
1561,733,2024-02-08,direct,1,1,0,0,0
1562,799,2024-06-12,direct,1,5,0,0,0
1562,799,2024-06-12,facebook_ads,2,5,0,0,8
1562,799,2024-06-12,referral,3,5,0,0,5
1562,799,2024-06-12,google_ads,4,5,0,0,12
1562,799,2024-06-12,facebook_ads,5,5,0,0,8
1563,322,2024-02-24,email,1,4,0,0,1
1563,322,2024-02-24,google_ads,2,4,0,0,12
1563,322,2024-02-24,referral,3,4,0,0,5
1563,322,2024-02-24,organic_search,4,4,0,0,0
1564,1019,2024-05-03,referral,1,1,0,0,5
1565,1396,2024-05-04,google_ads,1,5,0,0,12
1565,1396,2024-05-04,google_ads,2,5,0,0,12
1565,1396,2024-05-04,referral,3,5,0,0,5
1565,1396,2024-05-04,facebook_ads,4,5,0,0,8
1565,1396,2024-05-04,direct,5,5,0,0,0
1566,350,2024-06-10,organic_search,1,1,0,0,0
1567,249,2024-06-09,direct,1,2,0,0,0
1567,249,2024-06-09,google_ads,2,2,0,0,12
1568,1818,2024-08-23,direct,1,1,0,0,0
1569,563,2024-09-25,referral,1,3,0,0,5
1569,563,2024-09-25,google_ads,2,3,0,0,12
1569,563,2024-09-25,email,3,3,0,0,1
1570,1245,2024-07-20,referral,1,6,0,0,5
1570,1245,2024-07-20,facebook_ads,2,6,0,0,8
1570,1245,2024-07-20,organic_search,3,6,0,0,0
1570,1245,2024-07-20,referral,4,6,0,0,5
1570,1245,2024-07-20,google_ads,5,6,0,0,12
1570,1245,2024-07-20,facebook_ads,6,6,0,0,8
1571,1476,2024-01-14,organic_search,1,1,0,0,0
1572,503,2024-08-12,organic_search,1,1,0,0,0
1573,66,2024-02-04,organic_search,1,5,0,0,0
1573,66,2024-02-04,email,2,5,0,0,1
1573,66,2024-02-04,email,3,5,0,0,1
1573,66,2024-02-04,email,4,5,0,0,1
1573,66,2024-02-04,email,5,5,0,0,1
1574,1006,2024-02-19,facebook_ads,1,5,0,0,8
1574,1006,2024-02-19,referral,2,5,0,0,5
1574,1006,2024-02-19,google_ads,3,5,0,0,12
1574,1006,2024-02-19,facebook_ads,4,5,0,0,8
1574,1006,2024-02-19,organic_search,5,5,0,0,0
1575,1169,2024-09-17,email,1,4,1,299,1
1575,1169,2024-09-17,organic_search,2,4,1,299,0
1575,1169,2024-09-17,google_ads,3,4,1,299,12
1575,1169,2024-09-17,facebook_ads,4,4,1,299,8
1576,1995,2024-03-13,facebook_ads,1,1,0,0,8
1577,124,2024-02-16,organic_search,1,1,1,499,0
1578,17,2024-04-20,email,1,5,1,99,1
1578,17,2024-04-20,referral,2,5,1,99,5
1578,17,2024-04-20,facebook_ads,3,5,1,99,8
1578,17,2024-04-20,organic_search,4,5,1,99,0
1578,17,2024-04-20,google_ads,5,5,1,99,12
1579,1881,2024-06-14,facebook_ads,1,3,0,0,8
1579,1881,2024-06-14,google_ads,2,3,0,0,12
1579,1881,2024-06-14,google_ads,3,3,0,0,12
1580,1520,2024-05-29,direct,1,6,0,0,0
1580,1520,2024-05-29,facebook_ads,2,6,0,0,8
1580,1520,2024-05-29,direct,3,6,0,0,0
1580,1520,2024-05-29,organic_search,4,6,0,0,0
1580,1520,2024-05-29,email,5,6,0,0,1
1580,1520,2024-05-29,facebook_ads,6,6,0,0,8
1581,820,2024-06-26,email,1,3,0,0,1
1581,820,2024-06-26,organic_search,2,3,0,0,0
1581,820,2024-06-26,email,3,3,0,0,1
1582,360,2024-04-21,facebook_ads,1,2,1,99,8
1582,360,2024-04-21,google_ads,2,2,1,99,12
1583,1652,2024-03-02,direct,1,3,0,0,0
1583,1652,2024-03-02,facebook_ads,2,3,0,0,8
1583,1652,2024-03-02,facebook_ads,3,3,0,0,8
1584,271,2024-08-14,direct,1,1,0,0,0
1585,1108,2024-03-18,direct,1,5,0,0,0
1585,1108,2024-03-18,referral,2,5,0,0,5
1585,1108,2024-03-18,referral,3,5,0,0,5
1585,1108,2024-03-18,google_ads,4,5,0,0,12
1585,1108,2024-03-18,organic_search,5,5,0,0,0
1586,1202,2024-05-07,direct,1,4,0,0,0
1586,1202,2024-05-07,organic_search,2,4,0,0,0
1586,1202,2024-05-07,referral,3,4,0,0,5
1586,1202,2024-05-07,direct,4,4,0,0,0
1587,932,2024-09-15,facebook_ads,1,3,1,99,8
1587,932,2024-09-15,facebook_ads,2,3,1,99,8
1587,932,2024-09-15,direct,3,3,1,99,0
1588,1333,2024-06-06,email,1,3,0,0,1
1588,1333,2024-06-06,facebook_ads,2,3,0,0,8
1588,1333,2024-06-06,organic_search,3,3,0,0,0
1589,17,2024-02-24,google_ads,1,1,0,0,12
1590,664,2024-03-18,direct,1,2,0,0,0
1590,664,2024-03-18,email,2,2,0,0,1
1591,1561,2024-06-15,direct,1,6,0,0,0
1591,1561,2024-06-15,google_ads,2,6,0,0,12
1591,1561,2024-06-15,facebook_ads,3,6,0,0,8
1591,1561,2024-06-15,organic_search,4,6,0,0,0
1591,1561,2024-06-15,referral,5,6,0,0,5
1591,1561,2024-06-15,google_ads,6,6,0,0,12
1592,1529,2024-09-27,facebook_ads,1,4,0,0,8
1592,1529,2024-09-27,email,2,4,0,0,1
1592,1529,2024-09-27,referral,3,4,0,0,5
1592,1529,2024-09-27,facebook_ads,4,4,0,0,8
1593,208,2024-05-13,facebook_ads,1,4,0,0,8
1593,208,2024-05-13,organic_search,2,4,0,0,0
1593,208,2024-05-13,google_ads,3,4,0,0,12
1593,208,2024-05-13,google_ads,4,4,0,0,12
1594,744,2024-08-13,organic_search,1,6,0,0,0
1594,744,2024-08-13,organic_search,2,6,0,0,0
1594,744,2024-08-13,facebook_ads,3,6,0,0,8
1594,744,2024-08-13,google_ads,4,6,0,0,12
1594,744,2024-08-13,email,5,6,0,0,1
1594,744,2024-08-13,referral,6,6,0,0,5
1595,1170,2024-06-24,facebook_ads,1,3,0,0,8
1595,1170,2024-06-24,facebook_ads,2,3,0,0,8
1595,1170,2024-06-24,referral,3,3,0,0,5
1596,21,2024-05-30,facebook_ads,1,5,0,0,8
1596,21,2024-05-30,direct,2,5,0,0,0
1596,21,2024-05-30,google_ads,3,5,0,0,12
1596,21,2024-05-30,direct,4,5,0,0,0
1596,21,2024-05-30,facebook_ads,5,5,0,0,8
1597,412,2024-04-03,referral,1,3,0,0,5
1597,412,2024-04-03,facebook_ads,2,3,0,0,8
1597,412,2024-04-03,facebook_ads,3,3,0,0,8
1598,628,2024-07-22,email,1,6,0,0,1
1598,628,2024-07-22,organic_search,2,6,0,0,0
1598,628,2024-07-22,email,3,6,0,0,1
1598,628,2024-07-22,facebook_ads,4,6,0,0,8
1598,628,2024-07-22,google_ads,5,6,0,0,12
1598,628,2024-07-22,direct,6,6,0,0,0
1599,1835,2024-08-20,referral,1,5,0,0,5
1599,1835,2024-08-20,email,2,5,0,0,1
1599,1835,2024-08-20,google_ads,3,5,0,0,12
1599,1835,2024-08-20,direct,4,5,0,0,0
1599,1835,2024-08-20,facebook_ads,5,5,0,0,8
1600,1284,2024-02-29,direct,1,6,0,0,0
1600,1284,2024-02-29,organic_search,2,6,0,0,0
1600,1284,2024-02-29,email,3,6,0,0,1
1600,1284,2024-02-29,facebook_ads,4,6,0,0,8
1600,1284,2024-02-29,organic_search,5,6,0,0,0
1600,1284,2024-02-29,referral,6,6,0,0,5
1601,1952,2024-08-17,referral,1,1,0,0,5
1602,195,2024-07-16,facebook_ads,1,4,0,0,8
1602,195,2024-07-16,facebook_ads,2,4,0,0,8
1602,195,2024-07-16,facebook_ads,3,4,0,0,8
1602,195,2024-07-16,google_ads,4,4,0,0,12
1603,1751,2024-03-27,direct,1,4,0,0,0
1603,1751,2024-03-27,email,2,4,0,0,1
1603,1751,2024-03-27,facebook_ads,3,4,0,0,8
1603,1751,2024-03-27,direct,4,4,0,0,0
1604,889,2024-08-28,email,1,2,0,0,1
1604,889,2024-08-28,referral,2,2,0,0,5
1605,1025,2024-02-04,direct,1,2,1,99,0
1605,1025,2024-02-04,facebook_ads,2,2,1,99,8
1606,1909,2024-05-19,referral,1,4,0,0,5
1606,1909,2024-05-19,google_ads,2,4,0,0,12
1606,1909,2024-05-19,referral,3,4,0,0,5
1606,1909,2024-05-19,organic_search,4,4,0,0,0
1607,84,2024-07-29,organic_search,1,2,0,0,0
1607,84,2024-07-29,facebook_ads,2,2,0,0,8
1608,1476,2024-05-16,direct,1,5,0,0,0
1608,1476,2024-05-16,referral,2,5,0,0,5
1608,1476,2024-05-16,referral,3,5,0,0,5
1608,1476,2024-05-16,direct,4,5,0,0,0
1608,1476,2024-05-16,referral,5,5,0,0,5
1609,931,2024-09-20,referral,1,6,0,0,5
1609,931,2024-09-20,google_ads,2,6,0,0,12
1609,931,2024-09-20,email,3,6,0,0,1
1609,931,2024-09-20,referral,4,6,0,0,5
1609,931,2024-09-20,organic_search,5,6,0,0,0
1609,931,2024-09-20,google_ads,6,6,0,0,12
1610,825,2024-08-10,referral,1,2,0,0,5
1610,825,2024-08-10,referral,2,2,0,0,5
1611,1457,2024-09-17,google_ads,1,2,0,0,12
1611,1457,2024-09-17,email,2,2,0,0,1
1612,1953,2024-08-13,organic_search,1,6,0,0,0
1612,1953,2024-08-13,organic_search,2,6,0,0,0
1612,1953,2024-08-13,facebook_ads,3,6,0,0,8
1612,1953,2024-08-13,email,4,6,0,0,1
1612,1953,2024-08-13,email,5,6,0,0,1
1612,1953,2024-08-13,direct,6,6,0,0,0
1613,223,2024-03-04,google_ads,1,6,1,299,12
1613,223,2024-03-04,organic_search,2,6,1,299,0
1613,223,2024-03-04,facebook_ads,3,6,1,299,8
1613,223,2024-03-04,email,4,6,1,299,1
1613,223,2024-03-04,referral,5,6,1,299,5
1613,223,2024-03-04,direct,6,6,1,299,0
1614,887,2024-03-07,google_ads,1,3,0,0,12
1614,887,2024-03-07,email,2,3,0,0,1
1614,887,2024-03-07,referral,3,3,0,0,5
1615,1335,2024-03-25,referral,1,6,0,0,5
1615,1335,2024-03-25,organic_search,2,6,0,0,0
1615,1335,2024-03-25,email,3,6,0,0,1
1615,1335,2024-03-25,facebook_ads,4,6,0,0,8
1615,1335,2024-03-25,organic_search,5,6,0,0,0
1615,1335,2024-03-25,organic_search,6,6,0,0,0
1616,1082,2024-01-09,direct,1,1,0,0,0
1617,471,2024-05-15,facebook_ads,1,4,1,149,8
1617,471,2024-05-15,direct,2,4,1,149,0
1617,471,2024-05-15,organic_search,3,4,1,149,0
1617,471,2024-05-15,email,4,4,1,149,1
1618,1236,2024-03-03,direct,1,2,0,0,0
1618,1236,2024-03-03,organic_search,2,2,0,0,0
1619,1376,2024-08-10,google_ads,1,4,0,0,12
1619,1376,2024-08-10,direct,2,4,0,0,0
1619,1376,2024-08-10,direct,3,4,0,0,0
1619,1376,2024-08-10,facebook_ads,4,4,0,0,8
1620,1579,2024-07-21,referral,1,3,0,0,5
1620,1579,2024-07-21,email,2,3,0,0,1
1620,1579,2024-07-21,google_ads,3,3,0,0,12
1621,351,2024-05-16,facebook_ads,1,2,0,0,8
1621,351,2024-05-16,organic_search,2,2,0,0,0
1622,88,2024-01-01,email,1,1,0,0,1
1623,434,2024-03-08,referral,1,3,0,0,5
1623,434,2024-03-08,google_ads,2,3,0,0,12
1623,434,2024-03-08,email,3,3,0,0,1
1624,405,2024-05-04,direct,1,5,0,0,0
1624,405,2024-05-04,facebook_ads,2,5,0,0,8
1624,405,2024-05-04,google_ads,3,5,0,0,12
1624,405,2024-05-04,email,4,5,0,0,1
1624,405,2024-05-04,direct,5,5,0,0,0
1625,143,2024-09-02,referral,1,5,0,0,5
1625,143,2024-09-02,organic_search,2,5,0,0,0
1625,143,2024-09-02,facebook_ads,3,5,0,0,8
1625,143,2024-09-02,referral,4,5,0,0,5
1625,143,2024-09-02,google_ads,5,5,0,0,12
1626,225,2024-03-27,direct,1,1,0,0,0
1627,772,2024-04-04,email,1,4,0,0,1
1627,772,2024-04-04,email,2,4,0,0,1
1627,772,2024-04-04,email,3,4,0,0,1
1627,772,2024-04-04,facebook_ads,4,4,0,0,8
1628,1865,2024-04-17,email,1,1,0,0,1
1629,691,2024-05-09,organic_search,1,1,0,0,0
1630,1398,2024-06-28,google_ads,1,4,0,0,12
1630,1398,2024-06-28,email,2,4,0,0,1
1630,1398,2024-06-28,direct,3,4,0,0,0
1630,1398,2024-06-28,direct,4,4,0,0,0
1631,506,2024-04-20,google_ads,1,5,0,0,12
1631,506,2024-04-20,google_ads,2,5,0,0,12
1631,506,2024-04-20,referral,3,5,0,0,5
1631,506,2024-04-20,google_ads,4,5,0,0,12
1631,506,2024-04-20,email,5,5,0,0,1
1632,1622,2024-09-25,referral,1,3,0,0,5
1632,1622,2024-09-25,referral,2,3,0,0,5
1632,1622,2024-09-25,referral,3,3,0,0,5
1633,1945,2024-07-13,email,1,1,0,0,1
1634,274,2024-08-07,facebook_ads,1,1,0,0,8
1635,277,2024-01-16,email,1,5,1,299,1
1635,277,2024-01-16,organic_search,2,5,1,299,0
1635,277,2024-01-16,organic_search,3,5,1,299,0
1635,277,2024-01-16,google_ads,4,5,1,299,12
1635,277,2024-01-16,email,5,5,1,299,1
1636,1036,2024-04-29,google_ads,1,5,1,49,12
1636,1036,2024-04-29,google_ads,2,5,1,49,12
1636,1036,2024-04-29,direct,3,5,1,49,0
1636,1036,2024-04-29,direct,4,5,1,49,0
1636,1036,2024-04-29,organic_search,5,5,1,49,0
1637,1264,2024-04-29,organic_search,1,1,0,0,0
1638,1255,2024-01-26,facebook_ads,1,2,0,0,8
1638,1255,2024-01-26,google_ads,2,2,0,0,12
1639,627,2024-08-11,referral,1,4,0,0,5
1639,627,2024-08-11,email,2,4,0,0,1
1639,627,2024-08-11,organic_search,3,4,0,0,0
1639,627,2024-08-11,facebook_ads,4,4,0,0,8
1640,1919,2024-09-09,email,1,1,1,149,1
1641,911,2024-07-26,direct,1,5,0,0,0
1641,911,2024-07-26,email,2,5,0,0,1
1641,911,2024-07-26,facebook_ads,3,5,0,0,8
1641,911,2024-07-26,direct,4,5,0,0,0
1641,911,2024-07-26,referral,5,5,0,0,5
1642,159,2024-07-12,email,1,2,0,0,1
1642,159,2024-07-12,email,2,2,0,0,1
1643,1536,2024-03-18,organic_search,1,2,0,0,0
1643,1536,2024-03-18,facebook_ads,2,2,0,0,8
1644,1649,2024-02-20,organic_search,1,4,0,0,0
1644,1649,2024-02-20,facebook_ads,2,4,0,0,8
1644,1649,2024-02-20,direct,3,4,0,0,0
1644,1649,2024-02-20,email,4,4,0,0,1
1645,1306,2024-06-08,email,1,6,0,0,1
1645,1306,2024-06-08,organic_search,2,6,0,0,0
1645,1306,2024-06-08,referral,3,6,0,0,5
1645,1306,2024-06-08,organic_search,4,6,0,0,0
1645,1306,2024-06-08,email,5,6,0,0,1
1645,1306,2024-06-08,google_ads,6,6,0,0,12
1646,1959,2024-07-09,direct,1,2,0,0,0
1646,1959,2024-07-09,facebook_ads,2,2,0,0,8
1647,1544,2024-09-03,organic_search,1,1,0,0,0
1648,1080,2024-08-28,email,1,5,1,149,1
1648,1080,2024-08-28,referral,2,5,1,149,5
1648,1080,2024-08-28,direct,3,5,1,149,0
1648,1080,2024-08-28,direct,4,5,1,149,0
1648,1080,2024-08-28,referral,5,5,1,149,5
1649,290,2024-09-16,facebook_ads,1,5,0,0,8
1649,290,2024-09-16,email,2,5,0,0,1
1649,290,2024-09-16,facebook_ads,3,5,0,0,8
1649,290,2024-09-16,referral,4,5,0,0,5
1649,290,2024-09-16,facebook_ads,5,5,0,0,8
1650,615,2024-07-30,email,1,4,0,0,1
1650,615,2024-07-30,referral,2,4,0,0,5
1650,615,2024-07-30,direct,3,4,0,0,0
1650,615,2024-07-30,facebook_ads,4,4,0,0,8
1651,1680,2024-03-03,referral,1,2,0,0,5
1651,1680,2024-03-03,facebook_ads,2,2,0,0,8
1652,303,2024-09-10,organic_search,1,5,0,0,0
1652,303,2024-09-10,email,2,5,0,0,1
1652,303,2024-09-10,facebook_ads,3,5,0,0,8
1652,303,2024-09-10,email,4,5,0,0,1
1652,303,2024-09-10,facebook_ads,5,5,0,0,8
1653,625,2024-08-21,email,1,4,1,149,1
1653,625,2024-08-21,google_ads,2,4,1,149,12
1653,625,2024-08-21,email,3,4,1,149,1
1653,625,2024-08-21,organic_search,4,4,1,149,0
1654,1106,2024-04-18,referral,1,5,0,0,5
1654,1106,2024-04-18,facebook_ads,2,5,0,0,8
1654,1106,2024-04-18,direct,3,5,0,0,0
1654,1106,2024-04-18,direct,4,5,0,0,0
1654,1106,2024-04-18,facebook_ads,5,5,0,0,8
1655,591,2024-06-08,organic_search,1,3,0,0,0
1655,591,2024-06-08,direct,2,3,0,0,0
1655,591,2024-06-08,referral,3,3,0,0,5
1656,1413,2024-04-27,facebook_ads,1,3,0,0,8
1656,1413,2024-04-27,direct,2,3,0,0,0
1656,1413,2024-04-27,email,3,3,0,0,1
1657,1057,2024-08-11,facebook_ads,1,4,0,0,8
1657,1057,2024-08-11,direct,2,4,0,0,0
1657,1057,2024-08-11,direct,3,4,0,0,0
1657,1057,2024-08-11,facebook_ads,4,4,0,0,8
1658,1281,2024-07-02,direct,1,3,0,0,0
1658,1281,2024-07-02,facebook_ads,2,3,0,0,8
1658,1281,2024-07-02,facebook_ads,3,3,0,0,8
1659,1012,2024-06-28,google_ads,1,3,0,0,12
1659,1012,2024-06-28,facebook_ads,2,3,0,0,8
1659,1012,2024-06-28,referral,3,3,0,0,5
1660,1225,2024-05-20,facebook_ads,1,2,0,0,8
1660,1225,2024-05-20,facebook_ads,2,2,0,0,8
1661,282,2024-04-08,organic_search,1,5,0,0,0
1661,282,2024-04-08,direct,2,5,0,0,0
1661,282,2024-04-08,organic_search,3,5,0,0,0
1661,282,2024-04-08,facebook_ads,4,5,0,0,8
1661,282,2024-04-08,email,5,5,0,0,1
1662,434,2024-01-07,referral,1,2,0,0,5
1662,434,2024-01-07,email,2,2,0,0,1
1663,511,2024-02-28,google_ads,1,4,0,0,12
1663,511,2024-02-28,direct,2,4,0,0,0
1663,511,2024-02-28,facebook_ads,3,4,0,0,8
1663,511,2024-02-28,referral,4,4,0,0,5
1664,319,2024-08-21,email,1,4,0,0,1
1664,319,2024-08-21,facebook_ads,2,4,0,0,8
1664,319,2024-08-21,google_ads,3,4,0,0,12
1664,319,2024-08-21,direct,4,4,0,0,0
1665,1156,2024-07-25,direct,1,3,0,0,0
1665,1156,2024-07-25,facebook_ads,2,3,0,0,8
1665,1156,2024-07-25,direct,3,3,0,0,0
1666,615,2024-03-13,email,1,1,0,0,1
1667,1481,2024-08-18,direct,1,3,0,0,0
1667,1481,2024-08-18,google_ads,2,3,0,0,12
1667,1481,2024-08-18,referral,3,3,0,0,5
1668,1181,2024-09-17,direct,1,3,0,0,0
1668,1181,2024-09-17,facebook_ads,2,3,0,0,8
1668,1181,2024-09-17,organic_search,3,3,0,0,0
1669,1934,2024-03-18,google_ads,1,2,0,0,12
1669,1934,2024-03-18,referral,2,2,0,0,5
1670,1429,2024-09-27,direct,1,3,1,99,0
1670,1429,2024-09-27,google_ads,2,3,1,99,12
1670,1429,2024-09-27,email,3,3,1,99,1
1671,502,2024-08-28,direct,1,1,1,499,0
1672,1832,2024-05-05,organic_search,1,1,0,0,0
1673,551,2024-03-06,facebook_ads,1,3,0,0,8
1673,551,2024-03-06,google_ads,2,3,0,0,12
1673,551,2024-03-06,referral,3,3,0,0,5
1674,1677,2024-09-24,referral,1,2,0,0,5
1674,1677,2024-09-24,referral,2,2,0,0,5
1675,476,2024-09-01,google_ads,1,1,1,299,12
1676,1794,2024-08-09,google_ads,1,4,0,0,12
1676,1794,2024-08-09,google_ads,2,4,0,0,12
1676,1794,2024-08-09,email,3,4,0,0,1
1676,1794,2024-08-09,direct,4,4,0,0,0
1677,207,2024-05-23,email,1,1,0,0,1
1678,929,2024-02-12,google_ads,1,1,0,0,12
1679,504,2024-03-28,email,1,1,0,0,1
1680,447,2024-09-20,facebook_ads,1,3,1,99,8
1680,447,2024-09-20,referral,2,3,1,99,5
1680,447,2024-09-20,email,3,3,1,99,1
1681,1609,2024-08-15,email,1,6,1,49,1
1681,1609,2024-08-15,google_ads,2,6,1,49,12
1681,1609,2024-08-15,email,3,6,1,49,1
1681,1609,2024-08-15,google_ads,4,6,1,49,12
1681,1609,2024-08-15,referral,5,6,1,49,5
1681,1609,2024-08-15,direct,6,6,1,49,0
1682,1181,2024-05-23,google_ads,1,6,1,299,12
1682,1181,2024-05-23,google_ads,2,6,1,299,12
1682,1181,2024-05-23,direct,3,6,1,299,0
1682,1181,2024-05-23,direct,4,6,1,299,0
1682,1181,2024-05-23,organic_search,5,6,1,299,0
1682,1181,2024-05-23,referral,6,6,1,299,5
1683,1443,2024-03-15,google_ads,1,1,0,0,12
1684,1904,2024-09-19,facebook_ads,1,6,0,0,8
1684,1904,2024-09-19,organic_search,2,6,0,0,0
1684,1904,2024-09-19,email,3,6,0,0,1
1684,1904,2024-09-19,facebook_ads,4,6,0,0,8
1684,1904,2024-09-19,facebook_ads,5,6,0,0,8
1684,1904,2024-09-19,organic_search,6,6,0,0,0
1685,1840,2024-08-08,facebook_ads,1,6,0,0,8
1685,1840,2024-08-08,referral,2,6,0,0,5
1685,1840,2024-08-08,direct,3,6,0,0,0
1685,1840,2024-08-08,google_ads,4,6,0,0,12
1685,1840,2024-08-08,facebook_ads,5,6,0,0,8
1685,1840,2024-08-08,referral,6,6,0,0,5
1686,3,2024-07-05,email,1,4,0,0,1
1686,3,2024-07-05,google_ads,2,4,0,0,12
1686,3,2024-07-05,facebook_ads,3,4,0,0,8
1686,3,2024-07-05,facebook_ads,4,4,0,0,8
1687,1795,2024-08-06,facebook_ads,1,2,0,0,8
1687,1795,2024-08-06,organic_search,2,2,0,0,0
1688,301,2024-02-02,email,1,4,0,0,1
1688,301,2024-02-02,facebook_ads,2,4,0,0,8
1688,301,2024-02-02,direct,3,4,0,0,0
1688,301,2024-02-02,direct,4,4,0,0,0
1689,1641,2024-06-03,direct,1,3,0,0,0
1689,1641,2024-06-03,google_ads,2,3,0,0,12
1689,1641,2024-06-03,direct,3,3,0,0,0
1690,1523,2024-01-08,organic_search,1,2,1,299,0
1690,1523,2024-01-08,direct,2,2,1,299,0
1691,374,2024-07-25,email,1,6,0,0,1
1691,374,2024-07-25,direct,2,6,0,0,0
1691,374,2024-07-25,organic_search,3,6,0,0,0
1691,374,2024-07-25,referral,4,6,0,0,5
1691,374,2024-07-25,facebook_ads,5,6,0,0,8
1691,374,2024-07-25,direct,6,6,0,0,0
1692,721,2024-02-17,facebook_ads,1,2,0,0,8
1692,721,2024-02-17,organic_search,2,2,0,0,0
1693,985,2024-04-11,email,1,3,0,0,1
1693,985,2024-04-11,direct,2,3,0,0,0
1693,985,2024-04-11,direct,3,3,0,0,0
1694,39,2024-08-19,email,1,6,1,299,1
1694,39,2024-08-19,email,2,6,1,299,1
1694,39,2024-08-19,google_ads,3,6,1,299,12
1694,39,2024-08-19,google_ads,4,6,1,299,12
1694,39,2024-08-19,direct,5,6,1,299,0
1694,39,2024-08-19,email,6,6,1,299,1
1695,1944,2024-09-01,facebook_ads,1,2,0,0,8
1695,1944,2024-09-01,google_ads,2,2,0,0,12
1696,896,2024-05-05,direct,1,6,1,49,0
1696,896,2024-05-05,organic_search,2,6,1,49,0
1696,896,2024-05-05,email,3,6,1,49,1
1696,896,2024-05-05,email,4,6,1,49,1
1696,896,2024-05-05,facebook_ads,5,6,1,49,8
1696,896,2024-05-05,referral,6,6,1,49,5
1697,462,2024-02-20,facebook_ads,1,3,0,0,8
1697,462,2024-02-20,facebook_ads,2,3,0,0,8
1697,462,2024-02-20,email,3,3,0,0,1
1698,467,2024-07-27,google_ads,1,1,0,0,12
1699,808,2024-07-29,referral,1,1,0,0,5
1700,1974,2024-07-06,referral,1,3,1,499,5
1700,1974,2024-07-06,organic_search,2,3,1,499,0
1700,1974,2024-07-06,referral,3,3,1,499,5
1701,838,2024-01-15,google_ads,1,4,0,0,12
1701,838,2024-01-15,email,2,4,0,0,1
1701,838,2024-01-15,email,3,4,0,0,1
1701,838,2024-01-15,direct,4,4,0,0,0
1702,1947,2024-07-20,direct,1,6,0,0,0
1702,1947,2024-07-20,referral,2,6,0,0,5
1702,1947,2024-07-20,email,3,6,0,0,1
1702,1947,2024-07-20,direct,4,6,0,0,0
1702,1947,2024-07-20,facebook_ads,5,6,0,0,8
1702,1947,2024-07-20,organic_search,6,6,0,0,0
1703,1228,2024-06-12,organic_search,1,1,1,299,0
1704,682,2024-08-31,direct,1,5,0,0,0
1704,682,2024-08-31,facebook_ads,2,5,0,0,8
1704,682,2024-08-31,facebook_ads,3,5,0,0,8
1704,682,2024-08-31,email,4,5,0,0,1
1704,682,2024-08-31,facebook_ads,5,5,0,0,8
1705,625,2024-05-03,direct,1,3,0,0,0
1705,625,2024-05-03,organic_search,2,3,0,0,0
1705,625,2024-05-03,email,3,3,0,0,1
1706,689,2024-06-14,referral,1,4,0,0,5
1706,689,2024-06-14,organic_search,2,4,0,0,0
1706,689,2024-06-14,google_ads,3,4,0,0,12
1706,689,2024-06-14,direct,4,4,0,0,0
1707,704,2024-03-15,direct,1,4,0,0,0
1707,704,2024-03-15,direct,2,4,0,0,0
1707,704,2024-03-15,email,3,4,0,0,1
1707,704,2024-03-15,email,4,4,0,0,1
1708,1774,2024-01-25,google_ads,1,6,0,0,12
1708,1774,2024-01-25,email,2,6,0,0,1
1708,1774,2024-01-25,direct,3,6,0,0,0
1708,1774,2024-01-25,email,4,6,0,0,1
1708,1774,2024-01-25,email,5,6,0,0,1
1708,1774,2024-01-25,facebook_ads,6,6,0,0,8
1709,444,2024-01-15,facebook_ads,1,1,0,0,8
1710,543,2024-07-14,google_ads,1,6,0,0,12
1710,543,2024-07-14,facebook_ads,2,6,0,0,8
1710,543,2024-07-14,referral,3,6,0,0,5
1710,543,2024-07-14,facebook_ads,4,6,0,0,8
1710,543,2024-07-14,organic_search,5,6,0,0,0
1710,543,2024-07-14,google_ads,6,6,0,0,12
1711,327,2024-07-08,direct,1,1,1,99,0
1712,800,2024-04-10,direct,1,1,0,0,0
1713,1527,2024-05-04,facebook_ads,1,2,1,99,8
1713,1527,2024-05-04,direct,2,2,1,99,0
1714,342,2024-05-19,organic_search,1,1,0,0,0
1715,1967,2024-03-30,facebook_ads,1,4,0,0,8
1715,1967,2024-03-30,email,2,4,0,0,1
1715,1967,2024-03-30,email,3,4,0,0,1
1715,1967,2024-03-30,organic_search,4,4,0,0,0
1716,1873,2024-08-02,facebook_ads,1,2,1,99,8
1716,1873,2024-08-02,email,2,2,1,99,1
1717,421,2024-02-16,email,1,5,1,499,1
1717,421,2024-02-16,facebook_ads,2,5,1,499,8
1717,421,2024-02-16,email,3,5,1,499,1
1717,421,2024-02-16,email,4,5,1,499,1
1717,421,2024-02-16,direct,5,5,1,499,0
1718,1911,2024-02-19,email,1,6,0,0,1
1718,1911,2024-02-19,organic_search,2,6,0,0,0
1718,1911,2024-02-19,facebook_ads,3,6,0,0,8
1718,1911,2024-02-19,referral,4,6,0,0,5
1718,1911,2024-02-19,organic_search,5,6,0,0,0
1718,1911,2024-02-19,facebook_ads,6,6,0,0,8
1719,243,2024-07-05,facebook_ads,1,6,0,0,8
1719,243,2024-07-05,google_ads,2,6,0,0,12
1719,243,2024-07-05,direct,3,6,0,0,0
1719,243,2024-07-05,organic_search,4,6,0,0,0
1719,243,2024-07-05,organic_search,5,6,0,0,0
1719,243,2024-07-05,organic_search,6,6,0,0,0
1720,77,2024-05-20,google_ads,1,4,0,0,12
1720,77,2024-05-20,referral,2,4,0,0,5
1720,77,2024-05-20,facebook_ads,3,4,0,0,8
1720,77,2024-05-20,google_ads,4,4,0,0,12
1721,1706,2024-06-30,organic_search,1,4,0,0,0
1721,1706,2024-06-30,organic_search,2,4,0,0,0
1721,1706,2024-06-30,facebook_ads,3,4,0,0,8
1721,1706,2024-06-30,google_ads,4,4,0,0,12
1722,479,2024-02-29,facebook_ads,1,5,0,0,8
1722,479,2024-02-29,facebook_ads,2,5,0,0,8
1722,479,2024-02-29,google_ads,3,5,0,0,12
1722,479,2024-02-29,direct,4,5,0,0,0
1722,479,2024-02-29,facebook_ads,5,5,0,0,8
1723,236,2024-09-22,direct,1,2,0,0,0
1723,236,2024-09-22,organic_search,2,2,0,0,0
1724,697,2024-01-07,referral,1,5,0,0,5
1724,697,2024-01-07,google_ads,2,5,0,0,12
1724,697,2024-01-07,google_ads,3,5,0,0,12
1724,697,2024-01-07,direct,4,5,0,0,0
1724,697,2024-01-07,direct,5,5,0,0,0
1725,767,2024-06-10,organic_search,1,2,0,0,0
1725,767,2024-06-10,direct,2,2,0,0,0
1726,97,2024-04-03,google_ads,1,2,0,0,12
1726,97,2024-04-03,facebook_ads,2,2,0,0,8
1727,1075,2024-01-19,google_ads,1,4,0,0,12
1727,1075,2024-01-19,referral,2,4,0,0,5
1727,1075,2024-01-19,referral,3,4,0,0,5
1727,1075,2024-01-19,referral,4,4,0,0,5
1728,1631,2024-09-15,referral,1,6,0,0,5
1728,1631,2024-09-15,email,2,6,0,0,1
1728,1631,2024-09-15,direct,3,6,0,0,0
1728,1631,2024-09-15,google_ads,4,6,0,0,12
1728,1631,2024-09-15,direct,5,6,0,0,0
1728,1631,2024-09-15,email,6,6,0,0,1
1729,1182,2024-05-20,organic_search,1,1,0,0,0
1730,372,2024-06-08,direct,1,6,0,0,0
1730,372,2024-06-08,facebook_ads,2,6,0,0,8
1730,372,2024-06-08,organic_search,3,6,0,0,0
1730,372,2024-06-08,google_ads,4,6,0,0,12
1730,372,2024-06-08,email,5,6,0,0,1
1730,372,2024-06-08,facebook_ads,6,6,0,0,8
1731,306,2024-08-24,email,1,3,1,149,1
1731,306,2024-08-24,google_ads,2,3,1,149,12
1731,306,2024-08-24,organic_search,3,3,1,149,0
1732,1989,2024-07-14,email,1,6,0,0,1
1732,1989,2024-07-14,direct,2,6,0,0,0
1732,1989,2024-07-14,google_ads,3,6,0,0,12
1732,1989,2024-07-14,facebook_ads,4,6,0,0,8
1732,1989,2024-07-14,google_ads,5,6,0,0,12
1732,1989,2024-07-14,referral,6,6,0,0,5
1733,1217,2024-08-27,organic_search,1,3,0,0,0
1733,1217,2024-08-27,organic_search,2,3,0,0,0
1733,1217,2024-08-27,facebook_ads,3,3,0,0,8
1734,157,2024-05-27,direct,1,5,0,0,0
1734,157,2024-05-27,direct,2,5,0,0,0
1734,157,2024-05-27,referral,3,5,0,0,5
1734,157,2024-05-27,organic_search,4,5,0,0,0
1734,157,2024-05-27,google_ads,5,5,0,0,12
1735,8,2024-09-22,facebook_ads,1,4,0,0,8
1735,8,2024-09-22,direct,2,4,0,0,0
1735,8,2024-09-22,direct,3,4,0,0,0
1735,8,2024-09-22,direct,4,4,0,0,0
1736,1557,2024-07-24,email,1,6,0,0,1
1736,1557,2024-07-24,google_ads,2,6,0,0,12
1736,1557,2024-07-24,direct,3,6,0,0,0
1736,1557,2024-07-24,email,4,6,0,0,1
1736,1557,2024-07-24,direct,5,6,0,0,0
1736,1557,2024-07-24,email,6,6,0,0,1
1737,64,2024-02-24,facebook_ads,1,4,0,0,8
1737,64,2024-02-24,referral,2,4,0,0,5
1737,64,2024-02-24,organic_search,3,4,0,0,0
1737,64,2024-02-24,facebook_ads,4,4,0,0,8
1738,363,2024-05-13,direct,1,3,0,0,0
1738,363,2024-05-13,facebook_ads,2,3,0,0,8
1738,363,2024-05-13,organic_search,3,3,0,0,0
1739,436,2024-04-07,direct,1,6,0,0,0
1739,436,2024-04-07,email,2,6,0,0,1
1739,436,2024-04-07,referral,3,6,0,0,5
1739,436,2024-04-07,organic_search,4,6,0,0,0
1739,436,2024-04-07,referral,5,6,0,0,5
1739,436,2024-04-07,organic_search,6,6,0,0,0
1740,428,2024-07-15,referral,1,1,0,0,5
1741,963,2024-01-13,email,1,1,0,0,1
1742,1449,2024-03-27,organic_search,1,1,1,499,0
1743,671,2024-03-09,direct,1,4,0,0,0
1743,671,2024-03-09,google_ads,2,4,0,0,12
1743,671,2024-03-09,direct,3,4,0,0,0
1743,671,2024-03-09,google_ads,4,4,0,0,12
1744,1405,2024-08-27,referral,1,3,1,99,5
1744,1405,2024-08-27,google_ads,2,3,1,99,12
1744,1405,2024-08-27,referral,3,3,1,99,5
1745,626,2024-09-11,referral,1,1,1,299,5
1746,1540,2024-05-26,referral,1,3,0,0,5
1746,1540,2024-05-26,email,2,3,0,0,1
1746,1540,2024-05-26,direct,3,3,0,0,0
1747,302,2024-07-24,direct,1,4,1,49,0
1747,302,2024-07-24,organic_search,2,4,1,49,0
1747,302,2024-07-24,email,3,4,1,49,1
1747,302,2024-07-24,email,4,4,1,49,1
1748,470,2024-03-16,organic_search,1,2,0,0,0
1748,470,2024-03-16,email,2,2,0,0,1
1749,728,2024-08-10,google_ads,1,4,1,149,12
1749,728,2024-08-10,google_ads,2,4,1,149,12
1749,728,2024-08-10,facebook_ads,3,4,1,149,8
1749,728,2024-08-10,email,4,4,1,149,1
1750,697,2024-07-20,referral,1,4,0,0,5
1750,697,2024-07-20,organic_search,2,4,0,0,0
1750,697,2024-07-20,referral,3,4,0,0,5
1750,697,2024-07-20,facebook_ads,4,4,0,0,8
1751,897,2024-03-01,referral,1,1,1,149,5
1752,103,2024-01-05,facebook_ads,1,3,1,49,8
1752,103,2024-01-05,email,2,3,1,49,1
1752,103,2024-01-05,referral,3,3,1,49,5
1753,1335,2024-06-02,facebook_ads,1,5,0,0,8
1753,1335,2024-06-02,organic_search,2,5,0,0,0
1753,1335,2024-06-02,direct,3,5,0,0,0
1753,1335,2024-06-02,facebook_ads,4,5,0,0,8
1753,1335,2024-06-02,organic_search,5,5,0,0,0
1754,541,2024-05-27,organic_search,1,2,0,0,0
1754,541,2024-05-27,organic_search,2,2,0,0,0
1755,1545,2024-07-19,facebook_ads,1,1,0,0,8
1756,887,2024-04-06,google_ads,1,1,1,49,12
1757,989,2024-01-30,facebook_ads,1,5,1,49,8
1757,989,2024-01-30,organic_search,2,5,1,49,0
1757,989,2024-01-30,organic_search,3,5,1,49,0
1757,989,2024-01-30,email,4,5,1,49,1
1757,989,2024-01-30,email,5,5,1,49,1
1758,200,2024-01-27,direct,1,6,0,0,0
1758,200,2024-01-27,facebook_ads,2,6,0,0,8
1758,200,2024-01-27,organic_search,3,6,0,0,0
1758,200,2024-01-27,organic_search,4,6,0,0,0
1758,200,2024-01-27,email,5,6,0,0,1
1758,200,2024-01-27,google_ads,6,6,0,0,12
1759,265,2024-07-26,organic_search,1,5,0,0,0
1759,265,2024-07-26,organic_search,2,5,0,0,0
1759,265,2024-07-26,email,3,5,0,0,1
1759,265,2024-07-26,facebook_ads,4,5,0,0,8
1759,265,2024-07-26,google_ads,5,5,0,0,12
1760,438,2024-02-06,direct,1,4,1,49,0
1760,438,2024-02-06,direct,2,4,1,49,0
1760,438,2024-02-06,google_ads,3,4,1,49,12
1760,438,2024-02-06,direct,4,4,1,49,0
1761,10,2024-08-25,direct,1,6,0,0,0
1761,10,2024-08-25,referral,2,6,0,0,5
1761,10,2024-08-25,organic_search,3,6,0,0,0
1761,10,2024-08-25,organic_search,4,6,0,0,0
1761,10,2024-08-25,facebook_ads,5,6,0,0,8
1761,10,2024-08-25,email,6,6,0,0,1
1762,643,2024-04-20,organic_search,1,6,0,0,0
1762,643,2024-04-20,referral,2,6,0,0,5
1762,643,2024-04-20,email,3,6,0,0,1
1762,643,2024-04-20,referral,4,6,0,0,5
1762,643,2024-04-20,facebook_ads,5,6,0,0,8
1762,643,2024-04-20,email,6,6,0,0,1
1763,1725,2024-01-03,facebook_ads,1,1,0,0,8
1764,1746,2024-04-20,organic_search,1,1,0,0,0
1765,977,2024-07-14,referral,1,5,0,0,5
1765,977,2024-07-14,email,2,5,0,0,1
1765,977,2024-07-14,direct,3,5,0,0,0
1765,977,2024-07-14,facebook_ads,4,5,0,0,8
1765,977,2024-07-14,google_ads,5,5,0,0,12
1766,666,2024-03-13,google_ads,1,1,0,0,12
1767,1811,2024-09-10,organic_search,1,3,0,0,0
1767,1811,2024-09-10,direct,2,3,0,0,0
1767,1811,2024-09-10,facebook_ads,3,3,0,0,8
1768,405,2024-07-15,organic_search,1,6,0,0,0
1768,405,2024-07-15,email,2,6,0,0,1
1768,405,2024-07-15,facebook_ads,3,6,0,0,8
1768,405,2024-07-15,organic_search,4,6,0,0,0
1768,405,2024-07-15,google_ads,5,6,0,0,12
1768,405,2024-07-15,referral,6,6,0,0,5
1769,1344,2024-02-16,direct,1,2,0,0,0
1769,1344,2024-02-16,organic_search,2,2,0,0,0
1770,1288,2024-07-08,email,1,1,0,0,1
1771,675,2024-03-28,direct,1,1,0,0,0
1772,1927,2024-05-02,organic_search,1,2,0,0,0
1772,1927,2024-05-02,email,2,2,0,0,1
1773,1021,2024-06-25,referral,1,5,0,0,5
1773,1021,2024-06-25,facebook_ads,2,5,0,0,8
1773,1021,2024-06-25,referral,3,5,0,0,5
1773,1021,2024-06-25,google_ads,4,5,0,0,12
1773,1021,2024-06-25,direct,5,5,0,0,0
1774,1957,2024-04-30,google_ads,1,6,0,0,12
1774,1957,2024-04-30,facebook_ads,2,6,0,0,8
1774,1957,2024-04-30,direct,3,6,0,0,0
1774,1957,2024-04-30,google_ads,4,6,0,0,12
1774,1957,2024-04-30,google_ads,5,6,0,0,12
1774,1957,2024-04-30,direct,6,6,0,0,0
1775,1743,2024-06-23,email,1,6,1,149,1
1775,1743,2024-06-23,google_ads,2,6,1,149,12
1775,1743,2024-06-23,email,3,6,1,149,1
1775,1743,2024-06-23,referral,4,6,1,149,5
1775,1743,2024-06-23,facebook_ads,5,6,1,149,8
1775,1743,2024-06-23,referral,6,6,1,149,5
1776,1628,2024-07-14,direct,1,3,0,0,0
1776,1628,2024-07-14,organic_search,2,3,0,0,0
1776,1628,2024-07-14,facebook_ads,3,3,0,0,8
1777,286,2024-05-28,google_ads,1,4,0,0,12
1777,286,2024-05-28,email,2,4,0,0,1
1777,286,2024-05-28,facebook_ads,3,4,0,0,8
1777,286,2024-05-28,facebook_ads,4,4,0,0,8
1778,990,2024-01-23,email,1,2,0,0,1
1778,990,2024-01-23,email,2,2,0,0,1
1779,1200,2024-08-20,google_ads,1,3,0,0,12
1779,1200,2024-08-20,referral,2,3,0,0,5
1779,1200,2024-08-20,direct,3,3,0,0,0
1780,851,2024-09-01,referral,1,6,0,0,5
1780,851,2024-09-01,google_ads,2,6,0,0,12
1780,851,2024-09-01,email,3,6,0,0,1
1780,851,2024-09-01,email,4,6,0,0,1
1780,851,2024-09-01,direct,5,6,0,0,0
1780,851,2024-09-01,facebook_ads,6,6,0,0,8
1781,643,2024-06-24,email,1,4,0,0,1
1781,643,2024-06-24,organic_search,2,4,0,0,0
1781,643,2024-06-24,direct,3,4,0,0,0
1781,643,2024-06-24,referral,4,4,0,0,5
1782,124,2024-03-19,organic_search,1,1,0,0,0
1783,1936,2024-04-28,direct,1,5,0,0,0
1783,1936,2024-04-28,organic_search,2,5,0,0,0
1783,1936,2024-04-28,referral,3,5,0,0,5
1783,1936,2024-04-28,facebook_ads,4,5,0,0,8
1783,1936,2024-04-28,organic_search,5,5,0,0,0
1784,490,2024-07-11,facebook_ads,1,2,0,0,8
1784,490,2024-07-11,organic_search,2,2,0,0,0
1785,1660,2024-01-14,direct,1,6,0,0,0
1785,1660,2024-01-14,google_ads,2,6,0,0,12
1785,1660,2024-01-14,organic_search,3,6,0,0,0
1785,1660,2024-01-14,facebook_ads,4,6,0,0,8
1785,1660,2024-01-14,referral,5,6,0,0,5
1785,1660,2024-01-14,direct,6,6,0,0,0
1786,172,2024-04-06,referral,1,6,0,0,5
1786,172,2024-04-06,google_ads,2,6,0,0,12
1786,172,2024-04-06,referral,3,6,0,0,5
1786,172,2024-04-06,facebook_ads,4,6,0,0,8
1786,172,2024-04-06,facebook_ads,5,6,0,0,8
1786,172,2024-04-06,organic_search,6,6,0,0,0
1787,813,2024-02-19,google_ads,1,6,0,0,12
1787,813,2024-02-19,facebook_ads,2,6,0,0,8
1787,813,2024-02-19,email,3,6,0,0,1
1787,813,2024-02-19,referral,4,6,0,0,5
1787,813,2024-02-19,facebook_ads,5,6,0,0,8
1787,813,2024-02-19,email,6,6,0,0,1
1788,915,2024-09-09,google_ads,1,3,0,0,12
1788,915,2024-09-09,organic_search,2,3,0,0,0
1788,915,2024-09-09,direct,3,3,0,0,0
1789,1766,2024-09-19,organic_search,1,6,1,49,0
1789,1766,2024-09-19,referral,2,6,1,49,5
1789,1766,2024-09-19,referral,3,6,1,49,5
1789,1766,2024-09-19,google_ads,4,6,1,49,12
1789,1766,2024-09-19,referral,5,6,1,49,5
1789,1766,2024-09-19,organic_search,6,6,1,49,0
1790,1210,2024-08-11,facebook_ads,1,2,0,0,8
1790,1210,2024-08-11,direct,2,2,0,0,0
1791,143,2024-09-12,google_ads,1,2,0,0,12
1791,143,2024-09-12,email,2,2,0,0,1
1792,1223,2024-04-15,email,1,6,0,0,1
1792,1223,2024-04-15,facebook_ads,2,6,0,0,8
1792,1223,2024-04-15,google_ads,3,6,0,0,12
1792,1223,2024-04-15,direct,4,6,0,0,0
1792,1223,2024-04-15,referral,5,6,0,0,5
1792,1223,2024-04-15,direct,6,6,0,0,0
1793,233,2024-06-10,google_ads,1,6,1,49,12
1793,233,2024-06-10,google_ads,2,6,1,49,12
1793,233,2024-06-10,google_ads,3,6,1,49,12
1793,233,2024-06-10,referral,4,6,1,49,5
1793,233,2024-06-10,referral,5,6,1,49,5
1793,233,2024-06-10,organic_search,6,6,1,49,0
1794,1761,2024-01-12,facebook_ads,1,6,0,0,8
1794,1761,2024-01-12,organic_search,2,6,0,0,0
1794,1761,2024-01-12,referral,3,6,0,0,5
1794,1761,2024-01-12,organic_search,4,6,0,0,0
1794,1761,2024-01-12,facebook_ads,5,6,0,0,8
1794,1761,2024-01-12,facebook_ads,6,6,0,0,8
1795,1438,2024-05-17,email,1,1,0,0,1
1796,858,2024-09-15,organic_search,1,6,0,0,0
1796,858,2024-09-15,direct,2,6,0,0,0
1796,858,2024-09-15,direct,3,6,0,0,0
1796,858,2024-09-15,referral,4,6,0,0,5
1796,858,2024-09-15,referral,5,6,0,0,5
1796,858,2024-09-15,facebook_ads,6,6,0,0,8
1797,1186,2024-09-03,referral,1,4,0,0,5
1797,1186,2024-09-03,google_ads,2,4,0,0,12
1797,1186,2024-09-03,direct,3,4,0,0,0
1797,1186,2024-09-03,organic_search,4,4,0,0,0
1798,514,2024-04-19,organic_search,1,5,1,299,0
1798,514,2024-04-19,google_ads,2,5,1,299,12
1798,514,2024-04-19,referral,3,5,1,299,5
1798,514,2024-04-19,facebook_ads,4,5,1,299,8
1798,514,2024-04-19,google_ads,5,5,1,299,12
1799,1733,2024-09-06,google_ads,1,2,0,0,12
1799,1733,2024-09-06,facebook_ads,2,2,0,0,8
1800,698,2024-03-28,facebook_ads,1,3,0,0,8
1800,698,2024-03-28,direct,2,3,0,0,0
1800,698,2024-03-28,google_ads,3,3,0,0,12
1801,140,2024-02-28,referral,1,1,0,0,5
1802,716,2024-08-11,organic_search,1,3,0,0,0
1802,716,2024-08-11,google_ads,2,3,0,0,12
1802,716,2024-08-11,google_ads,3,3,0,0,12
1803,548,2024-01-10,email,1,4,0,0,1
1803,548,2024-01-10,organic_search,2,4,0,0,0
1803,548,2024-01-10,referral,3,4,0,0,5
1803,548,2024-01-10,referral,4,4,0,0,5
1804,1960,2024-03-14,email,1,6,0,0,1
1804,1960,2024-03-14,email,2,6,0,0,1
1804,1960,2024-03-14,facebook_ads,3,6,0,0,8
1804,1960,2024-03-14,referral,4,6,0,0,5
1804,1960,2024-03-14,email,5,6,0,0,1
1804,1960,2024-03-14,email,6,6,0,0,1
1805,352,2024-08-13,email,1,3,0,0,1
1805,352,2024-08-13,organic_search,2,3,0,0,0
1805,352,2024-08-13,google_ads,3,3,0,0,12
1806,327,2024-01-08,referral,1,3,0,0,5
1806,327,2024-01-08,referral,2,3,0,0,5
1806,327,2024-01-08,facebook_ads,3,3,0,0,8
1807,447,2024-04-25,email,1,6,0,0,1
1807,447,2024-04-25,organic_search,2,6,0,0,0
1807,447,2024-04-25,email,3,6,0,0,1
1807,447,2024-04-25,facebook_ads,4,6,0,0,8
1807,447,2024-04-25,email,5,6,0,0,1
1807,447,2024-04-25,referral,6,6,0,0,5
1808,1356,2024-07-03,organic_search,1,4,0,0,0
1808,1356,2024-07-03,google_ads,2,4,0,0,12
1808,1356,2024-07-03,google_ads,3,4,0,0,12
1808,1356,2024-07-03,google_ads,4,4,0,0,12
1809,1909,2024-08-02,organic_search,1,2,0,0,0
1809,1909,2024-08-02,organic_search,2,2,0,0,0
1810,671,2024-06-29,organic_search,1,4,1,499,0
1810,671,2024-06-29,organic_search,2,4,1,499,0
1810,671,2024-06-29,direct,3,4,1,499,0
1810,671,2024-06-29,direct,4,4,1,499,0
1811,1996,2024-03-04,google_ads,1,1,0,0,12
1812,1246,2024-06-27,direct,1,5,0,0,0
1812,1246,2024-06-27,facebook_ads,2,5,0,0,8
1812,1246,2024-06-27,facebook_ads,3,5,0,0,8
1812,1246,2024-06-27,email,4,5,0,0,1
1812,1246,2024-06-27,organic_search,5,5,0,0,0
1813,1391,2024-09-21,organic_search,1,6,0,0,0
1813,1391,2024-09-21,google_ads,2,6,0,0,12
1813,1391,2024-09-21,referral,3,6,0,0,5
1813,1391,2024-09-21,email,4,6,0,0,1
1813,1391,2024-09-21,email,5,6,0,0,1
1813,1391,2024-09-21,organic_search,6,6,0,0,0
1814,57,2024-02-08,facebook_ads,1,6,0,0,8
1814,57,2024-02-08,direct,2,6,0,0,0
1814,57,2024-02-08,direct,3,6,0,0,0
1814,57,2024-02-08,direct,4,6,0,0,0
1814,57,2024-02-08,email,5,6,0,0,1
1814,57,2024-02-08,google_ads,6,6,0,0,12
1815,1855,2024-08-08,facebook_ads,1,4,0,0,8
1815,1855,2024-08-08,email,2,4,0,0,1
1815,1855,2024-08-08,organic_search,3,4,0,0,0
1815,1855,2024-08-08,google_ads,4,4,0,0,12
1816,1706,2024-01-14,facebook_ads,1,1,1,49,8
1817,1273,2024-06-25,organic_search,1,4,0,0,0
1817,1273,2024-06-25,email,2,4,0,0,1
1817,1273,2024-06-25,facebook_ads,3,4,0,0,8
1817,1273,2024-06-25,facebook_ads,4,4,0,0,8
1818,1447,2024-06-15,email,1,6,0,0,1
1818,1447,2024-06-15,direct,2,6,0,0,0
1818,1447,2024-06-15,email,3,6,0,0,1
1818,1447,2024-06-15,organic_search,4,6,0,0,0
1818,1447,2024-06-15,google_ads,5,6,0,0,12
1818,1447,2024-06-15,facebook_ads,6,6,0,0,8
1819,1986,2024-06-30,organic_search,1,2,0,0,0
1819,1986,2024-06-30,referral,2,2,0,0,5
1820,183,2024-05-27,google_ads,1,2,0,0,12
1820,183,2024-05-27,direct,2,2,0,0,0
1821,1329,2024-07-21,facebook_ads,1,4,0,0,8
1821,1329,2024-07-21,google_ads,2,4,0,0,12
1821,1329,2024-07-21,google_ads,3,4,0,0,12
1821,1329,2024-07-21,organic_search,4,4,0,0,0
1822,1831,2024-06-03,email,1,2,0,0,1
1822,1831,2024-06-03,direct,2,2,0,0,0
1823,1834,2024-07-04,google_ads,1,1,1,499,12
1824,1507,2024-03-25,organic_search,1,5,0,0,0
1824,1507,2024-03-25,email,2,5,0,0,1
1824,1507,2024-03-25,facebook_ads,3,5,0,0,8
1824,1507,2024-03-25,email,4,5,0,0,1
1824,1507,2024-03-25,google_ads,5,5,0,0,12
1825,1766,2024-09-20,email,1,4,0,0,1
1825,1766,2024-09-20,organic_search,2,4,0,0,0
1825,1766,2024-09-20,facebook_ads,3,4,0,0,8
1825,1766,2024-09-20,organic_search,4,4,0,0,0
1826,1294,2024-06-10,referral,1,2,1,49,5
1826,1294,2024-06-10,referral,2,2,1,49,5
1827,1345,2024-01-23,email,1,3,1,49,1
1827,1345,2024-01-23,direct,2,3,1,49,0
1827,1345,2024-01-23,email,3,3,1,49,1
1828,1327,2024-06-20,referral,1,4,0,0,5
1828,1327,2024-06-20,organic_search,2,4,0,0,0
1828,1327,2024-06-20,google_ads,3,4,0,0,12
1828,1327,2024-06-20,email,4,4,0,0,1
1829,1581,2024-07-01,referral,1,4,0,0,5
1829,1581,2024-07-01,facebook_ads,2,4,0,0,8
1829,1581,2024-07-01,email,3,4,0,0,1
1829,1581,2024-07-01,facebook_ads,4,4,0,0,8
1830,1928,2024-04-24,email,1,1,1,499,1
1831,324,2024-04-11,organic_search,1,4,1,99,0
1831,324,2024-04-11,facebook_ads,2,4,1,99,8
1831,324,2024-04-11,google_ads,3,4,1,99,12
1831,324,2024-04-11,email,4,4,1,99,1
1832,1006,2024-08-06,organic_search,1,2,0,0,0
1832,1006,2024-08-06,facebook_ads,2,2,0,0,8
1833,1413,2024-03-30,google_ads,1,3,0,0,12
1833,1413,2024-03-30,direct,2,3,0,0,0
1833,1413,2024-03-30,direct,3,3,0,0,0
1834,167,2024-08-02,organic_search,1,1,0,0,0
1835,740,2024-09-08,facebook_ads,1,2,0,0,8
1835,740,2024-09-08,organic_search,2,2,0,0,0
1836,1647,2024-02-03,email,1,3,0,0,1
1836,1647,2024-02-03,referral,2,3,0,0,5
1836,1647,2024-02-03,google_ads,3,3,0,0,12
1837,293,2024-03-17,facebook_ads,1,3,0,0,8
1837,293,2024-03-17,google_ads,2,3,0,0,12
1837,293,2024-03-17,direct,3,3,0,0,0
1838,1371,2024-07-29,email,1,3,0,0,1
1838,1371,2024-07-29,referral,2,3,0,0,5
1838,1371,2024-07-29,email,3,3,0,0,1
1839,1510,2024-06-09,email,1,1,0,0,1
1840,1185,2024-04-28,organic_search,1,1,1,299,0
1841,605,2024-09-14,referral,1,3,0,0,5
1841,605,2024-09-14,organic_search,2,3,0,0,0
1841,605,2024-09-14,referral,3,3,0,0,5
1842,90,2024-07-01,google_ads,1,1,0,0,12
1843,1602,2024-05-14,facebook_ads,1,2,0,0,8
1843,1602,2024-05-14,organic_search,2,2,0,0,0
1844,1629,2024-01-08,direct,1,6,0,0,0
1844,1629,2024-01-08,facebook_ads,2,6,0,0,8
1844,1629,2024-01-08,facebook_ads,3,6,0,0,8
1844,1629,2024-01-08,direct,4,6,0,0,0
1844,1629,2024-01-08,google_ads,5,6,0,0,12
1844,1629,2024-01-08,organic_search,6,6,0,0,0
1845,1852,2024-06-28,facebook_ads,1,3,0,0,8
1845,1852,2024-06-28,email,2,3,0,0,1
1845,1852,2024-06-28,google_ads,3,3,0,0,12
1846,50,2024-01-20,organic_search,1,5,0,0,0
1846,50,2024-01-20,referral,2,5,0,0,5
1846,50,2024-01-20,direct,3,5,0,0,0
1846,50,2024-01-20,google_ads,4,5,0,0,12
1846,50,2024-01-20,organic_search,5,5,0,0,0
1847,937,2024-09-22,google_ads,1,6,0,0,12
1847,937,2024-09-22,email,2,6,0,0,1
1847,937,2024-09-22,google_ads,3,6,0,0,12
1847,937,2024-09-22,email,4,6,0,0,1
1847,937,2024-09-22,google_ads,5,6,0,0,12
1847,937,2024-09-22,organic_search,6,6,0,0,0
1848,366,2024-04-01,google_ads,1,4,0,0,12
1848,366,2024-04-01,facebook_ads,2,4,0,0,8
1848,366,2024-04-01,google_ads,3,4,0,0,12
1848,366,2024-04-01,google_ads,4,4,0,0,12
1849,1674,2024-07-09,direct,1,2,0,0,0
1849,1674,2024-07-09,email,2,2,0,0,1
1850,667,2024-03-14,facebook_ads,1,6,0,0,8
1850,667,2024-03-14,facebook_ads,2,6,0,0,8
1850,667,2024-03-14,organic_search,3,6,0,0,0
1850,667,2024-03-14,referral,4,6,0,0,5
1850,667,2024-03-14,email,5,6,0,0,1
1850,667,2024-03-14,facebook_ads,6,6,0,0,8
1851,1769,2024-06-22,facebook_ads,1,1,0,0,8
1852,1704,2024-06-26,facebook_ads,1,3,0,0,8
1852,1704,2024-06-26,referral,2,3,0,0,5
1852,1704,2024-06-26,google_ads,3,3,0,0,12
1853,2,2024-06-01,facebook_ads,1,2,0,0,8
1853,2,2024-06-01,facebook_ads,2,2,0,0,8
1854,929,2024-06-10,email,1,4,0,0,1
1854,929,2024-06-10,facebook_ads,2,4,0,0,8
1854,929,2024-06-10,facebook_ads,3,4,0,0,8
1854,929,2024-06-10,organic_search,4,4,0,0,0
1855,1515,2024-02-15,direct,1,6,0,0,0
1855,1515,2024-02-15,email,2,6,0,0,1
1855,1515,2024-02-15,referral,3,6,0,0,5
1855,1515,2024-02-15,email,4,6,0,0,1
1855,1515,2024-02-15,facebook_ads,5,6,0,0,8
1855,1515,2024-02-15,referral,6,6,0,0,5
1856,1258,2024-03-29,email,1,6,0,0,1
1856,1258,2024-03-29,email,2,6,0,0,1
1856,1258,2024-03-29,direct,3,6,0,0,0
1856,1258,2024-03-29,organic_search,4,6,0,0,0
1856,1258,2024-03-29,email,5,6,0,0,1
1856,1258,2024-03-29,google_ads,6,6,0,0,12
1857,973,2024-05-05,email,1,4,0,0,1
1857,973,2024-05-05,facebook_ads,2,4,0,0,8
1857,973,2024-05-05,facebook_ads,3,4,0,0,8
1857,973,2024-05-05,direct,4,4,0,0,0
1858,1831,2024-03-24,google_ads,1,3,0,0,12
1858,1831,2024-03-24,direct,2,3,0,0,0
1858,1831,2024-03-24,email,3,3,0,0,1
1859,1882,2024-02-11,referral,1,1,0,0,5
1860,1573,2024-02-07,direct,1,1,1,299,0
1861,903,2024-07-18,direct,1,5,0,0,0
1861,903,2024-07-18,email,2,5,0,0,1
1861,903,2024-07-18,organic_search,3,5,0,0,0
1861,903,2024-07-18,organic_search,4,5,0,0,0
1861,903,2024-07-18,organic_search,5,5,0,0,0
1862,1594,2024-03-29,referral,1,5,0,0,5
1862,1594,2024-03-29,email,2,5,0,0,1
1862,1594,2024-03-29,google_ads,3,5,0,0,12
1862,1594,2024-03-29,organic_search,4,5,0,0,0
1862,1594,2024-03-29,facebook_ads,5,5,0,0,8
1863,1838,2024-06-07,referral,1,1,0,0,5
1864,212,2024-08-03,facebook_ads,1,3,0,0,8
1864,212,2024-08-03,organic_search,2,3,0,0,0
1864,212,2024-08-03,organic_search,3,3,0,0,0
1865,1895,2024-07-30,email,1,3,0,0,1
1865,1895,2024-07-30,facebook_ads,2,3,0,0,8
1865,1895,2024-07-30,direct,3,3,0,0,0
1866,780,2024-03-07,direct,1,5,0,0,0
1866,780,2024-03-07,email,2,5,0,0,1
1866,780,2024-03-07,google_ads,3,5,0,0,12
1866,780,2024-03-07,email,4,5,0,0,1
1866,780,2024-03-07,google_ads,5,5,0,0,12
1867,582,2024-06-14,organic_search,1,2,0,0,0
1867,582,2024-06-14,referral,2,2,0,0,5
1868,1310,2024-01-07,facebook_ads,1,4,0,0,8
1868,1310,2024-01-07,google_ads,2,4,0,0,12
1868,1310,2024-01-07,facebook_ads,3,4,0,0,8
1868,1310,2024-01-07,direct,4,4,0,0,0
1869,1040,2024-04-17,direct,1,5,0,0,0
1869,1040,2024-04-17,google_ads,2,5,0,0,12
1869,1040,2024-04-17,referral,3,5,0,0,5
1869,1040,2024-04-17,organic_search,4,5,0,0,0
1869,1040,2024-04-17,direct,5,5,0,0,0
1870,805,2024-05-09,direct,1,2,0,0,0
1870,805,2024-05-09,direct,2,2,0,0,0
1871,1100,2024-03-05,direct,1,3,0,0,0
1871,1100,2024-03-05,email,2,3,0,0,1
1871,1100,2024-03-05,organic_search,3,3,0,0,0
1872,801,2024-05-29,facebook_ads,1,2,0,0,8
1872,801,2024-05-29,direct,2,2,0,0,0
1873,969,2024-04-27,facebook_ads,1,5,0,0,8
1873,969,2024-04-27,email,2,5,0,0,1
1873,969,2024-04-27,email,3,5,0,0,1
1873,969,2024-04-27,organic_search,4,5,0,0,0
1873,969,2024-04-27,referral,5,5,0,0,5
1874,46,2024-06-12,referral,1,3,1,49,5
1874,46,2024-06-12,direct,2,3,1,49,0
1874,46,2024-06-12,organic_search,3,3,1,49,0
1875,533,2024-04-01,google_ads,1,3,0,0,12
1875,533,2024-04-01,referral,2,3,0,0,5
1875,533,2024-04-01,google_ads,3,3,0,0,12
1876,1753,2024-07-18,email,1,3,0,0,1
1876,1753,2024-07-18,google_ads,2,3,0,0,12
1876,1753,2024-07-18,organic_search,3,3,0,0,0
1877,1618,2024-05-22,facebook_ads,1,1,0,0,8
1878,1482,2024-05-29,referral,1,6,0,0,5
1878,1482,2024-05-29,email,2,6,0,0,1
1878,1482,2024-05-29,facebook_ads,3,6,0,0,8
1878,1482,2024-05-29,referral,4,6,0,0,5
1878,1482,2024-05-29,direct,5,6,0,0,0
1878,1482,2024-05-29,email,6,6,0,0,1
1879,30,2024-06-01,direct,1,6,0,0,0
1879,30,2024-06-01,facebook_ads,2,6,0,0,8
1879,30,2024-06-01,organic_search,3,6,0,0,0
1879,30,2024-06-01,facebook_ads,4,6,0,0,8
1879,30,2024-06-01,google_ads,5,6,0,0,12
1879,30,2024-06-01,email,6,6,0,0,1
1880,227,2024-03-20,referral,1,6,0,0,5
1880,227,2024-03-20,email,2,6,0,0,1
1880,227,2024-03-20,organic_search,3,6,0,0,0
1880,227,2024-03-20,google_ads,4,6,0,0,12
1880,227,2024-03-20,organic_search,5,6,0,0,0
1880,227,2024-03-20,email,6,6,0,0,1
1881,1901,2024-06-06,facebook_ads,1,1,0,0,8
1882,1645,2024-03-14,facebook_ads,1,4,0,0,8
1882,1645,2024-03-14,organic_search,2,4,0,0,0
1882,1645,2024-03-14,email,3,4,0,0,1
1882,1645,2024-03-14,organic_search,4,4,0,0,0
1883,1607,2024-02-02,direct,1,1,1,299,0
1884,78,2024-05-09,direct,1,4,0,0,0
1884,78,2024-05-09,organic_search,2,4,0,0,0
1884,78,2024-05-09,direct,3,4,0,0,0
1884,78,2024-05-09,direct,4,4,0,0,0
1885,1798,2024-03-30,google_ads,1,1,0,0,12
1886,1100,2024-07-06,direct,1,4,0,0,0
1886,1100,2024-07-06,facebook_ads,2,4,0,0,8
1886,1100,2024-07-06,google_ads,3,4,0,0,12
1886,1100,2024-07-06,direct,4,4,0,0,0
1887,1466,2024-08-08,direct,1,5,0,0,0
1887,1466,2024-08-08,referral,2,5,0,0,5
1887,1466,2024-08-08,email,3,5,0,0,1
1887,1466,2024-08-08,referral,4,5,0,0,5
1887,1466,2024-08-08,referral,5,5,0,0,5
1888,1383,2024-01-21,facebook_ads,1,1,0,0,8
1889,299,2024-02-07,direct,1,3,0,0,0
1889,299,2024-02-07,referral,2,3,0,0,5
1889,299,2024-02-07,email,3,3,0,0,1
1890,866,2024-06-19,facebook_ads,1,4,1,49,8
1890,866,2024-06-19,email,2,4,1,49,1
1890,866,2024-06-19,facebook_ads,3,4,1,49,8
1890,866,2024-06-19,organic_search,4,4,1,49,0
1891,1616,2024-04-26,google_ads,1,4,0,0,12
1891,1616,2024-04-26,direct,2,4,0,0,0
1891,1616,2024-04-26,referral,3,4,0,0,5
1891,1616,2024-04-26,organic_search,4,4,0,0,0
1892,1109,2024-04-05,direct,1,3,0,0,0
1892,1109,2024-04-05,google_ads,2,3,0,0,12
1892,1109,2024-04-05,direct,3,3,0,0,0
1893,607,2024-01-06,facebook_ads,1,6,0,0,8
1893,607,2024-01-06,direct,2,6,0,0,0
1893,607,2024-01-06,organic_search,3,6,0,0,0
1893,607,2024-01-06,email,4,6,0,0,1
1893,607,2024-01-06,referral,5,6,0,0,5
1893,607,2024-01-06,organic_search,6,6,0,0,0
1894,1229,2024-05-08,google_ads,1,5,0,0,12
1894,1229,2024-05-08,email,2,5,0,0,1
1894,1229,2024-05-08,facebook_ads,3,5,0,0,8
1894,1229,2024-05-08,email,4,5,0,0,1
1894,1229,2024-05-08,facebook_ads,5,5,0,0,8
1895,1951,2024-04-08,organic_search,1,4,0,0,0
1895,1951,2024-04-08,email,2,4,0,0,1
1895,1951,2024-04-08,referral,3,4,0,0,5
1895,1951,2024-04-08,google_ads,4,4,0,0,12
1896,965,2024-07-08,facebook_ads,1,2,0,0,8
1896,965,2024-07-08,facebook_ads,2,2,0,0,8
1897,1504,2024-04-10,organic_search,1,3,0,0,0
1897,1504,2024-04-10,facebook_ads,2,3,0,0,8
1897,1504,2024-04-10,organic_search,3,3,0,0,0
1898,935,2024-01-18,facebook_ads,1,1,0,0,8
1899,217,2024-06-08,email,1,2,0,0,1
1899,217,2024-06-08,google_ads,2,2,0,0,12
1900,1616,2024-08-22,referral,1,1,0,0,5
1901,456,2024-02-28,google_ads,1,5,0,0,12
1901,456,2024-02-28,facebook_ads,2,5,0,0,8
1901,456,2024-02-28,google_ads,3,5,0,0,12
1901,456,2024-02-28,organic_search,4,5,0,0,0
1901,456,2024-02-28,facebook_ads,5,5,0,0,8
1902,1150,2024-09-18,google_ads,1,6,0,0,12
1902,1150,2024-09-18,facebook_ads,2,6,0,0,8
1902,1150,2024-09-18,organic_search,3,6,0,0,0
1902,1150,2024-09-18,google_ads,4,6,0,0,12
1902,1150,2024-09-18,facebook_ads,5,6,0,0,8
1902,1150,2024-09-18,email,6,6,0,0,1
1903,992,2024-09-25,facebook_ads,1,5,0,0,8
1903,992,2024-09-25,facebook_ads,2,5,0,0,8
1903,992,2024-09-25,email,3,5,0,0,1
1903,992,2024-09-25,organic_search,4,5,0,0,0
1903,992,2024-09-25,google_ads,5,5,0,0,12
1904,316,2024-09-05,direct,1,2,0,0,0
1904,316,2024-09-05,organic_search,2,2,0,0,0
1905,948,2024-07-17,organic_search,1,4,0,0,0
1905,948,2024-07-17,facebook_ads,2,4,0,0,8
1905,948,2024-07-17,direct,3,4,0,0,0
1905,948,2024-07-17,google_ads,4,4,0,0,12
1906,1181,2024-04-30,google_ads,1,3,0,0,12
1906,1181,2024-04-30,referral,2,3,0,0,5
1906,1181,2024-04-30,email,3,3,0,0,1
1907,983,2024-09-15,organic_search,1,1,0,0,0
1908,1146,2024-04-21,organic_search,1,3,0,0,0
1908,1146,2024-04-21,organic_search,2,3,0,0,0
1908,1146,2024-04-21,direct,3,3,0,0,0
1909,1022,2024-05-21,google_ads,1,6,0,0,12
1909,1022,2024-05-21,facebook_ads,2,6,0,0,8
1909,1022,2024-05-21,facebook_ads,3,6,0,0,8
1909,1022,2024-05-21,referral,4,6,0,0,5
1909,1022,2024-05-21,email,5,6,0,0,1
1909,1022,2024-05-21,google_ads,6,6,0,0,12
1910,1500,2024-03-13,referral,1,3,0,0,5
1910,1500,2024-03-13,google_ads,2,3,0,0,12
1910,1500,2024-03-13,facebook_ads,3,3,0,0,8
1911,1346,2024-06-27,referral,1,1,0,0,5
1912,851,2024-08-28,direct,1,1,0,0,0
1913,1676,2024-05-02,google_ads,1,6,0,0,12
1913,1676,2024-05-02,organic_search,2,6,0,0,0
1913,1676,2024-05-02,organic_search,3,6,0,0,0
1913,1676,2024-05-02,referral,4,6,0,0,5
1913,1676,2024-05-02,email,5,6,0,0,1
1913,1676,2024-05-02,direct,6,6,0,0,0
1914,566,2024-08-17,direct,1,3,0,0,0
1914,566,2024-08-17,facebook_ads,2,3,0,0,8
1914,566,2024-08-17,referral,3,3,0,0,5
1915,1026,2024-08-07,referral,1,2,0,0,5
1915,1026,2024-08-07,organic_search,2,2,0,0,0
1916,882,2024-05-12,referral,1,4,0,0,5
1916,882,2024-05-12,referral,2,4,0,0,5
1916,882,2024-05-12,email,3,4,0,0,1
1916,882,2024-05-12,email,4,4,0,0,1
1917,1047,2024-09-05,facebook_ads,1,1,0,0,8
1918,1517,2024-03-23,email,1,5,0,0,1
1918,1517,2024-03-23,google_ads,2,5,0,0,12
1918,1517,2024-03-23,organic_search,3,5,0,0,0
1918,1517,2024-03-23,facebook_ads,4,5,0,0,8
1918,1517,2024-03-23,email,5,5,0,0,1
1919,440,2024-07-01,referral,1,2,1,499,5
1919,440,2024-07-01,direct,2,2,1,499,0
1920,1042,2024-07-11,organic_search,1,5,0,0,0
1920,1042,2024-07-11,organic_search,2,5,0,0,0
1920,1042,2024-07-11,organic_search,3,5,0,0,0
1920,1042,2024-07-11,facebook_ads,4,5,0,0,8
1920,1042,2024-07-11,referral,5,5,0,0,5
1921,1540,2024-05-10,facebook_ads,1,6,0,0,8
1921,1540,2024-05-10,facebook_ads,2,6,0,0,8
1921,1540,2024-05-10,email,3,6,0,0,1
1921,1540,2024-05-10,email,4,6,0,0,1
1921,1540,2024-05-10,referral,5,6,0,0,5
1921,1540,2024-05-10,google_ads,6,6,0,0,12
1922,1057,2024-04-07,google_ads,1,2,0,0,12
1922,1057,2024-04-07,referral,2,2,0,0,5
1923,1244,2024-04-30,referral,1,4,0,0,5
1923,1244,2024-04-30,referral,2,4,0,0,5
1923,1244,2024-04-30,organic_search,3,4,0,0,0
1923,1244,2024-04-30,google_ads,4,4,0,0,12
1924,850,2024-04-17,google_ads,1,6,0,0,12
1924,850,2024-04-17,facebook_ads,2,6,0,0,8
1924,850,2024-04-17,facebook_ads,3,6,0,0,8
1924,850,2024-04-17,facebook_ads,4,6,0,0,8
1924,850,2024-04-17,facebook_ads,5,6,0,0,8
1924,850,2024-04-17,referral,6,6,0,0,5
1925,1749,2024-09-11,email,1,1,0,0,1
1926,38,2024-06-26,direct,1,5,0,0,0
1926,38,2024-06-26,organic_search,2,5,0,0,0
1926,38,2024-06-26,organic_search,3,5,0,0,0
1926,38,2024-06-26,organic_search,4,5,0,0,0
1926,38,2024-06-26,organic_search,5,5,0,0,0
1927,1343,2024-01-09,organic_search,1,5,0,0,0
1927,1343,2024-01-09,email,2,5,0,0,1
1927,1343,2024-01-09,referral,3,5,0,0,5
1927,1343,2024-01-09,google_ads,4,5,0,0,12
1927,1343,2024-01-09,direct,5,5,0,0,0
1928,504,2024-06-12,facebook_ads,1,4,0,0,8
1928,504,2024-06-12,facebook_ads,2,4,0,0,8
1928,504,2024-06-12,referral,3,4,0,0,5
1928,504,2024-06-12,google_ads,4,4,0,0,12
1929,1720,2024-08-23,email,1,6,1,499,1
1929,1720,2024-08-23,facebook_ads,2,6,1,499,8
1929,1720,2024-08-23,email,3,6,1,499,1
1929,1720,2024-08-23,referral,4,6,1,499,5
1929,1720,2024-08-23,email,5,6,1,499,1
1929,1720,2024-08-23,email,6,6,1,499,1
1930,214,2024-08-22,google_ads,1,3,0,0,12
1930,214,2024-08-22,google_ads,2,3,0,0,12
1930,214,2024-08-22,direct,3,3,0,0,0
1931,1965,2024-03-29,facebook_ads,1,5,0,0,8
1931,1965,2024-03-29,referral,2,5,0,0,5
1931,1965,2024-03-29,facebook_ads,3,5,0,0,8
1931,1965,2024-03-29,direct,4,5,0,0,0
1931,1965,2024-03-29,referral,5,5,0,0,5
1932,1739,2024-08-05,referral,1,5,0,0,5
1932,1739,2024-08-05,google_ads,2,5,0,0,12
1932,1739,2024-08-05,google_ads,3,5,0,0,12
1932,1739,2024-08-05,google_ads,4,5,0,0,12
1932,1739,2024-08-05,direct,5,5,0,0,0
1933,932,2024-02-25,direct,1,5,1,299,0
1933,932,2024-02-25,direct,2,5,1,299,0
1933,932,2024-02-25,facebook_ads,3,5,1,299,8
1933,932,2024-02-25,google_ads,4,5,1,299,12
1933,932,2024-02-25,direct,5,5,1,299,0
1934,644,2024-06-28,direct,1,6,0,0,0
1934,644,2024-06-28,email,2,6,0,0,1
1934,644,2024-06-28,direct,3,6,0,0,0
1934,644,2024-06-28,google_ads,4,6,0,0,12
1934,644,2024-06-28,facebook_ads,5,6,0,0,8
1934,644,2024-06-28,email,6,6,0,0,1
1935,1882,2024-07-20,direct,1,4,0,0,0
1935,1882,2024-07-20,direct,2,4,0,0,0
1935,1882,2024-07-20,google_ads,3,4,0,0,12
1935,1882,2024-07-20,direct,4,4,0,0,0
1936,600,2024-08-08,direct,1,5,0,0,0
1936,600,2024-08-08,google_ads,2,5,0,0,12
1936,600,2024-08-08,google_ads,3,5,0,0,12
1936,600,2024-08-08,organic_search,4,5,0,0,0
1936,600,2024-08-08,facebook_ads,5,5,0,0,8
1937,1371,2024-01-28,google_ads,1,4,0,0,12
1937,1371,2024-01-28,direct,2,4,0,0,0
1937,1371,2024-01-28,direct,3,4,0,0,0
1937,1371,2024-01-28,organic_search,4,4,0,0,0
1938,1076,2024-08-28,direct,1,1,0,0,0
1939,1539,2024-04-28,direct,1,4,0,0,0
1939,1539,2024-04-28,direct,2,4,0,0,0
1939,1539,2024-04-28,google_ads,3,4,0,0,12
1939,1539,2024-04-28,email,4,4,0,0,1
1940,477,2024-09-16,google_ads,1,5,0,0,12
1940,477,2024-09-16,organic_search,2,5,0,0,0
1940,477,2024-09-16,email,3,5,0,0,1
1940,477,2024-09-16,email,4,5,0,0,1
1940,477,2024-09-16,facebook_ads,5,5,0,0,8
1941,856,2024-01-21,organic_search,1,1,1,299,0
1942,709,2024-06-12,email,1,3,0,0,1
1942,709,2024-06-12,direct,2,3,0,0,0
1942,709,2024-06-12,organic_search,3,3,0,0,0
1943,729,2024-04-24,organic_search,1,2,0,0,0
1943,729,2024-04-24,organic_search,2,2,0,0,0
1944,1632,2024-07-27,organic_search,1,2,0,0,0
1944,1632,2024-07-27,organic_search,2,2,0,0,0
1945,1132,2024-06-12,facebook_ads,1,5,0,0,8
1945,1132,2024-06-12,referral,2,5,0,0,5
1945,1132,2024-06-12,facebook_ads,3,5,0,0,8
1945,1132,2024-06-12,referral,4,5,0,0,5
1945,1132,2024-06-12,email,5,5,0,0,1
1946,1314,2024-05-03,direct,1,5,0,0,0
1946,1314,2024-05-03,referral,2,5,0,0,5
1946,1314,2024-05-03,facebook_ads,3,5,0,0,8
1946,1314,2024-05-03,referral,4,5,0,0,5
1946,1314,2024-05-03,email,5,5,0,0,1
1947,1624,2024-05-28,referral,1,3,0,0,5
1947,1624,2024-05-28,direct,2,3,0,0,0
1947,1624,2024-05-28,google_ads,3,3,0,0,12
1948,911,2024-08-09,referral,1,6,0,0,5
1948,911,2024-08-09,facebook_ads,2,6,0,0,8
1948,911,2024-08-09,organic_search,3,6,0,0,0
1948,911,2024-08-09,google_ads,4,6,0,0,12
1948,911,2024-08-09,direct,5,6,0,0,0
1948,911,2024-08-09,google_ads,6,6,0,0,12
1949,375,2024-05-24,direct,1,4,0,0,0
1949,375,2024-05-24,direct,2,4,0,0,0
1949,375,2024-05-24,direct,3,4,0,0,0
1949,375,2024-05-24,google_ads,4,4,0,0,12
1950,1963,2024-02-23,direct,1,6,0,0,0
1950,1963,2024-02-23,referral,2,6,0,0,5
1950,1963,2024-02-23,email,3,6,0,0,1
1950,1963,2024-02-23,google_ads,4,6,0,0,12
1950,1963,2024-02-23,email,5,6,0,0,1
1950,1963,2024-02-23,email,6,6,0,0,1
1951,762,2024-07-13,referral,1,5,0,0,5
1951,762,2024-07-13,direct,2,5,0,0,0
1951,762,2024-07-13,organic_search,3,5,0,0,0
1951,762,2024-07-13,referral,4,5,0,0,5
1951,762,2024-07-13,google_ads,5,5,0,0,12
1952,1867,2024-04-21,organic_search,1,2,0,0,0
1952,1867,2024-04-21,facebook_ads,2,2,0,0,8
1953,844,2024-07-14,google_ads,1,3,0,0,12
1953,844,2024-07-14,referral,2,3,0,0,5
1953,844,2024-07-14,direct,3,3,0,0,0
1954,166,2024-01-15,direct,1,4,1,499,0
1954,166,2024-01-15,google_ads,2,4,1,499,12
1954,166,2024-01-15,google_ads,3,4,1,499,12
1954,166,2024-01-15,referral,4,4,1,499,5
1955,1623,2024-06-10,facebook_ads,1,6,0,0,8
1955,1623,2024-06-10,facebook_ads,2,6,0,0,8
1955,1623,2024-06-10,google_ads,3,6,0,0,12
1955,1623,2024-06-10,email,4,6,0,0,1
1955,1623,2024-06-10,google_ads,5,6,0,0,12
1955,1623,2024-06-10,google_ads,6,6,0,0,12
1956,1844,2024-03-07,google_ads,1,5,0,0,12
1956,1844,2024-03-07,referral,2,5,0,0,5
1956,1844,2024-03-07,email,3,5,0,0,1
1956,1844,2024-03-07,email,4,5,0,0,1
1956,1844,2024-03-07,email,5,5,0,0,1
1957,32,2024-05-11,organic_search,1,2,1,49,0
1957,32,2024-05-11,google_ads,2,2,1,49,12
1958,117,2024-05-19,referral,1,1,0,0,5
1959,943,2024-05-15,email,1,4,0,0,1
1959,943,2024-05-15,facebook_ads,2,4,0,0,8
1959,943,2024-05-15,referral,3,4,0,0,5
1959,943,2024-05-15,direct,4,4,0,0,0
1960,451,2024-04-03,facebook_ads,1,3,0,0,8
1960,451,2024-04-03,google_ads,2,3,0,0,12
1960,451,2024-04-03,organic_search,3,3,0,0,0
1961,715,2024-04-11,referral,1,4,0,0,5
1961,715,2024-04-11,email,2,4,0,0,1
1961,715,2024-04-11,direct,3,4,0,0,0
1961,715,2024-04-11,email,4,4,0,0,1
1962,1126,2024-04-26,google_ads,1,5,0,0,12
1962,1126,2024-04-26,organic_search,2,5,0,0,0
1962,1126,2024-04-26,email,3,5,0,0,1
1962,1126,2024-04-26,direct,4,5,0,0,0
1962,1126,2024-04-26,google_ads,5,5,0,0,12
1963,1404,2024-04-22,referral,1,6,0,0,5
1963,1404,2024-04-22,facebook_ads,2,6,0,0,8
1963,1404,2024-04-22,email,3,6,0,0,1
1963,1404,2024-04-22,email,4,6,0,0,1
1963,1404,2024-04-22,email,5,6,0,0,1
1963,1404,2024-04-22,facebook_ads,6,6,0,0,8
1964,453,2024-08-09,email,1,2,0,0,1
1964,453,2024-08-09,direct,2,2,0,0,0
1965,1904,2024-09-03,organic_search,1,5,0,0,0
1965,1904,2024-09-03,google_ads,2,5,0,0,12
1965,1904,2024-09-03,referral,3,5,0,0,5
1965,1904,2024-09-03,direct,4,5,0,0,0
1965,1904,2024-09-03,organic_search,5,5,0,0,0
1966,1114,2024-02-04,referral,1,6,0,0,5
1966,1114,2024-02-04,organic_search,2,6,0,0,0
1966,1114,2024-02-04,google_ads,3,6,0,0,12
1966,1114,2024-02-04,facebook_ads,4,6,0,0,8
1966,1114,2024-02-04,direct,5,6,0,0,0
1966,1114,2024-02-04,facebook_ads,6,6,0,0,8
1967,1591,2024-09-17,organic_search,1,5,0,0,0
1967,1591,2024-09-17,organic_search,2,5,0,0,0
1967,1591,2024-09-17,referral,3,5,0,0,5
1967,1591,2024-09-17,facebook_ads,4,5,0,0,8
1967,1591,2024-09-17,facebook_ads,5,5,0,0,8
1968,310,2024-03-31,email,1,3,0,0,1
1968,310,2024-03-31,facebook_ads,2,3,0,0,8
1968,310,2024-03-31,referral,3,3,0,0,5
1969,674,2024-07-04,organic_search,1,6,0,0,0
1969,674,2024-07-04,organic_search,2,6,0,0,0
1969,674,2024-07-04,facebook_ads,3,6,0,0,8
1969,674,2024-07-04,email,4,6,0,0,1
1969,674,2024-07-04,google_ads,5,6,0,0,12
1969,674,2024-07-04,referral,6,6,0,0,5
1970,708,2024-01-21,referral,1,4,0,0,5
1970,708,2024-01-21,email,2,4,0,0,1
1970,708,2024-01-21,facebook_ads,3,4,0,0,8
1970,708,2024-01-21,referral,4,4,0,0,5
1971,1998,2024-08-10,direct,1,5,0,0,0
1971,1998,2024-08-10,google_ads,2,5,0,0,12
1971,1998,2024-08-10,direct,3,5,0,0,0
1971,1998,2024-08-10,organic_search,4,5,0,0,0
1971,1998,2024-08-10,facebook_ads,5,5,0,0,8
1972,1909,2024-06-18,organic_search,1,1,0,0,0
1973,585,2024-04-23,email,1,4,0,0,1
1973,585,2024-04-23,referral,2,4,0,0,5
1973,585,2024-04-23,facebook_ads,3,4,0,0,8
1973,585,2024-04-23,email,4,4,0,0,1
1974,706,2024-03-16,email,1,1,0,0,1
1975,1815,2024-08-02,google_ads,1,3,0,0,12
1975,1815,2024-08-02,google_ads,2,3,0,0,12
1975,1815,2024-08-02,direct,3,3,0,0,0
1976,1059,2024-02-01,facebook_ads,1,3,0,0,8
1976,1059,2024-02-01,direct,2,3,0,0,0
1976,1059,2024-02-01,google_ads,3,3,0,0,12
1977,671,2024-05-18,google_ads,1,1,0,0,12
1978,1152,2024-05-30,direct,1,2,0,0,0
1978,1152,2024-05-30,google_ads,2,2,0,0,12
1979,978,2024-05-15,google_ads,1,4,0,0,12
1979,978,2024-05-15,organic_search,2,4,0,0,0
1979,978,2024-05-15,organic_search,3,4,0,0,0
1979,978,2024-05-15,direct,4,4,0,0,0
1980,1322,2024-04-07,facebook_ads,1,4,0,0,8
1980,1322,2024-04-07,email,2,4,0,0,1
1980,1322,2024-04-07,google_ads,3,4,0,0,12
1980,1322,2024-04-07,organic_search,4,4,0,0,0
1981,220,2024-05-22,organic_search,1,3,0,0,0
1981,220,2024-05-22,referral,2,3,0,0,5
1981,220,2024-05-22,facebook_ads,3,3,0,0,8
1982,818,2024-07-31,google_ads,1,1,0,0,12
1983,337,2024-07-02,referral,1,2,0,0,5
1983,337,2024-07-02,facebook_ads,2,2,0,0,8
1984,1969,2024-07-09,direct,1,1,0,0,0
1985,929,2024-02-24,email,1,1,0,0,1
1986,1605,2024-06-14,google_ads,1,6,1,149,12
1986,1605,2024-06-14,facebook_ads,2,6,1,149,8
1986,1605,2024-06-14,organic_search,3,6,1,149,0
1986,1605,2024-06-14,email,4,6,1,149,1
1986,1605,2024-06-14,email,5,6,1,149,1
1986,1605,2024-06-14,organic_search,6,6,1,149,0
1987,575,2024-02-18,email,1,6,0,0,1
1987,575,2024-02-18,email,2,6,0,0,1
1987,575,2024-02-18,referral,3,6,0,0,5
1987,575,2024-02-18,email,4,6,0,0,1
1987,575,2024-02-18,google_ads,5,6,0,0,12
1987,575,2024-02-18,google_ads,6,6,0,0,12
1988,1472,2024-07-13,referral,1,2,0,0,5
1988,1472,2024-07-13,facebook_ads,2,2,0,0,8
1989,876,2024-01-23,organic_search,1,2,0,0,0
1989,876,2024-01-23,referral,2,2,0,0,5
1990,1581,2024-03-02,direct,1,4,0,0,0
1990,1581,2024-03-02,direct,2,4,0,0,0
1990,1581,2024-03-02,direct,3,4,0,0,0
1990,1581,2024-03-02,organic_search,4,4,0,0,0
1991,937,2024-04-01,referral,1,5,0,0,5
1991,937,2024-04-01,direct,2,5,0,0,0
1991,937,2024-04-01,google_ads,3,5,0,0,12
1991,937,2024-04-01,direct,4,5,0,0,0
1991,937,2024-04-01,referral,5,5,0,0,5
1992,843,2024-03-24,facebook_ads,1,5,0,0,8
1992,843,2024-03-24,google_ads,2,5,0,0,12
1992,843,2024-03-24,organic_search,3,5,0,0,0
1992,843,2024-03-24,facebook_ads,4,5,0,0,8
1992,843,2024-03-24,direct,5,5,0,0,0
1993,1681,2024-07-14,direct,1,5,0,0,0
1993,1681,2024-07-14,facebook_ads,2,5,0,0,8
1993,1681,2024-07-14,direct,3,5,0,0,0
1993,1681,2024-07-14,email,4,5,0,0,1
1993,1681,2024-07-14,direct,5,5,0,0,0
1994,1257,2024-03-10,organic_search,1,5,0,0,0
1994,1257,2024-03-10,referral,2,5,0,0,5
1994,1257,2024-03-10,referral,3,5,0,0,5
1994,1257,2024-03-10,direct,4,5,0,0,0
1994,1257,2024-03-10,google_ads,5,5,0,0,12
1995,60,2024-03-06,organic_search,1,1,1,149,0
1996,204,2024-06-27,direct,1,5,0,0,0
1996,204,2024-06-27,facebook_ads,2,5,0,0,8
1996,204,2024-06-27,referral,3,5,0,0,5
1996,204,2024-06-27,organic_search,4,5,0,0,0
1996,204,2024-06-27,referral,5,5,0,0,5
1997,70,2024-07-09,facebook_ads,1,1,1,499,8
1998,909,2024-07-31,facebook_ads,1,6,0,0,8
1998,909,2024-07-31,email,2,6,0,0,1
1998,909,2024-07-31,organic_search,3,6,0,0,0
1998,909,2024-07-31,organic_search,4,6,0,0,0
1998,909,2024-07-31,google_ads,5,6,0,0,12
1998,909,2024-07-31,direct,6,6,0,0,0
1999,746,2024-01-14,google_ads,1,5,0,0,12
1999,746,2024-01-14,google_ads,2,5,0,0,12
1999,746,2024-01-14,organic_search,3,5,0,0,0
1999,746,2024-01-14,direct,4,5,0,0,0
1999,746,2024-01-14,facebook_ads,5,5,0,0,8
2000,1257,2024-02-07,referral,1,2,1,299,5
2000,1257,2024-02-07,referral,2,2,1,299,5
2001,1977,2024-01-24,direct,1,6,0,0,0
2001,1977,2024-01-24,google_ads,2,6,0,0,12
2001,1977,2024-01-24,email,3,6,0,0,1
2001,1977,2024-01-24,google_ads,4,6,0,0,12
2001,1977,2024-01-24,google_ads,5,6,0,0,12
2001,1977,2024-01-24,referral,6,6,0,0,5
2002,1288,2024-06-10,organic_search,1,3,0,0,0
2002,1288,2024-06-10,facebook_ads,2,3,0,0,8
2002,1288,2024-06-10,google_ads,3,3,0,0,12
2003,420,2024-05-10,referral,1,2,1,149,5
2003,420,2024-05-10,referral,2,2,1,149,5
2004,928,2024-01-10,direct,1,1,0,0,0
2005,1433,2024-08-14,direct,1,5,0,0,0
2005,1433,2024-08-14,google_ads,2,5,0,0,12
2005,1433,2024-08-14,email,3,5,0,0,1
2005,1433,2024-08-14,organic_search,4,5,0,0,0
2005,1433,2024-08-14,referral,5,5,0,0,5
2006,1040,2024-08-07,direct,1,3,0,0,0
2006,1040,2024-08-07,facebook_ads,2,3,0,0,8
2006,1040,2024-08-07,google_ads,3,3,0,0,12
2007,1514,2024-05-10,direct,1,1,0,0,0
2008,1134,2024-06-19,referral,1,4,0,0,5
2008,1134,2024-06-19,organic_search,2,4,0,0,0
2008,1134,2024-06-19,email,3,4,0,0,1
2008,1134,2024-06-19,organic_search,4,4,0,0,0
2009,558,2024-07-21,google_ads,1,3,0,0,12
2009,558,2024-07-21,email,2,3,0,0,1
2009,558,2024-07-21,google_ads,3,3,0,0,12
2010,968,2024-01-06,direct,1,1,0,0,0
2011,1981,2024-03-15,google_ads,1,5,0,0,12
2011,1981,2024-03-15,direct,2,5,0,0,0
2011,1981,2024-03-15,direct,3,5,0,0,0
2011,1981,2024-03-15,facebook_ads,4,5,0,0,8
2011,1981,2024-03-15,referral,5,5,0,0,5
2012,544,2024-01-03,organic_search,1,3,0,0,0
2012,544,2024-01-03,google_ads,2,3,0,0,12
2012,544,2024-01-03,facebook_ads,3,3,0,0,8
2013,1228,2024-08-14,referral,1,2,0,0,5
2013,1228,2024-08-14,email,2,2,0,0,1
2014,1001,2024-07-29,google_ads,1,1,0,0,12
2015,106,2024-03-18,organic_search,1,2,0,0,0
2015,106,2024-03-18,organic_search,2,2,0,0,0
2016,1608,2024-02-21,facebook_ads,1,1,0,0,8
2017,1203,2024-07-25,email,1,3,0,0,1
2017,1203,2024-07-25,referral,2,3,0,0,5
2017,1203,2024-07-25,google_ads,3,3,0,0,12
2018,295,2024-09-07,google_ads,1,1,0,0,12
2019,1646,2024-07-28,referral,1,3,0,0,5
2019,1646,2024-07-28,email,2,3,0,0,1
2019,1646,2024-07-28,google_ads,3,3,0,0,12
2020,62,2024-02-14,direct,1,4,0,0,0
2020,62,2024-02-14,referral,2,4,0,0,5
2020,62,2024-02-14,email,3,4,0,0,1
2020,62,2024-02-14,google_ads,4,4,0,0,12
2021,1062,2024-02-19,direct,1,5,0,0,0
2021,1062,2024-02-19,email,2,5,0,0,1
2021,1062,2024-02-19,organic_search,3,5,0,0,0
2021,1062,2024-02-19,direct,4,5,0,0,0
2021,1062,2024-02-19,facebook_ads,5,5,0,0,8
2022,679,2024-04-28,direct,1,4,0,0,0
2022,679,2024-04-28,email,2,4,0,0,1
2022,679,2024-04-28,facebook_ads,3,4,0,0,8
2022,679,2024-04-28,referral,4,4,0,0,5
2023,1549,2024-06-29,referral,1,2,0,0,5
2023,1549,2024-06-29,organic_search,2,2,0,0,0
2024,298,2024-09-06,direct,1,2,0,0,0
2024,298,2024-09-06,facebook_ads,2,2,0,0,8
2025,475,2024-01-13,direct,1,5,0,0,0
2025,475,2024-01-13,referral,2,5,0,0,5
2025,475,2024-01-13,email,3,5,0,0,1
2025,475,2024-01-13,direct,4,5,0,0,0
2025,475,2024-01-13,organic_search,5,5,0,0,0
2026,1678,2024-03-27,email,1,6,0,0,1
2026,1678,2024-03-27,email,2,6,0,0,1
2026,1678,2024-03-27,direct,3,6,0,0,0
2026,1678,2024-03-27,email,4,6,0,0,1
2026,1678,2024-03-27,email,5,6,0,0,1
2026,1678,2024-03-27,referral,6,6,0,0,5
2027,176,2024-02-14,email,1,4,0,0,1
2027,176,2024-02-14,google_ads,2,4,0,0,12
2027,176,2024-02-14,referral,3,4,0,0,5
2027,176,2024-02-14,facebook_ads,4,4,0,0,8
2028,124,2024-01-21,email,1,2,0,0,1
2028,124,2024-01-21,organic_search,2,2,0,0,0
2029,811,2024-02-21,direct,1,4,1,299,0
2029,811,2024-02-21,email,2,4,1,299,1
2029,811,2024-02-21,google_ads,3,4,1,299,12
2029,811,2024-02-21,direct,4,4,1,299,0
2030,161,2024-03-03,google_ads,1,5,0,0,12
2030,161,2024-03-03,direct,2,5,0,0,0
2030,161,2024-03-03,organic_search,3,5,0,0,0
2030,161,2024-03-03,direct,4,5,0,0,0
2030,161,2024-03-03,referral,5,5,0,0,5
2031,407,2024-03-08,direct,1,2,1,299,0
2031,407,2024-03-08,email,2,2,1,299,1
2032,465,2024-01-08,referral,1,3,0,0,5
2032,465,2024-01-08,referral,2,3,0,0,5
2032,465,2024-01-08,direct,3,3,0,0,0
2033,6,2024-04-30,google_ads,1,3,0,0,12
2033,6,2024-04-30,facebook_ads,2,3,0,0,8
2033,6,2024-04-30,facebook_ads,3,3,0,0,8
2034,64,2024-06-25,referral,1,1,0,0,5
2035,831,2024-02-08,direct,1,5,0,0,0
2035,831,2024-02-08,organic_search,2,5,0,0,0
2035,831,2024-02-08,direct,3,5,0,0,0
2035,831,2024-02-08,google_ads,4,5,0,0,12
2035,831,2024-02-08,direct,5,5,0,0,0
2036,1379,2024-04-04,organic_search,1,5,0,0,0
2036,1379,2024-04-04,email,2,5,0,0,1
2036,1379,2024-04-04,facebook_ads,3,5,0,0,8
2036,1379,2024-04-04,direct,4,5,0,0,0
2036,1379,2024-04-04,facebook_ads,5,5,0,0,8
2037,1876,2024-02-14,google_ads,1,5,1,299,12
2037,1876,2024-02-14,direct,2,5,1,299,0
2037,1876,2024-02-14,referral,3,5,1,299,5
2037,1876,2024-02-14,organic_search,4,5,1,299,0
2037,1876,2024-02-14,organic_search,5,5,1,299,0
2038,687,2024-04-18,facebook_ads,1,6,0,0,8
2038,687,2024-04-18,referral,2,6,0,0,5
2038,687,2024-04-18,direct,3,6,0,0,0
2038,687,2024-04-18,email,4,6,0,0,1
2038,687,2024-04-18,referral,5,6,0,0,5
2038,687,2024-04-18,google_ads,6,6,0,0,12
2039,328,2024-01-20,direct,1,3,0,0,0
2039,328,2024-01-20,google_ads,2,3,0,0,12
2039,328,2024-01-20,organic_search,3,3,0,0,0
2040,1409,2024-06-03,facebook_ads,1,4,0,0,8
2040,1409,2024-06-03,referral,2,4,0,0,5
2040,1409,2024-06-03,referral,3,4,0,0,5
2040,1409,2024-06-03,facebook_ads,4,4,0,0,8
2041,661,2024-03-16,referral,1,5,1,499,5
2041,661,2024-03-16,email,2,5,1,499,1
2041,661,2024-03-16,google_ads,3,5,1,499,12
2041,661,2024-03-16,organic_search,4,5,1,499,0
2041,661,2024-03-16,email,5,5,1,499,1
2042,1771,2024-04-19,referral,1,6,0,0,5
2042,1771,2024-04-19,email,2,6,0,0,1
2042,1771,2024-04-19,email,3,6,0,0,1
2042,1771,2024-04-19,direct,4,6,0,0,0
2042,1771,2024-04-19,referral,5,6,0,0,5
2042,1771,2024-04-19,direct,6,6,0,0,0
2043,207,2024-07-14,organic_search,1,6,1,149,0
2043,207,2024-07-14,direct,2,6,1,149,0
2043,207,2024-07-14,organic_search,3,6,1,149,0
2043,207,2024-07-14,organic_search,4,6,1,149,0
2043,207,2024-07-14,facebook_ads,5,6,1,149,8
2043,207,2024-07-14,facebook_ads,6,6,1,149,8
2044,560,2024-03-26,facebook_ads,1,4,1,49,8
2044,560,2024-03-26,referral,2,4,1,49,5
2044,560,2024-03-26,email,3,4,1,49,1
2044,560,2024-03-26,referral,4,4,1,49,5
2045,1430,2024-01-08,email,1,2,0,0,1
2045,1430,2024-01-08,direct,2,2,0,0,0
2046,1939,2024-07-22,email,1,1,0,0,1
2047,1774,2024-05-21,email,1,1,0,0,1
2048,1613,2024-01-17,organic_search,1,4,0,0,0
2048,1613,2024-01-17,organic_search,2,4,0,0,0
2048,1613,2024-01-17,email,3,4,0,0,1
2048,1613,2024-01-17,facebook_ads,4,4,0,0,8
2049,51,2024-06-10,email,1,3,0,0,1
2049,51,2024-06-10,email,2,3,0,0,1
2049,51,2024-06-10,email,3,3,0,0,1
2050,1224,2024-03-27,email,1,2,0,0,1
2050,1224,2024-03-27,facebook_ads,2,2,0,0,8
2051,1890,2024-06-27,direct,1,5,0,0,0
2051,1890,2024-06-27,referral,2,5,0,0,5
2051,1890,2024-06-27,direct,3,5,0,0,0
2051,1890,2024-06-27,direct,4,5,0,0,0
2051,1890,2024-06-27,referral,5,5,0,0,5
2052,1304,2024-07-07,email,1,3,0,0,1
2052,1304,2024-07-07,direct,2,3,0,0,0
2052,1304,2024-07-07,organic_search,3,3,0,0,0
2053,306,2024-07-23,organic_search,1,3,0,0,0
2053,306,2024-07-23,email,2,3,0,0,1
2053,306,2024-07-23,google_ads,3,3,0,0,12
2054,191,2024-03-18,facebook_ads,1,6,1,149,8
2054,191,2024-03-18,facebook_ads,2,6,1,149,8
2054,191,2024-03-18,direct,3,6,1,149,0
2054,191,2024-03-18,google_ads,4,6,1,149,12
2054,191,2024-03-18,google_ads,5,6,1,149,12
2054,191,2024-03-18,direct,6,6,1,149,0
2055,1793,2024-02-26,referral,1,4,0,0,5
2055,1793,2024-02-26,direct,2,4,0,0,0
2055,1793,2024-02-26,referral,3,4,0,0,5
2055,1793,2024-02-26,organic_search,4,4,0,0,0
2056,1548,2024-08-05,facebook_ads,1,4,0,0,8
2056,1548,2024-08-05,direct,2,4,0,0,0
2056,1548,2024-08-05,email,3,4,0,0,1
2056,1548,2024-08-05,organic_search,4,4,0,0,0
2057,555,2024-08-10,organic_search,1,4,0,0,0
2057,555,2024-08-10,organic_search,2,4,0,0,0
2057,555,2024-08-10,organic_search,3,4,0,0,0
2057,555,2024-08-10,organic_search,4,4,0,0,0
2058,647,2024-05-20,direct,1,5,0,0,0
2058,647,2024-05-20,google_ads,2,5,0,0,12
2058,647,2024-05-20,direct,3,5,0,0,0
2058,647,2024-05-20,facebook_ads,4,5,0,0,8
2058,647,2024-05-20,referral,5,5,0,0,5
2059,214,2024-06-07,google_ads,1,6,0,0,12
2059,214,2024-06-07,organic_search,2,6,0,0,0
2059,214,2024-06-07,google_ads,3,6,0,0,12
2059,214,2024-06-07,direct,4,6,0,0,0
2059,214,2024-06-07,referral,5,6,0,0,5
2059,214,2024-06-07,direct,6,6,0,0,0
2060,785,2024-05-28,facebook_ads,1,2,0,0,8
2060,785,2024-05-28,organic_search,2,2,0,0,0
2061,1712,2024-03-17,email,1,1,0,0,1
2062,1645,2024-03-20,email,1,4,0,0,1
2062,1645,2024-03-20,direct,2,4,0,0,0
2062,1645,2024-03-20,direct,3,4,0,0,0
2062,1645,2024-03-20,direct,4,4,0,0,0
2063,1790,2024-03-27,organic_search,1,1,0,0,0
2064,1378,2024-02-09,direct,1,5,0,0,0
2064,1378,2024-02-09,email,2,5,0,0,1
2064,1378,2024-02-09,referral,3,5,0,0,5
2064,1378,2024-02-09,facebook_ads,4,5,0,0,8
2064,1378,2024-02-09,google_ads,5,5,0,0,12
2065,1106,2024-06-22,email,1,2,0,0,1
2065,1106,2024-06-22,direct,2,2,0,0,0
2066,21,2024-02-04,referral,1,5,0,0,5
2066,21,2024-02-04,organic_search,2,5,0,0,0
2066,21,2024-02-04,email,3,5,0,0,1
2066,21,2024-02-04,referral,4,5,0,0,5
2066,21,2024-02-04,referral,5,5,0,0,5
2067,236,2024-04-22,email,1,2,0,0,1
2067,236,2024-04-22,referral,2,2,0,0,5
2068,1295,2024-09-22,referral,1,6,0,0,5
2068,1295,2024-09-22,facebook_ads,2,6,0,0,8
2068,1295,2024-09-22,direct,3,6,0,0,0
2068,1295,2024-09-22,referral,4,6,0,0,5
2068,1295,2024-09-22,referral,5,6,0,0,5
2068,1295,2024-09-22,direct,6,6,0,0,0
2069,1863,2024-01-10,email,1,3,0,0,1
2069,1863,2024-01-10,google_ads,2,3,0,0,12
2069,1863,2024-01-10,google_ads,3,3,0,0,12
2070,306,2024-05-16,google_ads,1,1,1,99,12
2071,1880,2024-05-29,facebook_ads,1,4,0,0,8
2071,1880,2024-05-29,email,2,4,0,0,1
2071,1880,2024-05-29,email,3,4,0,0,1
2071,1880,2024-05-29,google_ads,4,4,0,0,12
2072,1640,2024-03-16,referral,1,3,0,0,5
2072,1640,2024-03-16,organic_search,2,3,0,0,0
2072,1640,2024-03-16,facebook_ads,3,3,0,0,8
2073,1587,2024-05-27,google_ads,1,4,0,0,12
2073,1587,2024-05-27,email,2,4,0,0,1
2073,1587,2024-05-27,direct,3,4,0,0,0
2073,1587,2024-05-27,organic_search,4,4,0,0,0
2074,644,2024-09-15,organic_search,1,5,1,149,0
2074,644,2024-09-15,google_ads,2,5,1,149,12
2074,644,2024-09-15,email,3,5,1,149,1
2074,644,2024-09-15,organic_search,4,5,1,149,0
2074,644,2024-09-15,referral,5,5,1,149,5
2075,249,2024-03-23,referral,1,3,0,0,5
2075,249,2024-03-23,referral,2,3,0,0,5
2075,249,2024-03-23,referral,3,3,0,0,5
2076,98,2024-04-03,organic_search,1,6,0,0,0
2076,98,2024-04-03,direct,2,6,0,0,0
2076,98,2024-04-03,direct,3,6,0,0,0
2076,98,2024-04-03,email,4,6,0,0,1
2076,98,2024-04-03,facebook_ads,5,6,0,0,8
2076,98,2024-04-03,google_ads,6,6,0,0,12
2077,1451,2024-02-05,facebook_ads,1,3,0,0,8
2077,1451,2024-02-05,facebook_ads,2,3,0,0,8
2077,1451,2024-02-05,facebook_ads,3,3,0,0,8
2078,332,2024-02-04,email,1,1,0,0,1
2079,1897,2024-03-25,direct,1,2,0,0,0
2079,1897,2024-03-25,facebook_ads,2,2,0,0,8
2080,1930,2024-05-02,referral,1,6,0,0,5
2080,1930,2024-05-02,organic_search,2,6,0,0,0
2080,1930,2024-05-02,direct,3,6,0,0,0
2080,1930,2024-05-02,google_ads,4,6,0,0,12
2080,1930,2024-05-02,organic_search,5,6,0,0,0
2080,1930,2024-05-02,facebook_ads,6,6,0,0,8
2081,680,2024-06-28,organic_search,1,5,0,0,0
2081,680,2024-06-28,direct,2,5,0,0,0
2081,680,2024-06-28,direct,3,5,0,0,0
2081,680,2024-06-28,google_ads,4,5,0,0,12
2081,680,2024-06-28,email,5,5,0,0,1
2082,1153,2024-06-29,referral,1,2,0,0,5
2082,1153,2024-06-29,email,2,2,0,0,1
2083,72,2024-03-10,google_ads,1,3,0,0,12
2083,72,2024-03-10,facebook_ads,2,3,0,0,8
2083,72,2024-03-10,organic_search,3,3,0,0,0
2084,1266,2024-05-31,facebook_ads,1,2,0,0,8
2084,1266,2024-05-31,direct,2,2,0,0,0
2085,1140,2024-04-08,email,1,5,0,0,1
2085,1140,2024-04-08,organic_search,2,5,0,0,0
2085,1140,2024-04-08,organic_search,3,5,0,0,0
2085,1140,2024-04-08,direct,4,5,0,0,0
2085,1140,2024-04-08,referral,5,5,0,0,5
2086,146,2024-01-24,email,1,4,1,149,1
2086,146,2024-01-24,facebook_ads,2,4,1,149,8
2086,146,2024-01-24,email,3,4,1,149,1
2086,146,2024-01-24,referral,4,4,1,149,5
2087,1319,2024-08-15,email,1,4,0,0,1
2087,1319,2024-08-15,organic_search,2,4,0,0,0
2087,1319,2024-08-15,google_ads,3,4,0,0,12
2087,1319,2024-08-15,google_ads,4,4,0,0,12
2088,822,2024-01-11,google_ads,1,5,1,299,12
2088,822,2024-01-11,google_ads,2,5,1,299,12
2088,822,2024-01-11,referral,3,5,1,299,5
2088,822,2024-01-11,organic_search,4,5,1,299,0
2088,822,2024-01-11,google_ads,5,5,1,299,12
2089,1459,2024-02-06,facebook_ads,1,4,0,0,8
2089,1459,2024-02-06,organic_search,2,4,0,0,0
2089,1459,2024-02-06,google_ads,3,4,0,0,12
2089,1459,2024-02-06,facebook_ads,4,4,0,0,8
2090,1313,2024-02-21,organic_search,1,5,0,0,0
2090,1313,2024-02-21,referral,2,5,0,0,5
2090,1313,2024-02-21,google_ads,3,5,0,0,12
2090,1313,2024-02-21,email,4,5,0,0,1
2090,1313,2024-02-21,email,5,5,0,0,1
2091,247,2024-08-20,direct,1,5,0,0,0
2091,247,2024-08-20,google_ads,2,5,0,0,12
2091,247,2024-08-20,email,3,5,0,0,1
2091,247,2024-08-20,facebook_ads,4,5,0,0,8
2091,247,2024-08-20,email,5,5,0,0,1
2092,197,2024-03-04,organic_search,1,4,0,0,0
2092,197,2024-03-04,referral,2,4,0,0,5
2092,197,2024-03-04,organic_search,3,4,0,0,0
2092,197,2024-03-04,email,4,4,0,0,1
2093,644,2024-05-13,organic_search,1,1,0,0,0
2094,665,2024-05-31,facebook_ads,1,3,1,49,8
2094,665,2024-05-31,referral,2,3,1,49,5
2094,665,2024-05-31,facebook_ads,3,3,1,49,8
2095,260,2024-09-07,organic_search,1,3,0,0,0
2095,260,2024-09-07,direct,2,3,0,0,0
2095,260,2024-09-07,email,3,3,0,0,1
2096,990,2024-09-16,direct,1,3,0,0,0
2096,990,2024-09-16,referral,2,3,0,0,5
2096,990,2024-09-16,facebook_ads,3,3,0,0,8
2097,869,2024-03-01,google_ads,1,1,0,0,12
2098,1100,2024-01-01,direct,1,1,1,49,0
2099,848,2024-03-18,organic_search,1,5,0,0,0
2099,848,2024-03-18,email,2,5,0,0,1
2099,848,2024-03-18,email,3,5,0,0,1
2099,848,2024-03-18,referral,4,5,0,0,5
2099,848,2024-03-18,facebook_ads,5,5,0,0,8
2100,1781,2024-09-21,referral,1,4,0,0,5
2100,1781,2024-09-21,email,2,4,0,0,1
2100,1781,2024-09-21,referral,3,4,0,0,5
2100,1781,2024-09-21,organic_search,4,4,0,0,0
2101,124,2024-05-25,google_ads,1,2,0,0,12
2101,124,2024-05-25,direct,2,2,0,0,0
2102,1909,2024-08-21,email,1,3,1,149,1
2102,1909,2024-08-21,google_ads,2,3,1,149,12
2102,1909,2024-08-21,direct,3,3,1,149,0
2103,387,2024-09-23,google_ads,1,5,0,0,12
2103,387,2024-09-23,google_ads,2,5,0,0,12
2103,387,2024-09-23,organic_search,3,5,0,0,0
2103,387,2024-09-23,organic_search,4,5,0,0,0
2103,387,2024-09-23,google_ads,5,5,0,0,12
2104,274,2024-05-23,organic_search,1,6,0,0,0
2104,274,2024-05-23,email,2,6,0,0,1
2104,274,2024-05-23,facebook_ads,3,6,0,0,8
2104,274,2024-05-23,google_ads,4,6,0,0,12
2104,274,2024-05-23,organic_search,5,6,0,0,0
2104,274,2024-05-23,facebook_ads,6,6,0,0,8
2105,643,2024-08-17,referral,1,6,1,499,5
2105,643,2024-08-17,direct,2,6,1,499,0
2105,643,2024-08-17,email,3,6,1,499,1
2105,643,2024-08-17,direct,4,6,1,499,0
2105,643,2024-08-17,google_ads,5,6,1,499,12
2105,643,2024-08-17,direct,6,6,1,499,0
2106,18,2024-05-23,direct,1,3,0,0,0
2106,18,2024-05-23,facebook_ads,2,3,0,0,8
2106,18,2024-05-23,direct,3,3,0,0,0
2107,1889,2024-06-15,referral,1,5,1,299,5
2107,1889,2024-06-15,email,2,5,1,299,1
2107,1889,2024-06-15,facebook_ads,3,5,1,299,8
2107,1889,2024-06-15,referral,4,5,1,299,5
2107,1889,2024-06-15,email,5,5,1,299,1
2108,143,2024-04-24,referral,1,6,0,0,5
2108,143,2024-04-24,direct,2,6,0,0,0
2108,143,2024-04-24,organic_search,3,6,0,0,0
2108,143,2024-04-24,direct,4,6,0,0,0
2108,143,2024-04-24,facebook_ads,5,6,0,0,8
2108,143,2024-04-24,organic_search,6,6,0,0,0
2109,246,2024-09-11,referral,1,4,0,0,5
2109,246,2024-09-11,direct,2,4,0,0,0
2109,246,2024-09-11,google_ads,3,4,0,0,12
2109,246,2024-09-11,google_ads,4,4,0,0,12
2110,84,2024-08-31,email,1,6,1,99,1
2110,84,2024-08-31,organic_search,2,6,1,99,0
2110,84,2024-08-31,direct,3,6,1,99,0
2110,84,2024-08-31,organic_search,4,6,1,99,0
2110,84,2024-08-31,organic_search,5,6,1,99,0
2110,84,2024-08-31,organic_search,6,6,1,99,0
2111,1708,2024-06-05,google_ads,1,6,0,0,12
2111,1708,2024-06-05,email,2,6,0,0,1
2111,1708,2024-06-05,direct,3,6,0,0,0
2111,1708,2024-06-05,organic_search,4,6,0,0,0
2111,1708,2024-06-05,facebook_ads,5,6,0,0,8
2111,1708,2024-06-05,organic_search,6,6,0,0,0
2112,1132,2024-09-24,google_ads,1,4,0,0,12
2112,1132,2024-09-24,google_ads,2,4,0,0,12
2112,1132,2024-09-24,google_ads,3,4,0,0,12
2112,1132,2024-09-24,organic_search,4,4,0,0,0
2113,1566,2024-06-15,google_ads,1,1,0,0,12
2114,227,2024-03-18,organic_search,1,2,0,0,0
2114,227,2024-03-18,google_ads,2,2,0,0,12
2115,661,2024-02-03,organic_search,1,6,1,149,0
2115,661,2024-02-03,referral,2,6,1,149,5
2115,661,2024-02-03,referral,3,6,1,149,5
2115,661,2024-02-03,referral,4,6,1,149,5
2115,661,2024-02-03,facebook_ads,5,6,1,149,8
2115,661,2024-02-03,google_ads,6,6,1,149,12
2116,334,2024-04-13,email,1,6,0,0,1
2116,334,2024-04-13,organic_search,2,6,0,0,0
2116,334,2024-04-13,email,3,6,0,0,1
2116,334,2024-04-13,organic_search,4,6,0,0,0
2116,334,2024-04-13,direct,5,6,0,0,0
2116,334,2024-04-13,facebook_ads,6,6,0,0,8
2117,1388,2024-03-20,facebook_ads,1,2,0,0,8
2117,1388,2024-03-20,email,2,2,0,0,1
2118,1584,2024-08-24,email,1,3,0,0,1
2118,1584,2024-08-24,referral,2,3,0,0,5
2118,1584,2024-08-24,email,3,3,0,0,1
2119,321,2024-08-29,google_ads,1,3,0,0,12
2119,321,2024-08-29,email,2,3,0,0,1
2119,321,2024-08-29,facebook_ads,3,3,0,0,8
2120,529,2024-08-14,organic_search,1,2,0,0,0
2120,529,2024-08-14,direct,2,2,0,0,0
2121,1063,2024-03-07,google_ads,1,6,0,0,12
2121,1063,2024-03-07,email,2,6,0,0,1
2121,1063,2024-03-07,email,3,6,0,0,1
2121,1063,2024-03-07,facebook_ads,4,6,0,0,8
2121,1063,2024-03-07,referral,5,6,0,0,5
2121,1063,2024-03-07,email,6,6,0,0,1
2122,1894,2024-08-01,organic_search,1,5,0,0,0
2122,1894,2024-08-01,direct,2,5,0,0,0
2122,1894,2024-08-01,email,3,5,0,0,1
2122,1894,2024-08-01,email,4,5,0,0,1
2122,1894,2024-08-01,email,5,5,0,0,1
2123,98,2024-07-25,direct,1,6,0,0,0
2123,98,2024-07-25,referral,2,6,0,0,5
2123,98,2024-07-25,referral,3,6,0,0,5
2123,98,2024-07-25,email,4,6,0,0,1
2123,98,2024-07-25,facebook_ads,5,6,0,0,8
2123,98,2024-07-25,facebook_ads,6,6,0,0,8
2124,1992,2024-07-28,google_ads,1,3,0,0,12
2124,1992,2024-07-28,direct,2,3,0,0,0
2124,1992,2024-07-28,facebook_ads,3,3,0,0,8
2125,1995,2024-07-20,email,1,1,1,499,1
2126,1159,2024-05-27,google_ads,1,6,1,49,12
2126,1159,2024-05-27,direct,2,6,1,49,0
2126,1159,2024-05-27,direct,3,6,1,49,0
2126,1159,2024-05-27,direct,4,6,1,49,0
2126,1159,2024-05-27,referral,5,6,1,49,5
2126,1159,2024-05-27,referral,6,6,1,49,5
2127,299,2024-07-25,referral,1,6,0,0,5
2127,299,2024-07-25,google_ads,2,6,0,0,12
2127,299,2024-07-25,organic_search,3,6,0,0,0
2127,299,2024-07-25,google_ads,4,6,0,0,12
2127,299,2024-07-25,referral,5,6,0,0,5
2127,299,2024-07-25,facebook_ads,6,6,0,0,8
2128,162,2024-02-02,organic_search,1,3,0,0,0
2128,162,2024-02-02,facebook_ads,2,3,0,0,8
2128,162,2024-02-02,organic_search,3,3,0,0,0
2129,1528,2024-09-26,direct,1,6,1,99,0
2129,1528,2024-09-26,email,2,6,1,99,1
2129,1528,2024-09-26,direct,3,6,1,99,0
2129,1528,2024-09-26,direct,4,6,1,99,0
2129,1528,2024-09-26,email,5,6,1,99,1
2129,1528,2024-09-26,referral,6,6,1,99,5
2130,1736,2024-04-19,google_ads,1,3,0,0,12
2130,1736,2024-04-19,email,2,3,0,0,1
2130,1736,2024-04-19,facebook_ads,3,3,0,0,8
2131,484,2024-01-16,organic_search,1,1,0,0,0
2132,1570,2024-07-31,organic_search,1,6,1,149,0
2132,1570,2024-07-31,google_ads,2,6,1,149,12
2132,1570,2024-07-31,google_ads,3,6,1,149,12
2132,1570,2024-07-31,facebook_ads,4,6,1,149,8
2132,1570,2024-07-31,email,5,6,1,149,1
2132,1570,2024-07-31,email,6,6,1,149,1
2133,1497,2024-07-22,google_ads,1,5,0,0,12
2133,1497,2024-07-22,organic_search,2,5,0,0,0
2133,1497,2024-07-22,direct,3,5,0,0,0
2133,1497,2024-07-22,referral,4,5,0,0,5
2133,1497,2024-07-22,direct,5,5,0,0,0
2134,1647,2024-05-24,organic_search,1,3,0,0,0
2134,1647,2024-05-24,referral,2,3,0,0,5
2134,1647,2024-05-24,google_ads,3,3,0,0,12
2135,70,2024-03-12,organic_search,1,2,0,0,0
2135,70,2024-03-12,google_ads,2,2,0,0,12
2136,698,2024-09-22,google_ads,1,3,1,49,12
2136,698,2024-09-22,google_ads,2,3,1,49,12
2136,698,2024-09-22,direct,3,3,1,49,0
2137,562,2024-07-07,direct,1,1,0,0,0
2138,1065,2024-09-09,direct,1,2,0,0,0
2138,1065,2024-09-09,facebook_ads,2,2,0,0,8
2139,495,2024-02-23,facebook_ads,1,6,0,0,8
2139,495,2024-02-23,direct,2,6,0,0,0
2139,495,2024-02-23,google_ads,3,6,0,0,12
2139,495,2024-02-23,email,4,6,0,0,1
2139,495,2024-02-23,organic_search,5,6,0,0,0
2139,495,2024-02-23,google_ads,6,6,0,0,12
2140,1941,2024-01-06,email,1,5,0,0,1
2140,1941,2024-01-06,organic_search,2,5,0,0,0
2140,1941,2024-01-06,google_ads,3,5,0,0,12
2140,1941,2024-01-06,email,4,5,0,0,1
2140,1941,2024-01-06,referral,5,5,0,0,5
2141,1512,2024-03-19,organic_search,1,6,0,0,0
2141,1512,2024-03-19,direct,2,6,0,0,0
2141,1512,2024-03-19,google_ads,3,6,0,0,12
2141,1512,2024-03-19,organic_search,4,6,0,0,0
2141,1512,2024-03-19,referral,5,6,0,0,5
2141,1512,2024-03-19,referral,6,6,0,0,5
2142,495,2024-09-15,referral,1,6,0,0,5
2142,495,2024-09-15,email,2,6,0,0,1
2142,495,2024-09-15,referral,3,6,0,0,5
2142,495,2024-09-15,direct,4,6,0,0,0
2142,495,2024-09-15,email,5,6,0,0,1
2142,495,2024-09-15,google_ads,6,6,0,0,12
2143,1442,2024-03-25,organic_search,1,1,0,0,0
2144,1454,2024-01-20,referral,1,3,0,0,5
2144,1454,2024-01-20,google_ads,2,3,0,0,12
2144,1454,2024-01-20,organic_search,3,3,0,0,0
2145,495,2024-04-08,email,1,2,1,99,1
2145,495,2024-04-08,organic_search,2,2,1,99,0
2146,1556,2024-09-18,facebook_ads,1,2,0,0,8
2146,1556,2024-09-18,organic_search,2,2,0,0,0
2147,11,2024-01-26,email,1,2,0,0,1
2147,11,2024-01-26,direct,2,2,0,0,0
2148,760,2024-08-29,direct,1,5,1,299,0
2148,760,2024-08-29,direct,2,5,1,299,0
2148,760,2024-08-29,google_ads,3,5,1,299,12
2148,760,2024-08-29,organic_search,4,5,1,299,0
2148,760,2024-08-29,direct,5,5,1,299,0
2149,108,2024-09-20,organic_search,1,6,0,0,0
2149,108,2024-09-20,referral,2,6,0,0,5
2149,108,2024-09-20,referral,3,6,0,0,5
2149,108,2024-09-20,facebook_ads,4,6,0,0,8
2149,108,2024-09-20,email,5,6,0,0,1
2149,108,2024-09-20,facebook_ads,6,6,0,0,8
2150,1976,2024-04-12,referral,1,4,0,0,5
2150,1976,2024-04-12,direct,2,4,0,0,0
2150,1976,2024-04-12,referral,3,4,0,0,5
2150,1976,2024-04-12,referral,4,4,0,0,5
2151,173,2024-07-28,referral,1,2,1,99,5
2151,173,2024-07-28,direct,2,2,1,99,0
2152,1563,2024-06-06,google_ads,1,5,0,0,12
2152,1563,2024-06-06,email,2,5,0,0,1
2152,1563,2024-06-06,facebook_ads,3,5,0,0,8
2152,1563,2024-06-06,facebook_ads,4,5,0,0,8
2152,1563,2024-06-06,google_ads,5,5,0,0,12
2153,1138,2024-03-01,email,1,1,1,299,1
2154,829,2024-03-11,facebook_ads,1,6,0,0,8
2154,829,2024-03-11,referral,2,6,0,0,5
2154,829,2024-03-11,google_ads,3,6,0,0,12
2154,829,2024-03-11,organic_search,4,6,0,0,0
2154,829,2024-03-11,organic_search,5,6,0,0,0
2154,829,2024-03-11,facebook_ads,6,6,0,0,8
2155,141,2024-09-04,organic_search,1,1,0,0,0
2156,71,2024-08-12,email,1,4,0,0,1
2156,71,2024-08-12,email,2,4,0,0,1
2156,71,2024-08-12,email,3,4,0,0,1
2156,71,2024-08-12,google_ads,4,4,0,0,12
2157,645,2024-02-01,google_ads,1,4,0,0,12
2157,645,2024-02-01,referral,2,4,0,0,5
2157,645,2024-02-01,google_ads,3,4,0,0,12
2157,645,2024-02-01,facebook_ads,4,4,0,0,8
2158,969,2024-04-26,referral,1,3,1,499,5
2158,969,2024-04-26,referral,2,3,1,499,5
2158,969,2024-04-26,email,3,3,1,499,1
2159,1570,2024-09-23,referral,1,2,0,0,5
2159,1570,2024-09-23,email,2,2,0,0,1
2160,1885,2024-03-06,google_ads,1,2,0,0,12
2160,1885,2024-03-06,direct,2,2,0,0,0
2161,607,2024-06-01,email,1,3,0,0,1
2161,607,2024-06-01,facebook_ads,2,3,0,0,8
2161,607,2024-06-01,referral,3,3,0,0,5
2162,1877,2024-07-22,email,1,3,0,0,1
2162,1877,2024-07-22,referral,2,3,0,0,5
2162,1877,2024-07-22,direct,3,3,0,0,0
2163,993,2024-01-25,referral,1,2,0,0,5
2163,993,2024-01-25,direct,2,2,0,0,0
2164,20,2024-04-24,email,1,5,0,0,1
2164,20,2024-04-24,organic_search,2,5,0,0,0
2164,20,2024-04-24,facebook_ads,3,5,0,0,8
2164,20,2024-04-24,email,4,5,0,0,1
2164,20,2024-04-24,referral,5,5,0,0,5
2165,1276,2024-01-05,referral,1,1,1,49,5
2166,1154,2024-02-01,facebook_ads,1,1,0,0,8
2167,650,2024-09-04,referral,1,4,0,0,5
2167,650,2024-09-04,facebook_ads,2,4,0,0,8
2167,650,2024-09-04,email,3,4,0,0,1
2167,650,2024-09-04,organic_search,4,4,0,0,0
2168,829,2024-07-07,organic_search,1,3,0,0,0
2168,829,2024-07-07,facebook_ads,2,3,0,0,8
2168,829,2024-07-07,facebook_ads,3,3,0,0,8
2169,1927,2024-03-17,facebook_ads,1,2,0,0,8
2169,1927,2024-03-17,facebook_ads,2,2,0,0,8
2170,555,2024-04-19,referral,1,6,0,0,5
2170,555,2024-04-19,direct,2,6,0,0,0
2170,555,2024-04-19,email,3,6,0,0,1
2170,555,2024-04-19,organic_search,4,6,0,0,0
2170,555,2024-04-19,email,5,6,0,0,1
2170,555,2024-04-19,facebook_ads,6,6,0,0,8
2171,1196,2024-01-21,facebook_ads,1,6,1,99,8
2171,1196,2024-01-21,organic_search,2,6,1,99,0
2171,1196,2024-01-21,email,3,6,1,99,1
2171,1196,2024-01-21,referral,4,6,1,99,5
2171,1196,2024-01-21,google_ads,5,6,1,99,12
2171,1196,2024-01-21,facebook_ads,6,6,1,99,8
2172,740,2024-02-04,email,1,5,0,0,1
2172,740,2024-02-04,google_ads,2,5,0,0,12
2172,740,2024-02-04,facebook_ads,3,5,0,0,8
2172,740,2024-02-04,email,4,5,0,0,1
2172,740,2024-02-04,organic_search,5,5,0,0,0
2173,1155,2024-03-10,google_ads,1,3,0,0,12
2173,1155,2024-03-10,direct,2,3,0,0,0
2173,1155,2024-03-10,google_ads,3,3,0,0,12
2174,1849,2024-06-30,email,1,1,1,299,1
2175,72,2024-06-28,organic_search,1,3,0,0,0
2175,72,2024-06-28,google_ads,2,3,0,0,12
2175,72,2024-06-28,direct,3,3,0,0,0
2176,53,2024-06-18,email,1,4,0,0,1
2176,53,2024-06-18,google_ads,2,4,0,0,12
2176,53,2024-06-18,organic_search,3,4,0,0,0
2176,53,2024-06-18,facebook_ads,4,4,0,0,8
2177,1221,2024-08-26,email,1,4,1,299,1
2177,1221,2024-08-26,google_ads,2,4,1,299,12
2177,1221,2024-08-26,organic_search,3,4,1,299,0
2177,1221,2024-08-26,email,4,4,1,299,1
2178,426,2024-03-08,organic_search,1,1,0,0,0
2179,868,2024-02-17,email,1,1,0,0,1
2180,527,2024-08-26,organic_search,1,3,0,0,0
2180,527,2024-08-26,facebook_ads,2,3,0,0,8
2180,527,2024-08-26,organic_search,3,3,0,0,0
2181,1521,2024-04-15,facebook_ads,1,4,0,0,8
2181,1521,2024-04-15,organic_search,2,4,0,0,0
2181,1521,2024-04-15,organic_search,3,4,0,0,0
2181,1521,2024-04-15,referral,4,4,0,0,5
2182,1996,2024-01-24,direct,1,4,0,0,0
2182,1996,2024-01-24,organic_search,2,4,0,0,0
2182,1996,2024-01-24,referral,3,4,0,0,5
2182,1996,2024-01-24,organic_search,4,4,0,0,0
2183,1182,2024-07-16,facebook_ads,1,4,0,0,8
2183,1182,2024-07-16,direct,2,4,0,0,0
2183,1182,2024-07-16,facebook_ads,3,4,0,0,8
2183,1182,2024-07-16,referral,4,4,0,0,5
2184,906,2024-08-27,google_ads,1,1,0,0,12
2185,1658,2024-03-13,organic_search,1,6,0,0,0
2185,1658,2024-03-13,direct,2,6,0,0,0
2185,1658,2024-03-13,email,3,6,0,0,1
2185,1658,2024-03-13,google_ads,4,6,0,0,12
2185,1658,2024-03-13,google_ads,5,6,0,0,12
2185,1658,2024-03-13,google_ads,6,6,0,0,12
2186,1028,2024-03-18,google_ads,1,3,0,0,12
2186,1028,2024-03-18,google_ads,2,3,0,0,12
2186,1028,2024-03-18,organic_search,3,3,0,0,0
2187,418,2024-01-28,referral,1,4,0,0,5
2187,418,2024-01-28,facebook_ads,2,4,0,0,8
2187,418,2024-01-28,direct,3,4,0,0,0
2187,418,2024-01-28,organic_search,4,4,0,0,0
2188,1634,2024-04-11,referral,1,1,0,0,5
2189,120,2024-07-21,referral,1,6,0,0,5
2189,120,2024-07-21,referral,2,6,0,0,5
2189,120,2024-07-21,google_ads,3,6,0,0,12
2189,120,2024-07-21,email,4,6,0,0,1
2189,120,2024-07-21,direct,5,6,0,0,0
2189,120,2024-07-21,email,6,6,0,0,1
2190,1455,2024-02-16,google_ads,1,1,1,499,12
2191,741,2024-08-22,google_ads,1,4,0,0,12
2191,741,2024-08-22,google_ads,2,4,0,0,12
2191,741,2024-08-22,facebook_ads,3,4,0,0,8
2191,741,2024-08-22,direct,4,4,0,0,0
2192,80,2024-07-15,organic_search,1,4,0,0,0
2192,80,2024-07-15,referral,2,4,0,0,5
2192,80,2024-07-15,direct,3,4,0,0,0
2192,80,2024-07-15,direct,4,4,0,0,0
2193,1717,2024-06-06,email,1,4,0,0,1
2193,1717,2024-06-06,google_ads,2,4,0,0,12
2193,1717,2024-06-06,google_ads,3,4,0,0,12
2193,1717,2024-06-06,google_ads,4,4,0,0,12
2194,505,2024-04-20,facebook_ads,1,1,0,0,8
2195,296,2024-08-24,google_ads,1,5,0,0,12
2195,296,2024-08-24,direct,2,5,0,0,0
2195,296,2024-08-24,email,3,5,0,0,1
2195,296,2024-08-24,referral,4,5,0,0,5
2195,296,2024-08-24,referral,5,5,0,0,5
2196,260,2024-06-13,direct,1,4,0,0,0
2196,260,2024-06-13,google_ads,2,4,0,0,12
2196,260,2024-06-13,facebook_ads,3,4,0,0,8
2196,260,2024-06-13,email,4,4,0,0,1
2197,1673,2024-03-15,email,1,4,0,0,1
2197,1673,2024-03-15,direct,2,4,0,0,0
2197,1673,2024-03-15,email,3,4,0,0,1
2197,1673,2024-03-15,facebook_ads,4,4,0,0,8
2198,1794,2024-04-12,organic_search,1,1,1,149,0
2199,1305,2024-06-30,organic_search,1,2,0,0,0
2199,1305,2024-06-30,google_ads,2,2,0,0,12
2200,539,2024-08-04,email,1,1,0,0,1
2201,904,2024-04-07,facebook_ads,1,6,0,0,8
2201,904,2024-04-07,organic_search,2,6,0,0,0
2201,904,2024-04-07,referral,3,6,0,0,5
2201,904,2024-04-07,direct,4,6,0,0,0
2201,904,2024-04-07,facebook_ads,5,6,0,0,8
2201,904,2024-04-07,google_ads,6,6,0,0,12
2202,1575,2024-02-10,referral,1,2,0,0,5
2202,1575,2024-02-10,direct,2,2,0,0,0
2203,1686,2024-02-20,referral,1,5,1,299,5
2203,1686,2024-02-20,referral,2,5,1,299,5
2203,1686,2024-02-20,organic_search,3,5,1,299,0
2203,1686,2024-02-20,facebook_ads,4,5,1,299,8
2203,1686,2024-02-20,email,5,5,1,299,1
2204,1043,2024-01-30,organic_search,1,5,0,0,0
2204,1043,2024-01-30,google_ads,2,5,0,0,12
2204,1043,2024-01-30,direct,3,5,0,0,0
2204,1043,2024-01-30,google_ads,4,5,0,0,12
2204,1043,2024-01-30,facebook_ads,5,5,0,0,8
2205,1828,2024-09-01,direct,1,3,1,99,0
2205,1828,2024-09-01,google_ads,2,3,1,99,12
2205,1828,2024-09-01,facebook_ads,3,3,1,99,8
2206,1390,2024-05-17,direct,1,4,0,0,0
2206,1390,2024-05-17,email,2,4,0,0,1
2206,1390,2024-05-17,email,3,4,0,0,1
2206,1390,2024-05-17,email,4,4,0,0,1
2207,1158,2024-06-09,email,1,2,0,0,1
2207,1158,2024-06-09,direct,2,2,0,0,0
2208,206,2024-06-03,google_ads,1,4,0,0,12
2208,206,2024-06-03,facebook_ads,2,4,0,0,8
2208,206,2024-06-03,google_ads,3,4,0,0,12
2208,206,2024-06-03,email,4,4,0,0,1
2209,8,2024-08-07,organic_search,1,5,0,0,0
2209,8,2024-08-07,facebook_ads,2,5,0,0,8
2209,8,2024-08-07,direct,3,5,0,0,0
2209,8,2024-08-07,email,4,5,0,0,1
2209,8,2024-08-07,organic_search,5,5,0,0,0
2210,843,2024-09-16,direct,1,2,0,0,0
2210,843,2024-09-16,email,2,2,0,0,1
2211,1733,2024-06-12,direct,1,2,1,149,0
2211,1733,2024-06-12,direct,2,2,1,149,0
2212,54,2024-09-16,google_ads,1,6,0,0,12
2212,54,2024-09-16,google_ads,2,6,0,0,12
2212,54,2024-09-16,email,3,6,0,0,1
2212,54,2024-09-16,referral,4,6,0,0,5
2212,54,2024-09-16,facebook_ads,5,6,0,0,8
2212,54,2024-09-16,facebook_ads,6,6,0,0,8
2213,815,2024-09-20,email,1,1,1,49,1
2214,981,2024-05-15,organic_search,1,4,0,0,0
2214,981,2024-05-15,organic_search,2,4,0,0,0
2214,981,2024-05-15,google_ads,3,4,0,0,12
2214,981,2024-05-15,email,4,4,0,0,1
2215,778,2024-04-23,google_ads,1,4,0,0,12
2215,778,2024-04-23,google_ads,2,4,0,0,12
2215,778,2024-04-23,organic_search,3,4,0,0,0
2215,778,2024-04-23,referral,4,4,0,0,5
2216,426,2024-01-25,email,1,2,0,0,1
2216,426,2024-01-25,referral,2,2,0,0,5
2217,523,2024-04-20,organic_search,1,5,0,0,0
2217,523,2024-04-20,facebook_ads,2,5,0,0,8
2217,523,2024-04-20,direct,3,5,0,0,0
2217,523,2024-04-20,referral,4,5,0,0,5
2217,523,2024-04-20,organic_search,5,5,0,0,0
2218,917,2024-04-28,organic_search,1,6,0,0,0
2218,917,2024-04-28,organic_search,2,6,0,0,0
2218,917,2024-04-28,referral,3,6,0,0,5
2218,917,2024-04-28,direct,4,6,0,0,0
2218,917,2024-04-28,organic_search,5,6,0,0,0
2218,917,2024-04-28,direct,6,6,0,0,0
2219,685,2024-03-26,google_ads,1,2,0,0,12
2219,685,2024-03-26,google_ads,2,2,0,0,12
2220,1727,2024-06-02,email,1,3,0,0,1
2220,1727,2024-06-02,email,2,3,0,0,1
2220,1727,2024-06-02,referral,3,3,0,0,5
2221,978,2024-06-03,facebook_ads,1,6,1,149,8
2221,978,2024-06-03,facebook_ads,2,6,1,149,8
2221,978,2024-06-03,organic_search,3,6,1,149,0
2221,978,2024-06-03,facebook_ads,4,6,1,149,8
2221,978,2024-06-03,organic_search,5,6,1,149,0
2221,978,2024-06-03,direct,6,6,1,149,0
2222,1809,2024-06-27,facebook_ads,1,2,1,499,8
2222,1809,2024-06-27,facebook_ads,2,2,1,499,8
2223,1631,2024-08-04,organic_search,1,5,0,0,0
2223,1631,2024-08-04,email,2,5,0,0,1
2223,1631,2024-08-04,direct,3,5,0,0,0
2223,1631,2024-08-04,email,4,5,0,0,1
2223,1631,2024-08-04,google_ads,5,5,0,0,12
2224,615,2024-04-29,facebook_ads,1,5,1,99,8
2224,615,2024-04-29,email,2,5,1,99,1
2224,615,2024-04-29,google_ads,3,5,1,99,12
2224,615,2024-04-29,email,4,5,1,99,1
2224,615,2024-04-29,email,5,5,1,99,1
2225,719,2024-08-11,facebook_ads,1,3,0,0,8
2225,719,2024-08-11,direct,2,3,0,0,0
2225,719,2024-08-11,organic_search,3,3,0,0,0
2226,354,2024-03-28,email,1,4,0,0,1
2226,354,2024-03-28,email,2,4,0,0,1
2226,354,2024-03-28,google_ads,3,4,0,0,12
2226,354,2024-03-28,facebook_ads,4,4,0,0,8
2227,513,2024-07-30,organic_search,1,5,0,0,0
2227,513,2024-07-30,direct,2,5,0,0,0
2227,513,2024-07-30,referral,3,5,0,0,5
2227,513,2024-07-30,email,4,5,0,0,1
2227,513,2024-07-30,facebook_ads,5,5,0,0,8
2228,342,2024-03-19,referral,1,5,0,0,5
2228,342,2024-03-19,organic_search,2,5,0,0,0
2228,342,2024-03-19,google_ads,3,5,0,0,12
2228,342,2024-03-19,direct,4,5,0,0,0
2228,342,2024-03-19,facebook_ads,5,5,0,0,8
2229,105,2024-07-22,organic_search,1,1,0,0,0
2230,1472,2024-05-22,organic_search,1,2,0,0,0
2230,1472,2024-05-22,google_ads,2,2,0,0,12
2231,914,2024-05-07,facebook_ads,1,6,0,0,8
2231,914,2024-05-07,organic_search,2,6,0,0,0
2231,914,2024-05-07,referral,3,6,0,0,5
2231,914,2024-05-07,email,4,6,0,0,1
2231,914,2024-05-07,direct,5,6,0,0,0
2231,914,2024-05-07,facebook_ads,6,6,0,0,8
2232,401,2024-03-01,referral,1,2,0,0,5
2232,401,2024-03-01,direct,2,2,0,0,0
2233,1229,2024-02-02,referral,1,3,0,0,5
2233,1229,2024-02-02,google_ads,2,3,0,0,12
2233,1229,2024-02-02,facebook_ads,3,3,0,0,8
2234,1336,2024-01-10,direct,1,4,0,0,0
2234,1336,2024-01-10,referral,2,4,0,0,5
2234,1336,2024-01-10,facebook_ads,3,4,0,0,8
2234,1336,2024-01-10,facebook_ads,4,4,0,0,8
2235,1651,2024-07-11,organic_search,1,3,0,0,0
2235,1651,2024-07-11,google_ads,2,3,0,0,12
2235,1651,2024-07-11,google_ads,3,3,0,0,12
2236,525,2024-03-20,referral,1,1,0,0,5
2237,104,2024-01-18,email,1,3,0,0,1
2237,104,2024-01-18,organic_search,2,3,0,0,0
2237,104,2024-01-18,google_ads,3,3,0,0,12
2238,924,2024-05-14,google_ads,1,3,0,0,12
2238,924,2024-05-14,google_ads,2,3,0,0,12
2238,924,2024-05-14,facebook_ads,3,3,0,0,8
2239,391,2024-01-31,direct,1,1,1,49,0
2240,1721,2024-05-20,email,1,2,0,0,1
2240,1721,2024-05-20,facebook_ads,2,2,0,0,8
2241,1013,2024-04-03,google_ads,1,6,1,499,12
2241,1013,2024-04-03,direct,2,6,1,499,0
2241,1013,2024-04-03,organic_search,3,6,1,499,0
2241,1013,2024-04-03,referral,4,6,1,499,5
2241,1013,2024-04-03,referral,5,6,1,499,5
2241,1013,2024-04-03,google_ads,6,6,1,499,12
2242,783,2024-05-30,direct,1,4,0,0,0
2242,783,2024-05-30,facebook_ads,2,4,0,0,8
2242,783,2024-05-30,facebook_ads,3,4,0,0,8
2242,783,2024-05-30,organic_search,4,4,0,0,0
2243,1478,2024-07-21,facebook_ads,1,3,0,0,8
2243,1478,2024-07-21,direct,2,3,0,0,0
2243,1478,2024-07-21,google_ads,3,3,0,0,12
2244,1344,2024-09-03,referral,1,2,0,0,5
2244,1344,2024-09-03,organic_search,2,2,0,0,0
2245,246,2024-09-13,referral,1,3,0,0,5
2245,246,2024-09-13,email,2,3,0,0,1
2245,246,2024-09-13,direct,3,3,0,0,0
2246,1730,2024-09-10,organic_search,1,4,0,0,0
2246,1730,2024-09-10,direct,2,4,0,0,0
2246,1730,2024-09-10,direct,3,4,0,0,0
2246,1730,2024-09-10,facebook_ads,4,4,0,0,8
2247,1960,2024-06-18,referral,1,2,0,0,5
2247,1960,2024-06-18,email,2,2,0,0,1
2248,1513,2024-07-12,facebook_ads,1,5,0,0,8
2248,1513,2024-07-12,direct,2,5,0,0,0
2248,1513,2024-07-12,facebook_ads,3,5,0,0,8
2248,1513,2024-07-12,google_ads,4,5,0,0,12
2248,1513,2024-07-12,referral,5,5,0,0,5
2249,674,2024-06-22,facebook_ads,1,6,0,0,8
2249,674,2024-06-22,google_ads,2,6,0,0,12
2249,674,2024-06-22,google_ads,3,6,0,0,12
2249,674,2024-06-22,referral,4,6,0,0,5
2249,674,2024-06-22,google_ads,5,6,0,0,12
2249,674,2024-06-22,referral,6,6,0,0,5
2250,1764,2024-05-28,organic_search,1,2,1,499,0
2250,1764,2024-05-28,email,2,2,1,499,1
2251,640,2024-09-14,referral,1,6,0,0,5
2251,640,2024-09-14,direct,2,6,0,0,0
2251,640,2024-09-14,referral,3,6,0,0,5
2251,640,2024-09-14,google_ads,4,6,0,0,12
2251,640,2024-09-14,email,5,6,0,0,1
2251,640,2024-09-14,google_ads,6,6,0,0,12
2252,1700,2024-03-16,google_ads,1,5,0,0,12
2252,1700,2024-03-16,google_ads,2,5,0,0,12
2252,1700,2024-03-16,referral,3,5,0,0,5
2252,1700,2024-03-16,google_ads,4,5,0,0,12
2252,1700,2024-03-16,organic_search,5,5,0,0,0
2253,1610,2024-03-22,google_ads,1,2,1,149,12
2253,1610,2024-03-22,referral,2,2,1,149,5
2254,980,2024-02-07,email,1,5,1,299,1
2254,980,2024-02-07,organic_search,2,5,1,299,0
2254,980,2024-02-07,referral,3,5,1,299,5
2254,980,2024-02-07,google_ads,4,5,1,299,12
2254,980,2024-02-07,email,5,5,1,299,1
2255,578,2024-04-17,email,1,4,0,0,1
2255,578,2024-04-17,facebook_ads,2,4,0,0,8
2255,578,2024-04-17,email,3,4,0,0,1
2255,578,2024-04-17,facebook_ads,4,4,0,0,8
2256,1445,2024-02-06,google_ads,1,5,1,499,12
2256,1445,2024-02-06,google_ads,2,5,1,499,12
2256,1445,2024-02-06,organic_search,3,5,1,499,0
2256,1445,2024-02-06,google_ads,4,5,1,499,12
2256,1445,2024-02-06,google_ads,5,5,1,499,12
2257,1135,2024-03-25,direct,1,6,0,0,0
2257,1135,2024-03-25,organic_search,2,6,0,0,0
2257,1135,2024-03-25,referral,3,6,0,0,5
2257,1135,2024-03-25,google_ads,4,6,0,0,12
2257,1135,2024-03-25,google_ads,5,6,0,0,12
2257,1135,2024-03-25,referral,6,6,0,0,5
2258,209,2024-08-31,direct,1,1,0,0,0
2259,808,2024-02-11,referral,1,4,0,0,5
2259,808,2024-02-11,google_ads,2,4,0,0,12
2259,808,2024-02-11,facebook_ads,3,4,0,0,8
2259,808,2024-02-11,organic_search,4,4,0,0,0
2260,1934,2024-07-14,direct,1,4,1,99,0
2260,1934,2024-07-14,direct,2,4,1,99,0
2260,1934,2024-07-14,email,3,4,1,99,1
2260,1934,2024-07-14,google_ads,4,4,1,99,12
2261,30,2024-01-17,organic_search,1,3,0,0,0
2261,30,2024-01-17,organic_search,2,3,0,0,0
2261,30,2024-01-17,direct,3,3,0,0,0
2262,660,2024-07-08,facebook_ads,1,3,0,0,8
2262,660,2024-07-08,direct,2,3,0,0,0
2262,660,2024-07-08,google_ads,3,3,0,0,12
2263,452,2024-09-13,google_ads,1,3,0,0,12
2263,452,2024-09-13,referral,2,3,0,0,5
2263,452,2024-09-13,facebook_ads,3,3,0,0,8
2264,1163,2024-08-08,referral,1,2,0,0,5
2264,1163,2024-08-08,facebook_ads,2,2,0,0,8
2265,1196,2024-01-06,facebook_ads,1,6,1,149,8
2265,1196,2024-01-06,direct,2,6,1,149,0
2265,1196,2024-01-06,organic_search,3,6,1,149,0
2265,1196,2024-01-06,direct,4,6,1,149,0
2265,1196,2024-01-06,referral,5,6,1,149,5
2265,1196,2024-01-06,email,6,6,1,149,1
2266,1132,2024-02-04,email,1,6,1,149,1
2266,1132,2024-02-04,direct,2,6,1,149,0
2266,1132,2024-02-04,direct,3,6,1,149,0
2266,1132,2024-02-04,organic_search,4,6,1,149,0
2266,1132,2024-02-04,direct,5,6,1,149,0
2266,1132,2024-02-04,email,6,6,1,149,1
2267,907,2024-06-28,facebook_ads,1,2,0,0,8
2267,907,2024-06-28,organic_search,2,2,0,0,0
2268,1154,2024-07-29,email,1,6,1,299,1
2268,1154,2024-07-29,organic_search,2,6,1,299,0
2268,1154,2024-07-29,email,3,6,1,299,1
2268,1154,2024-07-29,referral,4,6,1,299,5
2268,1154,2024-07-29,referral,5,6,1,299,5
2268,1154,2024-07-29,google_ads,6,6,1,299,12
2269,166,2024-03-19,email,1,3,0,0,1
2269,166,2024-03-19,direct,2,3,0,0,0
2269,166,2024-03-19,email,3,3,0,0,1
2270,1073,2024-08-26,direct,1,3,0,0,0
2270,1073,2024-08-26,direct,2,3,0,0,0
2270,1073,2024-08-26,google_ads,3,3,0,0,12
2271,1594,2024-03-14,direct,1,2,1,49,0
2271,1594,2024-03-14,email,2,2,1,49,1
2272,87,2024-05-12,direct,1,3,0,0,0
2272,87,2024-05-12,google_ads,2,3,0,0,12
2272,87,2024-05-12,facebook_ads,3,3,0,0,8
2273,1867,2024-09-24,direct,1,1,1,149,0
2274,45,2024-04-15,organic_search,1,4,0,0,0
2274,45,2024-04-15,facebook_ads,2,4,0,0,8
2274,45,2024-04-15,referral,3,4,0,0,5
2274,45,2024-04-15,direct,4,4,0,0,0
2275,1985,2024-05-14,google_ads,1,4,0,0,12
2275,1985,2024-05-14,direct,2,4,0,0,0
2275,1985,2024-05-14,referral,3,4,0,0,5
2275,1985,2024-05-14,direct,4,4,0,0,0
2276,1082,2024-07-22,facebook_ads,1,5,1,149,8
2276,1082,2024-07-22,organic_search,2,5,1,149,0
2276,1082,2024-07-22,organic_search,3,5,1,149,0
2276,1082,2024-07-22,email,4,5,1,149,1
2276,1082,2024-07-22,direct,5,5,1,149,0
2277,255,2024-04-20,facebook_ads,1,2,0,0,8
2277,255,2024-04-20,email,2,2,0,0,1
2278,1974,2024-05-17,facebook_ads,1,5,1,49,8
2278,1974,2024-05-17,organic_search,2,5,1,49,0
2278,1974,2024-05-17,organic_search,3,5,1,49,0
2278,1974,2024-05-17,google_ads,4,5,1,49,12
2278,1974,2024-05-17,direct,5,5,1,49,0
2279,1358,2024-04-10,direct,1,1,0,0,0
2280,636,2024-08-06,organic_search,1,5,0,0,0
2280,636,2024-08-06,facebook_ads,2,5,0,0,8
2280,636,2024-08-06,direct,3,5,0,0,0
2280,636,2024-08-06,direct,4,5,0,0,0
2280,636,2024-08-06,google_ads,5,5,0,0,12
2281,1507,2024-03-17,facebook_ads,1,1,0,0,8
2282,47,2024-07-20,google_ads,1,3,0,0,12
2282,47,2024-07-20,facebook_ads,2,3,0,0,8
2282,47,2024-07-20,referral,3,3,0,0,5
2283,1111,2024-03-26,facebook_ads,1,5,0,0,8
2283,1111,2024-03-26,direct,2,5,0,0,0
2283,1111,2024-03-26,direct,3,5,0,0,0
2283,1111,2024-03-26,email,4,5,0,0,1
2283,1111,2024-03-26,google_ads,5,5,0,0,12
2284,497,2024-01-08,google_ads,1,3,0,0,12
2284,497,2024-01-08,organic_search,2,3,0,0,0
2284,497,2024-01-08,facebook_ads,3,3,0,0,8
2285,1845,2024-03-07,organic_search,1,2,0,0,0
2285,1845,2024-03-07,email,2,2,0,0,1
2286,1830,2024-09-09,facebook_ads,1,3,0,0,8
2286,1830,2024-09-09,referral,2,3,0,0,5
2286,1830,2024-09-09,email,3,3,0,0,1
2287,179,2024-05-22,organic_search,1,3,0,0,0
2287,179,2024-05-22,google_ads,2,3,0,0,12
2287,179,2024-05-22,direct,3,3,0,0,0
2288,483,2024-08-15,organic_search,1,3,0,0,0
2288,483,2024-08-15,organic_search,2,3,0,0,0
2288,483,2024-08-15,facebook_ads,3,3,0,0,8
2289,379,2024-06-15,organic_search,1,4,0,0,0
2289,379,2024-06-15,facebook_ads,2,4,0,0,8
2289,379,2024-06-15,email,3,4,0,0,1
2289,379,2024-06-15,facebook_ads,4,4,0,0,8
2290,1519,2024-09-04,organic_search,1,3,0,0,0
2290,1519,2024-09-04,google_ads,2,3,0,0,12
2290,1519,2024-09-04,organic_search,3,3,0,0,0
2291,822,2024-09-17,direct,1,4,1,99,0
2291,822,2024-09-17,facebook_ads,2,4,1,99,8
2291,822,2024-09-17,direct,3,4,1,99,0
2291,822,2024-09-17,organic_search,4,4,1,99,0
2292,926,2024-08-25,facebook_ads,1,5,0,0,8
2292,926,2024-08-25,google_ads,2,5,0,0,12
2292,926,2024-08-25,organic_search,3,5,0,0,0
2292,926,2024-08-25,referral,4,5,0,0,5
2292,926,2024-08-25,referral,5,5,0,0,5
2293,381,2024-07-01,organic_search,1,1,0,0,0
2294,1855,2024-05-21,referral,1,5,0,0,5
2294,1855,2024-05-21,organic_search,2,5,0,0,0
2294,1855,2024-05-21,email,3,5,0,0,1
2294,1855,2024-05-21,google_ads,4,5,0,0,12
2294,1855,2024-05-21,email,5,5,0,0,1
2295,1998,2024-08-11,organic_search,1,1,1,49,0
2296,481,2024-02-09,google_ads,1,3,1,149,12
2296,481,2024-02-09,google_ads,2,3,1,149,12
2296,481,2024-02-09,google_ads,3,3,1,149,12
2297,1212,2024-01-04,google_ads,1,6,1,499,12
2297,1212,2024-01-04,referral,2,6,1,499,5
2297,1212,2024-01-04,referral,3,6,1,499,5
2297,1212,2024-01-04,organic_search,4,6,1,499,0
2297,1212,2024-01-04,direct,5,6,1,499,0
2297,1212,2024-01-04,direct,6,6,1,499,0
2298,512,2024-08-18,organic_search,1,6,0,0,0
2298,512,2024-08-18,email,2,6,0,0,1
2298,512,2024-08-18,referral,3,6,0,0,5
2298,512,2024-08-18,facebook_ads,4,6,0,0,8
2298,512,2024-08-18,google_ads,5,6,0,0,12
2298,512,2024-08-18,email,6,6,0,0,1
2299,375,2024-06-08,facebook_ads,1,3,0,0,8
2299,375,2024-06-08,facebook_ads,2,3,0,0,8
2299,375,2024-06-08,direct,3,3,0,0,0
2300,1434,2024-02-16,facebook_ads,1,6,0,0,8
2300,1434,2024-02-16,referral,2,6,0,0,5
2300,1434,2024-02-16,direct,3,6,0,0,0
2300,1434,2024-02-16,referral,4,6,0,0,5
2300,1434,2024-02-16,direct,5,6,0,0,0
2300,1434,2024-02-16,facebook_ads,6,6,0,0,8
2301,1789,2024-02-20,organic_search,1,3,1,49,0
2301,1789,2024-02-20,google_ads,2,3,1,49,12
2301,1789,2024-02-20,referral,3,3,1,49,5
2302,1687,2024-03-10,direct,1,4,0,0,0
2302,1687,2024-03-10,google_ads,2,4,0,0,12
2302,1687,2024-03-10,direct,3,4,0,0,0
2302,1687,2024-03-10,referral,4,4,0,0,5
2303,1897,2024-05-21,referral,1,3,1,299,5
2303,1897,2024-05-21,referral,2,3,1,299,5
2303,1897,2024-05-21,organic_search,3,3,1,299,0
2304,1984,2024-07-16,referral,1,6,0,0,5
2304,1984,2024-07-16,email,2,6,0,0,1
2304,1984,2024-07-16,direct,3,6,0,0,0
2304,1984,2024-07-16,email,4,6,0,0,1
2304,1984,2024-07-16,organic_search,5,6,0,0,0
2304,1984,2024-07-16,google_ads,6,6,0,0,12
2305,873,2024-04-24,referral,1,3,1,299,5
2305,873,2024-04-24,direct,2,3,1,299,0
2305,873,2024-04-24,referral,3,3,1,299,5
2306,125,2024-03-14,direct,1,4,0,0,0
2306,125,2024-03-14,google_ads,2,4,0,0,12
2306,125,2024-03-14,facebook_ads,3,4,0,0,8
2306,125,2024-03-14,referral,4,4,0,0,5
2307,1677,2024-02-28,email,1,4,0,0,1
2307,1677,2024-02-28,referral,2,4,0,0,5
2307,1677,2024-02-28,organic_search,3,4,0,0,0
2307,1677,2024-02-28,facebook_ads,4,4,0,0,8
2308,579,2024-01-10,direct,1,2,0,0,0
2308,579,2024-01-10,organic_search,2,2,0,0,0
2309,1079,2024-09-19,organic_search,1,4,0,0,0
2309,1079,2024-09-19,email,2,4,0,0,1
2309,1079,2024-09-19,email,3,4,0,0,1
2309,1079,2024-09-19,organic_search,4,4,0,0,0
2310,1915,2024-06-29,direct,1,5,0,0,0
2310,1915,2024-06-29,organic_search,2,5,0,0,0
2310,1915,2024-06-29,google_ads,3,5,0,0,12
2310,1915,2024-06-29,referral,4,5,0,0,5
2310,1915,2024-06-29,referral,5,5,0,0,5
2311,42,2024-03-24,direct,1,3,0,0,0
2311,42,2024-03-24,referral,2,3,0,0,5
2311,42,2024-03-24,email,3,3,0,0,1
2312,396,2024-06-12,facebook_ads,1,5,0,0,8
2312,396,2024-06-12,facebook_ads,2,5,0,0,8
2312,396,2024-06-12,organic_search,3,5,0,0,0
2312,396,2024-06-12,email,4,5,0,0,1
2312,396,2024-06-12,facebook_ads,5,5,0,0,8
2313,1651,2024-09-07,facebook_ads,1,5,0,0,8
2313,1651,2024-09-07,email,2,5,0,0,1
2313,1651,2024-09-07,facebook_ads,3,5,0,0,8
2313,1651,2024-09-07,organic_search,4,5,0,0,0
2313,1651,2024-09-07,email,5,5,0,0,1
2314,539,2024-07-17,referral,1,1,0,0,5
2315,1749,2024-08-23,organic_search,1,3,0,0,0
2315,1749,2024-08-23,facebook_ads,2,3,0,0,8
2315,1749,2024-08-23,organic_search,3,3,0,0,0
2316,1819,2024-08-14,organic_search,1,6,0,0,0
2316,1819,2024-08-14,organic_search,2,6,0,0,0
2316,1819,2024-08-14,referral,3,6,0,0,5
2316,1819,2024-08-14,google_ads,4,6,0,0,12
2316,1819,2024-08-14,direct,5,6,0,0,0
2316,1819,2024-08-14,referral,6,6,0,0,5
2317,1531,2024-04-24,facebook_ads,1,4,0,0,8
2317,1531,2024-04-24,referral,2,4,0,0,5
2317,1531,2024-04-24,google_ads,3,4,0,0,12
2317,1531,2024-04-24,google_ads,4,4,0,0,12
2318,1293,2024-01-05,facebook_ads,1,2,1,149,8
2318,1293,2024-01-05,direct,2,2,1,149,0
2319,113,2024-04-11,referral,1,6,0,0,5
2319,113,2024-04-11,facebook_ads,2,6,0,0,8
2319,113,2024-04-11,google_ads,3,6,0,0,12
2319,113,2024-04-11,organic_search,4,6,0,0,0
2319,113,2024-04-11,facebook_ads,5,6,0,0,8
2319,113,2024-04-11,google_ads,6,6,0,0,12
2320,158,2024-02-23,facebook_ads,1,4,1,99,8
2320,158,2024-02-23,organic_search,2,4,1,99,0
2320,158,2024-02-23,organic_search,3,4,1,99,0
2320,158,2024-02-23,email,4,4,1,99,1
2321,1395,2024-09-09,organic_search,1,3,0,0,0
2321,1395,2024-09-09,referral,2,3,0,0,5
2321,1395,2024-09-09,facebook_ads,3,3,0,0,8
2322,1644,2024-02-07,direct,1,1,0,0,0
2323,873,2024-01-30,email,1,6,0,0,1
2323,873,2024-01-30,email,2,6,0,0,1
2323,873,2024-01-30,referral,3,6,0,0,5
2323,873,2024-01-30,email,4,6,0,0,1
2323,873,2024-01-30,facebook_ads,5,6,0,0,8
2323,873,2024-01-30,email,6,6,0,0,1
2324,275,2024-01-11,referral,1,6,0,0,5
2324,275,2024-01-11,organic_search,2,6,0,0,0
2324,275,2024-01-11,referral,3,6,0,0,5
2324,275,2024-01-11,organic_search,4,6,0,0,0
2324,275,2024-01-11,referral,5,6,0,0,5
2324,275,2024-01-11,direct,6,6,0,0,0
2325,1454,2024-03-11,email,1,2,0,0,1
2325,1454,2024-03-11,google_ads,2,2,0,0,12
2326,444,2024-03-11,organic_search,1,2,0,0,0
2326,444,2024-03-11,facebook_ads,2,2,0,0,8
2327,389,2024-09-09,email,1,4,1,49,1
2327,389,2024-09-09,organic_search,2,4,1,49,0
2327,389,2024-09-09,google_ads,3,4,1,49,12
2327,389,2024-09-09,google_ads,4,4,1,49,12
2328,1556,2024-04-27,google_ads,1,6,0,0,12
2328,1556,2024-04-27,direct,2,6,0,0,0
2328,1556,2024-04-27,organic_search,3,6,0,0,0
2328,1556,2024-04-27,organic_search,4,6,0,0,0
2328,1556,2024-04-27,direct,5,6,0,0,0
2328,1556,2024-04-27,organic_search,6,6,0,0,0
2329,1402,2024-08-29,organic_search,1,4,0,0,0
2329,1402,2024-08-29,direct,2,4,0,0,0
2329,1402,2024-08-29,google_ads,3,4,0,0,12
2329,1402,2024-08-29,direct,4,4,0,0,0
2330,639,2024-02-24,email,1,3,0,0,1
2330,639,2024-02-24,referral,2,3,0,0,5
2330,639,2024-02-24,organic_search,3,3,0,0,0
2331,1485,2024-06-15,google_ads,1,5,1,99,12
2331,1485,2024-06-15,referral,2,5,1,99,5
2331,1485,2024-06-15,referral,3,5,1,99,5
2331,1485,2024-06-15,referral,4,5,1,99,5
2331,1485,2024-06-15,google_ads,5,5,1,99,12
2332,178,2024-01-28,direct,1,3,1,299,0
2332,178,2024-01-28,facebook_ads,2,3,1,299,8
2332,178,2024-01-28,referral,3,3,1,299,5
2333,400,2024-09-07,facebook_ads,1,2,0,0,8
2333,400,2024-09-07,referral,2,2,0,0,5
2334,1877,2024-05-24,email,1,6,0,0,1
2334,1877,2024-05-24,referral,2,6,0,0,5
2334,1877,2024-05-24,organic_search,3,6,0,0,0
2334,1877,2024-05-24,referral,4,6,0,0,5
2334,1877,2024-05-24,google_ads,5,6,0,0,12
2334,1877,2024-05-24,direct,6,6,0,0,0
2335,1093,2024-05-16,google_ads,1,3,0,0,12
2335,1093,2024-05-16,email,2,3,0,0,1
2335,1093,2024-05-16,direct,3,3,0,0,0
2336,442,2024-02-12,facebook_ads,1,4,0,0,8
2336,442,2024-02-12,google_ads,2,4,0,0,12
2336,442,2024-02-12,organic_search,3,4,0,0,0
2336,442,2024-02-12,direct,4,4,0,0,0
2337,73,2024-01-15,referral,1,2,0,0,5
2337,73,2024-01-15,referral,2,2,0,0,5
2338,344,2024-06-28,google_ads,1,4,0,0,12
2338,344,2024-06-28,email,2,4,0,0,1
2338,344,2024-06-28,referral,3,4,0,0,5
2338,344,2024-06-28,direct,4,4,0,0,0
2339,1750,2024-01-30,direct,1,4,0,0,0
2339,1750,2024-01-30,email,2,4,0,0,1
2339,1750,2024-01-30,referral,3,4,0,0,5
2339,1750,2024-01-30,google_ads,4,4,0,0,12
2340,683,2024-09-02,facebook_ads,1,5,0,0,8
2340,683,2024-09-02,facebook_ads,2,5,0,0,8
2340,683,2024-09-02,facebook_ads,3,5,0,0,8
2340,683,2024-09-02,organic_search,4,5,0,0,0
2340,683,2024-09-02,google_ads,5,5,0,0,12
2341,1312,2024-03-22,google_ads,1,4,0,0,12
2341,1312,2024-03-22,google_ads,2,4,0,0,12
2341,1312,2024-03-22,organic_search,3,4,0,0,0
2341,1312,2024-03-22,direct,4,4,0,0,0
2342,108,2024-03-11,organic_search,1,6,0,0,0
2342,108,2024-03-11,email,2,6,0,0,1
2342,108,2024-03-11,email,3,6,0,0,1
2342,108,2024-03-11,referral,4,6,0,0,5
2342,108,2024-03-11,facebook_ads,5,6,0,0,8
2342,108,2024-03-11,google_ads,6,6,0,0,12
2343,1464,2024-06-14,email,1,6,0,0,1
2343,1464,2024-06-14,email,2,6,0,0,1
2343,1464,2024-06-14,direct,3,6,0,0,0
2343,1464,2024-06-14,facebook_ads,4,6,0,0,8
2343,1464,2024-06-14,direct,5,6,0,0,0
2343,1464,2024-06-14,facebook_ads,6,6,0,0,8
2344,1520,2024-08-24,email,1,2,0,0,1
2344,1520,2024-08-24,referral,2,2,0,0,5
2345,437,2024-03-21,facebook_ads,1,6,0,0,8
2345,437,2024-03-21,email,2,6,0,0,1
2345,437,2024-03-21,direct,3,6,0,0,0
2345,437,2024-03-21,referral,4,6,0,0,5
2345,437,2024-03-21,referral,5,6,0,0,5
2345,437,2024-03-21,google_ads,6,6,0,0,12
2346,1739,2024-02-09,facebook_ads,1,1,0,0,8
2347,1386,2024-03-01,direct,1,6,1,299,0
2347,1386,2024-03-01,direct,2,6,1,299,0
2347,1386,2024-03-01,email,3,6,1,299,1
2347,1386,2024-03-01,facebook_ads,4,6,1,299,8
2347,1386,2024-03-01,google_ads,5,6,1,299,12
2347,1386,2024-03-01,direct,6,6,1,299,0
2348,212,2024-06-24,organic_search,1,5,0,0,0
2348,212,2024-06-24,direct,2,5,0,0,0
2348,212,2024-06-24,direct,3,5,0,0,0
2348,212,2024-06-24,google_ads,4,5,0,0,12
2348,212,2024-06-24,facebook_ads,5,5,0,0,8
2349,1245,2024-07-16,direct,1,2,0,0,0
2349,1245,2024-07-16,referral,2,2,0,0,5
2350,1074,2024-08-31,referral,1,4,0,0,5
2350,1074,2024-08-31,google_ads,2,4,0,0,12
2350,1074,2024-08-31,direct,3,4,0,0,0
2350,1074,2024-08-31,referral,4,4,0,0,5
2351,974,2024-01-16,direct,1,4,1,299,0
2351,974,2024-01-16,email,2,4,1,299,1
2351,974,2024-01-16,email,3,4,1,299,1
2351,974,2024-01-16,email,4,4,1,299,1
2352,186,2024-01-26,facebook_ads,1,6,0,0,8
2352,186,2024-01-26,organic_search,2,6,0,0,0
2352,186,2024-01-26,email,3,6,0,0,1
2352,186,2024-01-26,google_ads,4,6,0,0,12
2352,186,2024-01-26,facebook_ads,5,6,0,0,8
2352,186,2024-01-26,facebook_ads,6,6,0,0,8
2353,382,2024-01-18,direct,1,4,0,0,0
2353,382,2024-01-18,email,2,4,0,0,1
2353,382,2024-01-18,direct,3,4,0,0,0
2353,382,2024-01-18,direct,4,4,0,0,0
2354,108,2024-05-02,organic_search,1,5,0,0,0
2354,108,2024-05-02,organic_search,2,5,0,0,0
2354,108,2024-05-02,google_ads,3,5,0,0,12
2354,108,2024-05-02,google_ads,4,5,0,0,12
2354,108,2024-05-02,referral,5,5,0,0,5
2355,1423,2024-05-03,facebook_ads,1,4,0,0,8
2355,1423,2024-05-03,referral,2,4,0,0,5
2355,1423,2024-05-03,referral,3,4,0,0,5
2355,1423,2024-05-03,direct,4,4,0,0,0
2356,1523,2024-01-23,email,1,2,0,0,1
2356,1523,2024-01-23,email,2,2,0,0,1
2357,1970,2024-07-06,organic_search,1,4,0,0,0
2357,1970,2024-07-06,organic_search,2,4,0,0,0
2357,1970,2024-07-06,email,3,4,0,0,1
2357,1970,2024-07-06,referral,4,4,0,0,5
2358,1635,2024-03-07,email,1,2,0,0,1
2358,1635,2024-03-07,facebook_ads,2,2,0,0,8
2359,758,2024-01-15,organic_search,1,5,0,0,0
2359,758,2024-01-15,facebook_ads,2,5,0,0,8
2359,758,2024-01-15,email,3,5,0,0,1
2359,758,2024-01-15,google_ads,4,5,0,0,12
2359,758,2024-01-15,google_ads,5,5,0,0,12
2360,476,2024-01-26,referral,1,1,1,99,5
2361,378,2024-01-31,organic_search,1,1,1,299,0
2362,1636,2024-03-28,direct,1,1,0,0,0
2363,1517,2024-06-12,facebook_ads,1,6,0,0,8
2363,1517,2024-06-12,google_ads,2,6,0,0,12
2363,1517,2024-06-12,direct,3,6,0,0,0
2363,1517,2024-06-12,referral,4,6,0,0,5
2363,1517,2024-06-12,organic_search,5,6,0,0,0
2363,1517,2024-06-12,google_ads,6,6,0,0,12
2364,455,2024-09-09,facebook_ads,1,1,0,0,8
2365,1141,2024-09-01,referral,1,5,0,0,5
2365,1141,2024-09-01,email,2,5,0,0,1
2365,1141,2024-09-01,email,3,5,0,0,1
2365,1141,2024-09-01,direct,4,5,0,0,0
2365,1141,2024-09-01,organic_search,5,5,0,0,0
2366,532,2024-06-08,email,1,5,0,0,1
2366,532,2024-06-08,organic_search,2,5,0,0,0
2366,532,2024-06-08,organic_search,3,5,0,0,0
2366,532,2024-06-08,google_ads,4,5,0,0,12
2366,532,2024-06-08,facebook_ads,5,5,0,0,8
2367,1534,2024-04-21,email,1,6,0,0,1
2367,1534,2024-04-21,organic_search,2,6,0,0,0
2367,1534,2024-04-21,organic_search,3,6,0,0,0
2367,1534,2024-04-21,email,4,6,0,0,1
2367,1534,2024-04-21,referral,5,6,0,0,5
2367,1534,2024-04-21,referral,6,6,0,0,5
2368,528,2024-08-21,direct,1,1,0,0,0
2369,1681,2024-02-23,referral,1,3,0,0,5
2369,1681,2024-02-23,facebook_ads,2,3,0,0,8
2369,1681,2024-02-23,google_ads,3,3,0,0,12
2370,176,2024-08-25,organic_search,1,1,0,0,0
2371,1533,2024-06-18,referral,1,4,0,0,5
2371,1533,2024-06-18,email,2,4,0,0,1
2371,1533,2024-06-18,organic_search,3,4,0,0,0
2371,1533,2024-06-18,google_ads,4,4,0,0,12
2372,479,2024-05-15,email,1,2,0,0,1
2372,479,2024-05-15,facebook_ads,2,2,0,0,8
2373,801,2024-05-26,google_ads,1,6,0,0,12
2373,801,2024-05-26,facebook_ads,2,6,0,0,8
2373,801,2024-05-26,direct,3,6,0,0,0
2373,801,2024-05-26,google_ads,4,6,0,0,12
2373,801,2024-05-26,email,5,6,0,0,1
2373,801,2024-05-26,facebook_ads,6,6,0,0,8
2374,929,2024-03-26,direct,1,3,0,0,0
2374,929,2024-03-26,email,2,3,0,0,1
2374,929,2024-03-26,google_ads,3,3,0,0,12
2375,708,2024-04-10,facebook_ads,1,5,0,0,8
2375,708,2024-04-10,google_ads,2,5,0,0,12
2375,708,2024-04-10,google_ads,3,5,0,0,12
2375,708,2024-04-10,google_ads,4,5,0,0,12
2375,708,2024-04-10,referral,5,5,0,0,5
2376,858,2024-07-04,facebook_ads,1,5,0,0,8
2376,858,2024-07-04,organic_search,2,5,0,0,0
2376,858,2024-07-04,email,3,5,0,0,1
2376,858,2024-07-04,direct,4,5,0,0,0
2376,858,2024-07-04,direct,5,5,0,0,0
2377,975,2024-05-30,organic_search,1,6,0,0,0
2377,975,2024-05-30,google_ads,2,6,0,0,12
2377,975,2024-05-30,organic_search,3,6,0,0,0
2377,975,2024-05-30,email,4,6,0,0,1
2377,975,2024-05-30,referral,5,6,0,0,5
2377,975,2024-05-30,referral,6,6,0,0,5
2378,1783,2024-02-15,facebook_ads,1,5,1,99,8
2378,1783,2024-02-15,google_ads,2,5,1,99,12
2378,1783,2024-02-15,organic_search,3,5,1,99,0
2378,1783,2024-02-15,referral,4,5,1,99,5
2378,1783,2024-02-15,direct,5,5,1,99,0
2379,1754,2024-08-16,referral,1,4,0,0,5
2379,1754,2024-08-16,direct,2,4,0,0,0
2379,1754,2024-08-16,google_ads,3,4,0,0,12
2379,1754,2024-08-16,referral,4,4,0,0,5
2380,1511,2024-05-29,google_ads,1,5,0,0,12
2380,1511,2024-05-29,google_ads,2,5,0,0,12
2380,1511,2024-05-29,facebook_ads,3,5,0,0,8
2380,1511,2024-05-29,direct,4,5,0,0,0
2380,1511,2024-05-29,email,5,5,0,0,1
2381,1080,2024-06-18,referral,1,1,1,49,5
2382,1038,2024-05-19,organic_search,1,3,0,0,0
2382,1038,2024-05-19,referral,2,3,0,0,5
2382,1038,2024-05-19,email,3,3,0,0,1
2383,1836,2024-07-04,direct,1,1,0,0,0
2384,1715,2024-06-30,email,1,5,0,0,1
2384,1715,2024-06-30,email,2,5,0,0,1
2384,1715,2024-06-30,organic_search,3,5,0,0,0
2384,1715,2024-06-30,direct,4,5,0,0,0
2384,1715,2024-06-30,referral,5,5,0,0,5
2385,394,2024-03-31,direct,1,5,1,149,0
2385,394,2024-03-31,direct,2,5,1,149,0
2385,394,2024-03-31,organic_search,3,5,1,149,0
2385,394,2024-03-31,referral,4,5,1,149,5
2385,394,2024-03-31,facebook_ads,5,5,1,149,8
2386,1187,2024-05-22,organic_search,1,6,0,0,0
2386,1187,2024-05-22,google_ads,2,6,0,0,12
2386,1187,2024-05-22,organic_search,3,6,0,0,0
2386,1187,2024-05-22,email,4,6,0,0,1
2386,1187,2024-05-22,email,5,6,0,0,1
2386,1187,2024-05-22,google_ads,6,6,0,0,12
2387,1659,2024-04-08,direct,1,1,0,0,0
2388,1620,2024-07-09,direct,1,6,0,0,0
2388,1620,2024-07-09,google_ads,2,6,0,0,12
2388,1620,2024-07-09,organic_search,3,6,0,0,0
2388,1620,2024-07-09,facebook_ads,4,6,0,0,8
2388,1620,2024-07-09,referral,5,6,0,0,5
2388,1620,2024-07-09,organic_search,6,6,0,0,0
2389,1571,2024-01-01,email,1,5,0,0,1
2389,1571,2024-01-01,email,2,5,0,0,1
2389,1571,2024-01-01,direct,3,5,0,0,0
2389,1571,2024-01-01,referral,4,5,0,0,5
2389,1571,2024-01-01,email,5,5,0,0,1
2390,584,2024-01-03,organic_search,1,6,0,0,0
2390,584,2024-01-03,google_ads,2,6,0,0,12
2390,584,2024-01-03,referral,3,6,0,0,5
2390,584,2024-01-03,email,4,6,0,0,1
2390,584,2024-01-03,email,5,6,0,0,1
2390,584,2024-01-03,email,6,6,0,0,1
2391,220,2024-08-26,google_ads,1,2,0,0,12
2391,220,2024-08-26,direct,2,2,0,0,0
2392,1608,2024-01-29,facebook_ads,1,1,0,0,8
2393,99,2024-01-01,direct,1,2,0,0,0
2393,99,2024-01-01,referral,2,2,0,0,5
2394,777,2024-01-01,facebook_ads,1,3,1,99,8
2394,777,2024-01-01,direct,2,3,1,99,0
2394,777,2024-01-01,direct,3,3,1,99,0
2395,1496,2024-04-17,organic_search,1,1,0,0,0
2396,1773,2024-08-04,direct,1,5,0,0,0
2396,1773,2024-08-04,google_ads,2,5,0,0,12
2396,1773,2024-08-04,organic_search,3,5,0,0,0
2396,1773,2024-08-04,direct,4,5,0,0,0
2396,1773,2024-08-04,google_ads,5,5,0,0,12
2397,1788,2024-04-26,email,1,5,0,0,1
2397,1788,2024-04-26,referral,2,5,0,0,5
2397,1788,2024-04-26,email,3,5,0,0,1
2397,1788,2024-04-26,email,4,5,0,0,1
2397,1788,2024-04-26,direct,5,5,0,0,0
2398,969,2024-09-08,email,1,2,0,0,1
2398,969,2024-09-08,google_ads,2,2,0,0,12
2399,1387,2024-07-24,direct,1,5,0,0,0
2399,1387,2024-07-24,organic_search,2,5,0,0,0
2399,1387,2024-07-24,facebook_ads,3,5,0,0,8
2399,1387,2024-07-24,direct,4,5,0,0,0
2399,1387,2024-07-24,google_ads,5,5,0,0,12
2400,912,2024-07-18,email,1,4,0,0,1
2400,912,2024-07-18,organic_search,2,4,0,0,0
2400,912,2024-07-18,referral,3,4,0,0,5
2400,912,2024-07-18,google_ads,4,4,0,0,12
2401,1862,2024-09-12,google_ads,1,4,0,0,12
2401,1862,2024-09-12,direct,2,4,0,0,0
2401,1862,2024-09-12,organic_search,3,4,0,0,0
2401,1862,2024-09-12,google_ads,4,4,0,0,12
2402,409,2024-01-20,email,1,5,0,0,1
2402,409,2024-01-20,facebook_ads,2,5,0,0,8
2402,409,2024-01-20,organic_search,3,5,0,0,0
2402,409,2024-01-20,referral,4,5,0,0,5
2402,409,2024-01-20,direct,5,5,0,0,0
2403,633,2024-06-22,referral,1,3,0,0,5
2403,633,2024-06-22,organic_search,2,3,0,0,0
2403,633,2024-06-22,facebook_ads,3,3,0,0,8
2404,1786,2024-02-05,direct,1,2,0,0,0
2404,1786,2024-02-05,referral,2,2,0,0,5
2405,528,2024-09-26,organic_search,1,1,1,99,0
2406,467,2024-08-26,organic_search,1,1,0,0,0
2407,141,2024-05-14,direct,1,2,0,0,0
2407,141,2024-05-14,google_ads,2,2,0,0,12
2408,1136,2024-01-02,referral,1,4,0,0,5
2408,1136,2024-01-02,email,2,4,0,0,1
2408,1136,2024-01-02,email,3,4,0,0,1
2408,1136,2024-01-02,referral,4,4,0,0,5
2409,1587,2024-03-11,google_ads,1,6,0,0,12
2409,1587,2024-03-11,google_ads,2,6,0,0,12
2409,1587,2024-03-11,google_ads,3,6,0,0,12
2409,1587,2024-03-11,organic_search,4,6,0,0,0
2409,1587,2024-03-11,organic_search,5,6,0,0,0
2409,1587,2024-03-11,google_ads,6,6,0,0,12
2410,1366,2024-07-22,email,1,1,0,0,1
2411,40,2024-02-09,facebook_ads,1,3,0,0,8
2411,40,2024-02-09,google_ads,2,3,0,0,12
2411,40,2024-02-09,organic_search,3,3,0,0,0
2412,1623,2024-02-15,direct,1,6,0,0,0
2412,1623,2024-02-15,organic_search,2,6,0,0,0
2412,1623,2024-02-15,email,3,6,0,0,1
2412,1623,2024-02-15,facebook_ads,4,6,0,0,8
2412,1623,2024-02-15,organic_search,5,6,0,0,0
2412,1623,2024-02-15,direct,6,6,0,0,0
2413,1713,2024-07-25,google_ads,1,6,0,0,12
2413,1713,2024-07-25,organic_search,2,6,0,0,0
2413,1713,2024-07-25,referral,3,6,0,0,5
2413,1713,2024-07-25,email,4,6,0,0,1
2413,1713,2024-07-25,facebook_ads,5,6,0,0,8
2413,1713,2024-07-25,direct,6,6,0,0,0
2414,758,2024-01-29,google_ads,1,3,0,0,12
2414,758,2024-01-29,google_ads,2,3,0,0,12
2414,758,2024-01-29,email,3,3,0,0,1
2415,1750,2024-08-19,referral,1,5,0,0,5
2415,1750,2024-08-19,facebook_ads,2,5,0,0,8
2415,1750,2024-08-19,google_ads,3,5,0,0,12
2415,1750,2024-08-19,direct,4,5,0,0,0
2415,1750,2024-08-19,organic_search,5,5,0,0,0
2416,1989,2024-04-11,organic_search,1,3,0,0,0
2416,1989,2024-04-11,direct,2,3,0,0,0
2416,1989,2024-04-11,email,3,3,0,0,1
2417,164,2024-03-18,direct,1,5,0,0,0
2417,164,2024-03-18,organic_search,2,5,0,0,0
2417,164,2024-03-18,email,3,5,0,0,1
2417,164,2024-03-18,facebook_ads,4,5,0,0,8
2417,164,2024-03-18,organic_search,5,5,0,0,0
2418,174,2024-04-12,direct,1,1,0,0,0
2419,905,2024-09-16,direct,1,6,0,0,0
2419,905,2024-09-16,facebook_ads,2,6,0,0,8
2419,905,2024-09-16,organic_search,3,6,0,0,0
2419,905,2024-09-16,facebook_ads,4,6,0,0,8
2419,905,2024-09-16,organic_search,5,6,0,0,0
2419,905,2024-09-16,google_ads,6,6,0,0,12
2420,1231,2024-01-02,facebook_ads,1,2,1,299,8
2420,1231,2024-01-02,facebook_ads,2,2,1,299,8
2421,1871,2024-08-18,referral,1,1,0,0,5
2422,1227,2024-07-24,direct,1,2,0,0,0
2422,1227,2024-07-24,direct,2,2,0,0,0
2423,870,2024-05-23,email,1,4,0,0,1
2423,870,2024-05-23,organic_search,2,4,0,0,0
2423,870,2024-05-23,referral,3,4,0,0,5
2423,870,2024-05-23,email,4,4,0,0,1
2424,405,2024-05-09,referral,1,3,0,0,5
2424,405,2024-05-09,referral,2,3,0,0,5
2424,405,2024-05-09,google_ads,3,3,0,0,12
2425,87,2024-05-20,referral,1,4,0,0,5
2425,87,2024-05-20,direct,2,4,0,0,0
2425,87,2024-05-20,email,3,4,0,0,1
2425,87,2024-05-20,facebook_ads,4,4,0,0,8
2426,1069,2024-05-25,email,1,4,0,0,1
2426,1069,2024-05-25,facebook_ads,2,4,0,0,8
2426,1069,2024-05-25,google_ads,3,4,0,0,12
2426,1069,2024-05-25,email,4,4,0,0,1
2427,247,2024-05-26,google_ads,1,5,0,0,12
2427,247,2024-05-26,email,2,5,0,0,1
2427,247,2024-05-26,google_ads,3,5,0,0,12
2427,247,2024-05-26,facebook_ads,4,5,0,0,8
2427,247,2024-05-26,facebook_ads,5,5,0,0,8
2428,756,2024-09-10,direct,1,4,0,0,0
2428,756,2024-09-10,facebook_ads,2,4,0,0,8
2428,756,2024-09-10,facebook_ads,3,4,0,0,8
2428,756,2024-09-10,organic_search,4,4,0,0,0
2429,719,2024-06-05,organic_search,1,2,0,0,0
2429,719,2024-06-05,google_ads,2,2,0,0,12
2430,1359,2024-01-22,referral,1,1,0,0,5
2431,1533,2024-08-11,email,1,5,0,0,1
2431,1533,2024-08-11,organic_search,2,5,0,0,0
2431,1533,2024-08-11,google_ads,3,5,0,0,12
2431,1533,2024-08-11,facebook_ads,4,5,0,0,8
2431,1533,2024-08-11,referral,5,5,0,0,5
2432,1187,2024-03-30,organic_search,1,6,0,0,0
2432,1187,2024-03-30,organic_search,2,6,0,0,0
2432,1187,2024-03-30,organic_search,3,6,0,0,0
2432,1187,2024-03-30,referral,4,6,0,0,5
2432,1187,2024-03-30,google_ads,5,6,0,0,12
2432,1187,2024-03-30,email,6,6,0,0,1
2433,1649,2024-02-18,direct,1,5,0,0,0
2433,1649,2024-02-18,email,2,5,0,0,1
2433,1649,2024-02-18,facebook_ads,3,5,0,0,8
2433,1649,2024-02-18,referral,4,5,0,0,5
2433,1649,2024-02-18,facebook_ads,5,5,0,0,8
2434,1349,2024-02-13,organic_search,1,5,0,0,0
2434,1349,2024-02-13,facebook_ads,2,5,0,0,8
2434,1349,2024-02-13,organic_search,3,5,0,0,0
2434,1349,2024-02-13,google_ads,4,5,0,0,12
2434,1349,2024-02-13,google_ads,5,5,0,0,12
2435,431,2024-05-18,google_ads,1,6,0,0,12
2435,431,2024-05-18,google_ads,2,6,0,0,12
2435,431,2024-05-18,facebook_ads,3,6,0,0,8
2435,431,2024-05-18,organic_search,4,6,0,0,0
2435,431,2024-05-18,direct,5,6,0,0,0
2435,431,2024-05-18,facebook_ads,6,6,0,0,8
2436,1421,2024-02-17,organic_search,1,3,0,0,0
2436,1421,2024-02-17,organic_search,2,3,0,0,0
2436,1421,2024-02-17,direct,3,3,0,0,0
2437,861,2024-07-30,email,1,6,0,0,1
2437,861,2024-07-30,direct,2,6,0,0,0
2437,861,2024-07-30,direct,3,6,0,0,0
2437,861,2024-07-30,direct,4,6,0,0,0
2437,861,2024-07-30,direct,5,6,0,0,0
2437,861,2024-07-30,facebook_ads,6,6,0,0,8
2438,76,2024-02-02,organic_search,1,3,0,0,0
2438,76,2024-02-02,facebook_ads,2,3,0,0,8
2438,76,2024-02-02,facebook_ads,3,3,0,0,8
2439,1304,2024-05-23,referral,1,2,0,0,5
2439,1304,2024-05-23,google_ads,2,2,0,0,12
2440,1165,2024-01-09,google_ads,1,6,0,0,12
2440,1165,2024-01-09,organic_search,2,6,0,0,0
2440,1165,2024-01-09,email,3,6,0,0,1
2440,1165,2024-01-09,organic_search,4,6,0,0,0
2440,1165,2024-01-09,organic_search,5,6,0,0,0
2440,1165,2024-01-09,facebook_ads,6,6,0,0,8
2441,146,2024-05-29,google_ads,1,2,0,0,12
2441,146,2024-05-29,referral,2,2,0,0,5
2442,1732,2024-08-14,organic_search,1,2,0,0,0
2442,1732,2024-08-14,facebook_ads,2,2,0,0,8
2443,751,2024-05-09,email,1,2,1,149,1
2443,751,2024-05-09,referral,2,2,1,149,5
2444,970,2024-03-07,organic_search,1,4,0,0,0
2444,970,2024-03-07,referral,2,4,0,0,5
2444,970,2024-03-07,facebook_ads,3,4,0,0,8
2444,970,2024-03-07,referral,4,4,0,0,5
2445,712,2024-05-29,email,1,3,0,0,1
2445,712,2024-05-29,google_ads,2,3,0,0,12
2445,712,2024-05-29,google_ads,3,3,0,0,12
2446,307,2024-05-14,direct,1,5,0,0,0
2446,307,2024-05-14,google_ads,2,5,0,0,12
2446,307,2024-05-14,direct,3,5,0,0,0
2446,307,2024-05-14,direct,4,5,0,0,0
2446,307,2024-05-14,google_ads,5,5,0,0,12
2447,1589,2024-04-17,referral,1,1,0,0,5
2448,287,2024-05-12,email,1,3,0,0,1
2448,287,2024-05-12,email,2,3,0,0,1
2448,287,2024-05-12,email,3,3,0,0,1
2449,1651,2024-05-15,organic_search,1,3,0,0,0
2449,1651,2024-05-15,google_ads,2,3,0,0,12
2449,1651,2024-05-15,referral,3,3,0,0,5
2450,28,2024-01-12,google_ads,1,1,0,0,12
2451,1613,2024-05-01,email,1,5,0,0,1
2451,1613,2024-05-01,organic_search,2,5,0,0,0
2451,1613,2024-05-01,facebook_ads,3,5,0,0,8
2451,1613,2024-05-01,organic_search,4,5,0,0,0
2451,1613,2024-05-01,organic_search,5,5,0,0,0
2452,1663,2024-07-03,direct,1,1,0,0,0
2453,201,2024-09-07,email,1,1,0,0,1
2454,1529,2024-08-22,referral,1,5,0,0,5
2454,1529,2024-08-22,organic_search,2,5,0,0,0
2454,1529,2024-08-22,email,3,5,0,0,1
2454,1529,2024-08-22,google_ads,4,5,0,0,12
2454,1529,2024-08-22,email,5,5,0,0,1
2455,917,2024-03-29,google_ads,1,6,0,0,12
2455,917,2024-03-29,facebook_ads,2,6,0,0,8
2455,917,2024-03-29,direct,3,6,0,0,0
2455,917,2024-03-29,google_ads,4,6,0,0,12
2455,917,2024-03-29,google_ads,5,6,0,0,12
2455,917,2024-03-29,email,6,6,0,0,1
2456,1476,2024-08-26,referral,1,1,0,0,5
2457,2000,2024-07-04,email,1,4,0,0,1
2457,2000,2024-07-04,referral,2,4,0,0,5
2457,2000,2024-07-04,email,3,4,0,0,1
2457,2000,2024-07-04,facebook_ads,4,4,0,0,8
2458,231,2024-01-05,email,1,1,0,0,1
2459,421,2024-05-16,direct,1,5,0,0,0
2459,421,2024-05-16,direct,2,5,0,0,0
2459,421,2024-05-16,email,3,5,0,0,1
2459,421,2024-05-16,organic_search,4,5,0,0,0
2459,421,2024-05-16,google_ads,5,5,0,0,12
2460,905,2024-07-11,referral,1,4,1,299,5
2460,905,2024-07-11,referral,2,4,1,299,5
2460,905,2024-07-11,referral,3,4,1,299,5
2460,905,2024-07-11,direct,4,4,1,299,0
2461,79,2024-09-06,google_ads,1,4,0,0,12
2461,79,2024-09-06,organic_search,2,4,0,0,0
2461,79,2024-09-06,organic_search,3,4,0,0,0
2461,79,2024-09-06,google_ads,4,4,0,0,12
2462,1080,2024-03-24,email,1,4,0,0,1
2462,1080,2024-03-24,organic_search,2,4,0,0,0
2462,1080,2024-03-24,google_ads,3,4,0,0,12
2462,1080,2024-03-24,organic_search,4,4,0,0,0
2463,1773,2024-02-29,google_ads,1,4,0,0,12
2463,1773,2024-02-29,email,2,4,0,0,1
2463,1773,2024-02-29,google_ads,3,4,0,0,12
2463,1773,2024-02-29,facebook_ads,4,4,0,0,8
2464,1144,2024-07-16,referral,1,4,0,0,5
2464,1144,2024-07-16,direct,2,4,0,0,0
2464,1144,2024-07-16,google_ads,3,4,0,0,12
2464,1144,2024-07-16,organic_search,4,4,0,0,0
2465,1351,2024-07-04,direct,1,4,0,0,0
2465,1351,2024-07-04,direct,2,4,0,0,0
2465,1351,2024-07-04,referral,3,4,0,0,5
2465,1351,2024-07-04,direct,4,4,0,0,0
2466,92,2024-03-19,email,1,1,0,0,1
2467,1969,2024-02-07,direct,1,5,1,49,0
2467,1969,2024-02-07,direct,2,5,1,49,0
2467,1969,2024-02-07,organic_search,3,5,1,49,0
2467,1969,2024-02-07,organic_search,4,5,1,49,0
2467,1969,2024-02-07,google_ads,5,5,1,49,12
2468,1768,2024-05-09,facebook_ads,1,5,0,0,8
2468,1768,2024-05-09,direct,2,5,0,0,0
2468,1768,2024-05-09,google_ads,3,5,0,0,12
2468,1768,2024-05-09,organic_search,4,5,0,0,0
2468,1768,2024-05-09,email,5,5,0,0,1
2469,1983,2024-07-20,organic_search,1,6,0,0,0
2469,1983,2024-07-20,email,2,6,0,0,1
2469,1983,2024-07-20,facebook_ads,3,6,0,0,8
2469,1983,2024-07-20,email,4,6,0,0,1
2469,1983,2024-07-20,facebook_ads,5,6,0,0,8
2469,1983,2024-07-20,organic_search,6,6,0,0,0
2470,1414,2024-07-21,google_ads,1,1,0,0,12
2471,1338,2024-09-18,organic_search,1,1,0,0,0
2472,826,2024-07-09,referral,1,2,0,0,5
2472,826,2024-07-09,email,2,2,0,0,1
2473,1951,2024-05-22,referral,1,2,1,499,5
2473,1951,2024-05-22,email,2,2,1,499,1
2474,93,2024-09-05,google_ads,1,2,0,0,12
2474,93,2024-09-05,facebook_ads,2,2,0,0,8
2475,300,2024-08-12,organic_search,1,3,0,0,0
2475,300,2024-08-12,direct,2,3,0,0,0
2475,300,2024-08-12,direct,3,3,0,0,0
2476,754,2024-07-07,facebook_ads,1,2,0,0,8
2476,754,2024-07-07,organic_search,2,2,0,0,0
2477,821,2024-07-20,email,1,5,0,0,1
2477,821,2024-07-20,organic_search,2,5,0,0,0
2477,821,2024-07-20,facebook_ads,3,5,0,0,8
2477,821,2024-07-20,facebook_ads,4,5,0,0,8
2477,821,2024-07-20,direct,5,5,0,0,0
2478,691,2024-09-06,organic_search,1,2,0,0,0
2478,691,2024-09-06,email,2,2,0,0,1
2479,865,2024-04-24,referral,1,5,1,299,5
2479,865,2024-04-24,facebook_ads,2,5,1,299,8
2479,865,2024-04-24,referral,3,5,1,299,5
2479,865,2024-04-24,direct,4,5,1,299,0
2479,865,2024-04-24,google_ads,5,5,1,299,12
2480,250,2024-03-02,referral,1,5,0,0,5
2480,250,2024-03-02,referral,2,5,0,0,5
2480,250,2024-03-02,organic_search,3,5,0,0,0
2480,250,2024-03-02,google_ads,4,5,0,0,12
2480,250,2024-03-02,email,5,5,0,0,1
2481,1636,2024-08-08,google_ads,1,3,0,0,12
2481,1636,2024-08-08,email,2,3,0,0,1
2481,1636,2024-08-08,google_ads,3,3,0,0,12
2482,388,2024-09-08,referral,1,1,0,0,5
2483,851,2024-07-02,google_ads,1,1,0,0,12
2484,1444,2024-08-11,organic_search,1,1,1,499,0
2485,1265,2024-01-26,facebook_ads,1,3,0,0,8
2485,1265,2024-01-26,facebook_ads,2,3,0,0,8
2485,1265,2024-01-26,referral,3,3,0,0,5
2486,988,2024-06-29,google_ads,1,4,0,0,12
2486,988,2024-06-29,facebook_ads,2,4,0,0,8
2486,988,2024-06-29,google_ads,3,4,0,0,12
2486,988,2024-06-29,email,4,4,0,0,1
2487,349,2024-03-15,google_ads,1,5,0,0,12
2487,349,2024-03-15,email,2,5,0,0,1
2487,349,2024-03-15,google_ads,3,5,0,0,12
2487,349,2024-03-15,google_ads,4,5,0,0,12
2487,349,2024-03-15,email,5,5,0,0,1
2488,791,2024-06-04,organic_search,1,3,0,0,0
2488,791,2024-06-04,direct,2,3,0,0,0
2488,791,2024-06-04,referral,3,3,0,0,5
2489,1625,2024-07-16,direct,1,1,0,0,0
2490,536,2024-05-30,direct,1,3,0,0,0
2490,536,2024-05-30,email,2,3,0,0,1
2490,536,2024-05-30,referral,3,3,0,0,5
2491,1296,2024-03-14,referral,1,2,1,49,5
2491,1296,2024-03-14,facebook_ads,2,2,1,49,8
2492,879,2024-08-29,google_ads,1,3,0,0,12
2492,879,2024-08-29,referral,2,3,0,0,5
2492,879,2024-08-29,organic_search,3,3,0,0,0
2493,508,2024-05-12,referral,1,6,0,0,5
2493,508,2024-05-12,direct,2,6,0,0,0
2493,508,2024-05-12,email,3,6,0,0,1
2493,508,2024-05-12,direct,4,6,0,0,0
2493,508,2024-05-12,referral,5,6,0,0,5
2493,508,2024-05-12,facebook_ads,6,6,0,0,8
2494,1030,2024-08-16,email,1,6,0,0,1
2494,1030,2024-08-16,organic_search,2,6,0,0,0
2494,1030,2024-08-16,organic_search,3,6,0,0,0
2494,1030,2024-08-16,referral,4,6,0,0,5
2494,1030,2024-08-16,facebook_ads,5,6,0,0,8
2494,1030,2024-08-16,organic_search,6,6,0,0,0
2495,1691,2024-08-08,organic_search,1,3,0,0,0
2495,1691,2024-08-08,referral,2,3,0,0,5
2495,1691,2024-08-08,direct,3,3,0,0,0
2496,1164,2024-01-24,organic_search,1,2,0,0,0
2496,1164,2024-01-24,email,2,2,0,0,1
2497,1163,2024-08-14,referral,1,2,1,499,5
2497,1163,2024-08-14,direct,2,2,1,499,0
2498,722,2024-01-10,direct,1,1,0,0,0
2499,167,2024-03-09,referral,1,4,0,0,5
2499,167,2024-03-09,email,2,4,0,0,1
2499,167,2024-03-09,direct,3,4,0,0,0
2499,167,2024-03-09,email,4,4,0,0,1
2500,354,2024-03-07,referral,1,4,0,0,5
2500,354,2024-03-07,facebook_ads,2,4,0,0,8
2500,354,2024-03-07,facebook_ads,3,4,0,0,8
2500,354,2024-03-07,facebook_ads,4,4,0,0,8
2501,1158,2024-08-09,facebook_ads,1,4,0,0,8
2501,1158,2024-08-09,referral,2,4,0,0,5
2501,1158,2024-08-09,organic_search,3,4,0,0,0
2501,1158,2024-08-09,direct,4,4,0,0,0
2502,1170,2024-04-26,direct,1,6,0,0,0
2502,1170,2024-04-26,organic_search,2,6,0,0,0
2502,1170,2024-04-26,email,3,6,0,0,1
2502,1170,2024-04-26,organic_search,4,6,0,0,0
2502,1170,2024-04-26,facebook_ads,5,6,0,0,8
2502,1170,2024-04-26,facebook_ads,6,6,0,0,8
2503,1212,2024-06-01,facebook_ads,1,3,0,0,8
2503,1212,2024-06-01,email,2,3,0,0,1
2503,1212,2024-06-01,referral,3,3,0,0,5
2504,1280,2024-05-09,organic_search,1,5,0,0,0
2504,1280,2024-05-09,google_ads,2,5,0,0,12
2504,1280,2024-05-09,facebook_ads,3,5,0,0,8
2504,1280,2024-05-09,organic_search,4,5,0,0,0
2504,1280,2024-05-09,organic_search,5,5,0,0,0
2505,1993,2024-01-08,google_ads,1,5,1,299,12
2505,1993,2024-01-08,organic_search,2,5,1,299,0
2505,1993,2024-01-08,direct,3,5,1,299,0
2505,1993,2024-01-08,direct,4,5,1,299,0
2505,1993,2024-01-08,facebook_ads,5,5,1,299,8
2506,1223,2024-03-30,email,1,2,0,0,1
2506,1223,2024-03-30,facebook_ads,2,2,0,0,8
2507,1637,2024-07-09,email,1,2,0,0,1
2507,1637,2024-07-09,google_ads,2,2,0,0,12
2508,1809,2024-06-13,referral,1,4,1,99,5
2508,1809,2024-06-13,direct,2,4,1,99,0
2508,1809,2024-06-13,email,3,4,1,99,1
2508,1809,2024-06-13,email,4,4,1,99,1
2509,682,2024-01-13,referral,1,6,0,0,5
2509,682,2024-01-13,referral,2,6,0,0,5
2509,682,2024-01-13,facebook_ads,3,6,0,0,8
2509,682,2024-01-13,referral,4,6,0,0,5
2509,682,2024-01-13,referral,5,6,0,0,5
2509,682,2024-01-13,referral,6,6,0,0,5
2510,781,2024-03-24,referral,1,1,0,0,5
2511,362,2024-01-20,referral,1,6,0,0,5
2511,362,2024-01-20,organic_search,2,6,0,0,0
2511,362,2024-01-20,facebook_ads,3,6,0,0,8
2511,362,2024-01-20,organic_search,4,6,0,0,0
2511,362,2024-01-20,email,5,6,0,0,1
2511,362,2024-01-20,direct,6,6,0,0,0
2512,1326,2024-03-11,google_ads,1,2,1,499,12
2512,1326,2024-03-11,organic_search,2,2,1,499,0
2513,1294,2024-08-19,referral,1,3,0,0,5
2513,1294,2024-08-19,direct,2,3,0,0,0
2513,1294,2024-08-19,facebook_ads,3,3,0,0,8
2514,47,2024-05-21,direct,1,5,1,149,0
2514,47,2024-05-21,direct,2,5,1,149,0
2514,47,2024-05-21,organic_search,3,5,1,149,0
2514,47,2024-05-21,google_ads,4,5,1,149,12
2514,47,2024-05-21,email,5,5,1,149,1
2515,1560,2024-05-05,referral,1,2,0,0,5
2515,1560,2024-05-05,direct,2,2,0,0,0
2516,1264,2024-02-15,facebook_ads,1,2,0,0,8
2516,1264,2024-02-15,organic_search,2,2,0,0,0
2517,989,2024-04-05,facebook_ads,1,3,0,0,8
2517,989,2024-04-05,organic_search,2,3,0,0,0
2517,989,2024-04-05,facebook_ads,3,3,0,0,8
2518,294,2024-03-21,email,1,6,0,0,1
2518,294,2024-03-21,direct,2,6,0,0,0
2518,294,2024-03-21,email,3,6,0,0,1
2518,294,2024-03-21,facebook_ads,4,6,0,0,8
2518,294,2024-03-21,direct,5,6,0,0,0
2518,294,2024-03-21,email,6,6,0,0,1
2519,1257,2024-05-04,facebook_ads,1,2,0,0,8
2519,1257,2024-05-04,google_ads,2,2,0,0,12
2520,1102,2024-07-01,email,1,1,0,0,1
2521,1445,2024-03-12,facebook_ads,1,3,0,0,8
2521,1445,2024-03-12,direct,2,3,0,0,0
2521,1445,2024-03-12,direct,3,3,0,0,0
2522,1097,2024-04-11,referral,1,6,0,0,5
2522,1097,2024-04-11,direct,2,6,0,0,0
2522,1097,2024-04-11,referral,3,6,0,0,5
2522,1097,2024-04-11,referral,4,6,0,0,5
2522,1097,2024-04-11,direct,5,6,0,0,0
2522,1097,2024-04-11,direct,6,6,0,0,0
2523,677,2024-04-05,google_ads,1,3,0,0,12
2523,677,2024-04-05,email,2,3,0,0,1
2523,677,2024-04-05,direct,3,3,0,0,0
2524,890,2024-06-30,referral,1,2,0,0,5
2524,890,2024-06-30,email,2,2,0,0,1
2525,614,2024-08-13,email,1,5,0,0,1
2525,614,2024-08-13,organic_search,2,5,0,0,0
2525,614,2024-08-13,direct,3,5,0,0,0
2525,614,2024-08-13,referral,4,5,0,0,5
2525,614,2024-08-13,email,5,5,0,0,1
2526,1951,2024-08-19,facebook_ads,1,3,1,49,8
2526,1951,2024-08-19,email,2,3,1,49,1
2526,1951,2024-08-19,referral,3,3,1,49,5
2527,1220,2024-06-30,email,1,5,1,149,1
2527,1220,2024-06-30,google_ads,2,5,1,149,12
2527,1220,2024-06-30,direct,3,5,1,149,0
2527,1220,2024-06-30,organic_search,4,5,1,149,0
2527,1220,2024-06-30,referral,5,5,1,149,5
2528,1358,2024-01-31,organic_search,1,2,1,149,0
2528,1358,2024-01-31,direct,2,2,1,149,0
2529,203,2024-01-29,email,1,2,0,0,1
2529,203,2024-01-29,referral,2,2,0,0,5
2530,1027,2024-06-16,facebook_ads,1,4,0,0,8
2530,1027,2024-06-16,referral,2,4,0,0,5
2530,1027,2024-06-16,email,3,4,0,0,1
2530,1027,2024-06-16,email,4,4,0,0,1
2531,1048,2024-02-28,google_ads,1,2,0,0,12
2531,1048,2024-02-28,direct,2,2,0,0,0
2532,780,2024-03-10,referral,1,1,0,0,5
2533,516,2024-02-29,referral,1,1,0,0,5
2534,1763,2024-06-30,google_ads,1,6,1,299,12
2534,1763,2024-06-30,direct,2,6,1,299,0
2534,1763,2024-06-30,organic_search,3,6,1,299,0
2534,1763,2024-06-30,referral,4,6,1,299,5
2534,1763,2024-06-30,google_ads,5,6,1,299,12
2534,1763,2024-06-30,referral,6,6,1,299,5
2535,1536,2024-05-19,google_ads,1,3,1,149,12
2535,1536,2024-05-19,email,2,3,1,149,1
2535,1536,2024-05-19,referral,3,3,1,149,5
2536,1862,2024-03-08,direct,1,1,0,0,0
2537,1568,2024-04-07,direct,1,2,0,0,0
2537,1568,2024-04-07,direct,2,2,0,0,0
2538,433,2024-09-16,referral,1,2,0,0,5
2538,433,2024-09-16,email,2,2,0,0,1
2539,1933,2024-07-18,direct,1,3,0,0,0
2539,1933,2024-07-18,google_ads,2,3,0,0,12
2539,1933,2024-07-18,referral,3,3,0,0,5
2540,630,2024-07-19,referral,1,1,0,0,5
2541,840,2024-03-13,organic_search,1,4,0,0,0
2541,840,2024-03-13,google_ads,2,4,0,0,12
2541,840,2024-03-13,direct,3,4,0,0,0
2541,840,2024-03-13,organic_search,4,4,0,0,0
2542,1322,2024-05-05,referral,1,5,0,0,5
2542,1322,2024-05-05,facebook_ads,2,5,0,0,8
2542,1322,2024-05-05,google_ads,3,5,0,0,12
2542,1322,2024-05-05,google_ads,4,5,0,0,12
2542,1322,2024-05-05,referral,5,5,0,0,5
2543,1622,2024-07-06,referral,1,6,0,0,5
2543,1622,2024-07-06,organic_search,2,6,0,0,0
2543,1622,2024-07-06,google_ads,3,6,0,0,12
2543,1622,2024-07-06,facebook_ads,4,6,0,0,8
2543,1622,2024-07-06,facebook_ads,5,6,0,0,8
2543,1622,2024-07-06,facebook_ads,6,6,0,0,8
2544,980,2024-05-15,direct,1,2,0,0,0
2544,980,2024-05-15,referral,2,2,0,0,5
2545,672,2024-04-27,direct,1,3,0,0,0
2545,672,2024-04-27,facebook_ads,2,3,0,0,8
2545,672,2024-04-27,organic_search,3,3,0,0,0
2546,1404,2024-03-06,direct,1,6,0,0,0
2546,1404,2024-03-06,referral,2,6,0,0,5
2546,1404,2024-03-06,facebook_ads,3,6,0,0,8
2546,1404,2024-03-06,email,4,6,0,0,1
2546,1404,2024-03-06,organic_search,5,6,0,0,0
2546,1404,2024-03-06,facebook_ads,6,6,0,0,8
2547,819,2024-08-17,direct,1,1,1,99,0
2548,1825,2024-02-19,google_ads,1,4,0,0,12
2548,1825,2024-02-19,google_ads,2,4,0,0,12
2548,1825,2024-02-19,facebook_ads,3,4,0,0,8
2548,1825,2024-02-19,direct,4,4,0,0,0
2549,512,2024-06-27,direct,1,3,0,0,0
2549,512,2024-06-27,google_ads,2,3,0,0,12
2549,512,2024-06-27,email,3,3,0,0,1
2550,893,2024-04-13,referral,1,2,0,0,5
2550,893,2024-04-13,email,2,2,0,0,1
2551,638,2024-03-30,google_ads,1,1,0,0,12
2552,1737,2024-05-16,facebook_ads,1,1,0,0,8
2553,710,2024-03-29,google_ads,1,2,0,0,12
2553,710,2024-03-29,referral,2,2,0,0,5
2554,1805,2024-04-01,direct,1,2,0,0,0
2554,1805,2024-04-01,google_ads,2,2,0,0,12
2555,1833,2024-07-07,email,1,5,0,0,1
2555,1833,2024-07-07,email,2,5,0,0,1
2555,1833,2024-07-07,direct,3,5,0,0,0
2555,1833,2024-07-07,google_ads,4,5,0,0,12
2555,1833,2024-07-07,google_ads,5,5,0,0,12
2556,703,2024-01-17,google_ads,1,3,0,0,12
2556,703,2024-01-17,google_ads,2,3,0,0,12
2556,703,2024-01-17,google_ads,3,3,0,0,12
2557,1428,2024-01-27,referral,1,3,0,0,5
2557,1428,2024-01-27,google_ads,2,3,0,0,12
2557,1428,2024-01-27,direct,3,3,0,0,0
2558,1486,2024-04-27,organic_search,1,4,0,0,0
2558,1486,2024-04-27,referral,2,4,0,0,5
2558,1486,2024-04-27,organic_search,3,4,0,0,0
2558,1486,2024-04-27,referral,4,4,0,0,5
2559,963,2024-05-05,direct,1,6,0,0,0
2559,963,2024-05-05,direct,2,6,0,0,0
2559,963,2024-05-05,direct,3,6,0,0,0
2559,963,2024-05-05,facebook_ads,4,6,0,0,8
2559,963,2024-05-05,google_ads,5,6,0,0,12
2559,963,2024-05-05,referral,6,6,0,0,5
2560,1374,2024-03-04,direct,1,4,1,149,0
2560,1374,2024-03-04,email,2,4,1,149,1
2560,1374,2024-03-04,facebook_ads,3,4,1,149,8
2560,1374,2024-03-04,referral,4,4,1,149,5
2561,1967,2024-03-22,referral,1,2,0,0,5
2561,1967,2024-03-22,email,2,2,0,0,1
2562,162,2024-06-30,direct,1,3,0,0,0
2562,162,2024-06-30,facebook_ads,2,3,0,0,8
2562,162,2024-06-30,direct,3,3,0,0,0
2563,1301,2024-06-07,direct,1,5,0,0,0
2563,1301,2024-06-07,facebook_ads,2,5,0,0,8
2563,1301,2024-06-07,organic_search,3,5,0,0,0
2563,1301,2024-06-07,email,4,5,0,0,1
2563,1301,2024-06-07,direct,5,5,0,0,0
2564,79,2024-06-10,referral,1,4,0,0,5
2564,79,2024-06-10,direct,2,4,0,0,0
2564,79,2024-06-10,organic_search,3,4,0,0,0
2564,79,2024-06-10,google_ads,4,4,0,0,12
2565,188,2024-02-09,facebook_ads,1,3,0,0,8
2565,188,2024-02-09,referral,2,3,0,0,5
2565,188,2024-02-09,facebook_ads,3,3,0,0,8
2566,1038,2024-04-14,referral,1,6,1,49,5
2566,1038,2024-04-14,facebook_ads,2,6,1,49,8
2566,1038,2024-04-14,direct,3,6,1,49,0
2566,1038,2024-04-14,referral,4,6,1,49,5
2566,1038,2024-04-14,direct,5,6,1,49,0
2566,1038,2024-04-14,organic_search,6,6,1,49,0
2567,1796,2024-03-21,direct,1,2,0,0,0
2567,1796,2024-03-21,email,2,2,0,0,1
2568,115,2024-08-09,referral,1,3,0,0,5
2568,115,2024-08-09,organic_search,2,3,0,0,0
2568,115,2024-08-09,facebook_ads,3,3,0,0,8
2569,1085,2024-07-05,google_ads,1,6,0,0,12
2569,1085,2024-07-05,email,2,6,0,0,1
2569,1085,2024-07-05,organic_search,3,6,0,0,0
2569,1085,2024-07-05,organic_search,4,6,0,0,0
2569,1085,2024-07-05,google_ads,5,6,0,0,12
2569,1085,2024-07-05,facebook_ads,6,6,0,0,8
2570,299,2024-07-25,email,1,6,1,299,1
2570,299,2024-07-25,direct,2,6,1,299,0
2570,299,2024-07-25,google_ads,3,6,1,299,12
2570,299,2024-07-25,organic_search,4,6,1,299,0
2570,299,2024-07-25,facebook_ads,5,6,1,299,8
2570,299,2024-07-25,google_ads,6,6,1,299,12
2571,536,2024-01-16,direct,1,6,0,0,0
2571,536,2024-01-16,facebook_ads,2,6,0,0,8
2571,536,2024-01-16,google_ads,3,6,0,0,12
2571,536,2024-01-16,google_ads,4,6,0,0,12
2571,536,2024-01-16,google_ads,5,6,0,0,12
2571,536,2024-01-16,email,6,6,0,0,1
2572,1424,2024-03-05,email,1,2,0,0,1
2572,1424,2024-03-05,organic_search,2,2,0,0,0
2573,1311,2024-09-12,facebook_ads,1,5,0,0,8
2573,1311,2024-09-12,referral,2,5,0,0,5
2573,1311,2024-09-12,google_ads,3,5,0,0,12
2573,1311,2024-09-12,direct,4,5,0,0,0
2573,1311,2024-09-12,referral,5,5,0,0,5
2574,1259,2024-01-10,referral,1,3,1,299,5
2574,1259,2024-01-10,direct,2,3,1,299,0
2574,1259,2024-01-10,email,3,3,1,299,1
2575,365,2024-04-08,organic_search,1,4,0,0,0
2575,365,2024-04-08,facebook_ads,2,4,0,0,8
2575,365,2024-04-08,direct,3,4,0,0,0
2575,365,2024-04-08,google_ads,4,4,0,0,12
2576,1817,2024-09-26,direct,1,6,0,0,0
2576,1817,2024-09-26,facebook_ads,2,6,0,0,8
2576,1817,2024-09-26,google_ads,3,6,0,0,12
2576,1817,2024-09-26,organic_search,4,6,0,0,0
2576,1817,2024-09-26,referral,5,6,0,0,5
2576,1817,2024-09-26,google_ads,6,6,0,0,12
2577,1779,2024-08-22,direct,1,3,0,0,0
2577,1779,2024-08-22,google_ads,2,3,0,0,12
2577,1779,2024-08-22,direct,3,3,0,0,0
2578,1611,2024-07-30,email,1,4,0,0,1
2578,1611,2024-07-30,organic_search,2,4,0,0,0
2578,1611,2024-07-30,facebook_ads,3,4,0,0,8
2578,1611,2024-07-30,direct,4,4,0,0,0
2579,490,2024-05-26,email,1,5,0,0,1
2579,490,2024-05-26,referral,2,5,0,0,5
2579,490,2024-05-26,direct,3,5,0,0,0
2579,490,2024-05-26,email,4,5,0,0,1
2579,490,2024-05-26,referral,5,5,0,0,5
2580,11,2024-09-08,google_ads,1,1,0,0,12
2581,1300,2024-09-14,referral,1,6,0,0,5
2581,1300,2024-09-14,direct,2,6,0,0,0
2581,1300,2024-09-14,organic_search,3,6,0,0,0
2581,1300,2024-09-14,direct,4,6,0,0,0
2581,1300,2024-09-14,referral,5,6,0,0,5
2581,1300,2024-09-14,referral,6,6,0,0,5
2582,1543,2024-06-15,organic_search,1,2,0,0,0
2582,1543,2024-06-15,email,2,2,0,0,1
2583,1078,2024-08-24,google_ads,1,1,0,0,12
2584,1028,2024-06-28,referral,1,6,0,0,5
2584,1028,2024-06-28,google_ads,2,6,0,0,12
2584,1028,2024-06-28,google_ads,3,6,0,0,12
2584,1028,2024-06-28,email,4,6,0,0,1
2584,1028,2024-06-28,referral,5,6,0,0,5
2584,1028,2024-06-28,facebook_ads,6,6,0,0,8
2585,1800,2024-07-19,google_ads,1,6,0,0,12
2585,1800,2024-07-19,email,2,6,0,0,1
2585,1800,2024-07-19,google_ads,3,6,0,0,12
2585,1800,2024-07-19,organic_search,4,6,0,0,0
2585,1800,2024-07-19,referral,5,6,0,0,5
2585,1800,2024-07-19,email,6,6,0,0,1
2586,1387,2024-03-11,referral,1,3,0,0,5
2586,1387,2024-03-11,google_ads,2,3,0,0,12
2586,1387,2024-03-11,facebook_ads,3,3,0,0,8
2587,1280,2024-08-25,facebook_ads,1,2,1,499,8
2587,1280,2024-08-25,google_ads,2,2,1,499,12
2588,328,2024-03-12,referral,1,1,1,99,5
2589,791,2024-03-05,google_ads,1,1,0,0,12
2590,744,2024-07-10,google_ads,1,1,1,499,12
2591,32,2024-08-26,facebook_ads,1,6,0,0,8
2591,32,2024-08-26,direct,2,6,0,0,0
2591,32,2024-08-26,email,3,6,0,0,1
2591,32,2024-08-26,organic_search,4,6,0,0,0
2591,32,2024-08-26,google_ads,5,6,0,0,12
2591,32,2024-08-26,referral,6,6,0,0,5
2592,464,2024-05-08,google_ads,1,2,1,49,12
2592,464,2024-05-08,google_ads,2,2,1,49,12
2593,888,2024-08-24,google_ads,1,5,0,0,12
2593,888,2024-08-24,direct,2,5,0,0,0
2593,888,2024-08-24,email,3,5,0,0,1
2593,888,2024-08-24,email,4,5,0,0,1
2593,888,2024-08-24,google_ads,5,5,0,0,12
2594,1120,2024-01-03,direct,1,1,0,0,0
2595,1936,2024-05-28,email,1,4,0,0,1
2595,1936,2024-05-28,referral,2,4,0,0,5
2595,1936,2024-05-28,referral,3,4,0,0,5
2595,1936,2024-05-28,referral,4,4,0,0,5
2596,1516,2024-04-20,facebook_ads,1,6,0,0,8
2596,1516,2024-04-20,direct,2,6,0,0,0
2596,1516,2024-04-20,email,3,6,0,0,1
2596,1516,2024-04-20,email,4,6,0,0,1
2596,1516,2024-04-20,google_ads,5,6,0,0,12
2596,1516,2024-04-20,referral,6,6,0,0,5
2597,731,2024-05-04,organic_search,1,4,1,299,0
2597,731,2024-05-04,organic_search,2,4,1,299,0
2597,731,2024-05-04,organic_search,3,4,1,299,0
2597,731,2024-05-04,facebook_ads,4,4,1,299,8
2598,1356,2024-06-15,organic_search,1,6,1,99,0
2598,1356,2024-06-15,organic_search,2,6,1,99,0
2598,1356,2024-06-15,organic_search,3,6,1,99,0
2598,1356,2024-06-15,email,4,6,1,99,1
2598,1356,2024-06-15,google_ads,5,6,1,99,12
2598,1356,2024-06-15,google_ads,6,6,1,99,12
2599,1891,2024-08-24,email,1,1,0,0,1
2600,1856,2024-04-09,direct,1,4,0,0,0
2600,1856,2024-04-09,facebook_ads,2,4,0,0,8
2600,1856,2024-04-09,organic_search,3,4,0,0,0
2600,1856,2024-04-09,organic_search,4,4,0,0,0
2601,1041,2024-07-02,organic_search,1,4,0,0,0
2601,1041,2024-07-02,referral,2,4,0,0,5
2601,1041,2024-07-02,direct,3,4,0,0,0
2601,1041,2024-07-02,referral,4,4,0,0,5
2602,415,2024-07-03,facebook_ads,1,3,0,0,8
2602,415,2024-07-03,organic_search,2,3,0,0,0
2602,415,2024-07-03,google_ads,3,3,0,0,12
2603,531,2024-04-24,facebook_ads,1,3,0,0,8
2603,531,2024-04-24,organic_search,2,3,0,0,0
2603,531,2024-04-24,facebook_ads,3,3,0,0,8
2604,962,2024-03-11,google_ads,1,3,0,0,12
2604,962,2024-03-11,referral,2,3,0,0,5
2604,962,2024-03-11,direct,3,3,0,0,0
2605,1981,2024-06-18,facebook_ads,1,6,0,0,8
2605,1981,2024-06-18,referral,2,6,0,0,5
2605,1981,2024-06-18,direct,3,6,0,0,0
2605,1981,2024-06-18,organic_search,4,6,0,0,0
2605,1981,2024-06-18,direct,5,6,0,0,0
2605,1981,2024-06-18,organic_search,6,6,0,0,0
2606,1034,2024-08-05,referral,1,3,0,0,5
2606,1034,2024-08-05,email,2,3,0,0,1
2606,1034,2024-08-05,facebook_ads,3,3,0,0,8
2607,344,2024-09-13,referral,1,4,1,49,5
2607,344,2024-09-13,facebook_ads,2,4,1,49,8
2607,344,2024-09-13,email,3,4,1,49,1
2607,344,2024-09-13,referral,4,4,1,49,5
2608,1119,2024-05-13,direct,1,4,0,0,0
2608,1119,2024-05-13,organic_search,2,4,0,0,0
2608,1119,2024-05-13,organic_search,3,4,0,0,0
2608,1119,2024-05-13,google_ads,4,4,0,0,12
2609,1322,2024-02-01,facebook_ads,1,6,0,0,8
2609,1322,2024-02-01,direct,2,6,0,0,0
2609,1322,2024-02-01,organic_search,3,6,0,0,0
2609,1322,2024-02-01,email,4,6,0,0,1
2609,1322,2024-02-01,email,5,6,0,0,1
2609,1322,2024-02-01,direct,6,6,0,0,0
2610,659,2024-08-20,direct,1,2,0,0,0
2610,659,2024-08-20,facebook_ads,2,2,0,0,8
2611,1415,2024-01-31,referral,1,5,0,0,5
2611,1415,2024-01-31,facebook_ads,2,5,0,0,8
2611,1415,2024-01-31,facebook_ads,3,5,0,0,8
2611,1415,2024-01-31,google_ads,4,5,0,0,12
2611,1415,2024-01-31,referral,5,5,0,0,5
2612,985,2024-01-11,google_ads,1,6,0,0,12
2612,985,2024-01-11,email,2,6,0,0,1
2612,985,2024-01-11,referral,3,6,0,0,5
2612,985,2024-01-11,google_ads,4,6,0,0,12
2612,985,2024-01-11,facebook_ads,5,6,0,0,8
2612,985,2024-01-11,google_ads,6,6,0,0,12
2613,315,2024-06-29,referral,1,5,0,0,5
2613,315,2024-06-29,facebook_ads,2,5,0,0,8
2613,315,2024-06-29,email,3,5,0,0,1
2613,315,2024-06-29,organic_search,4,5,0,0,0
2613,315,2024-06-29,direct,5,5,0,0,0
2614,63,2024-08-10,google_ads,1,1,1,299,12
2615,1905,2024-06-07,google_ads,1,3,0,0,12
2615,1905,2024-06-07,email,2,3,0,0,1
2615,1905,2024-06-07,facebook_ads,3,3,0,0,8
2616,97,2024-05-06,email,1,6,0,0,1
2616,97,2024-05-06,direct,2,6,0,0,0
2616,97,2024-05-06,google_ads,3,6,0,0,12
2616,97,2024-05-06,google_ads,4,6,0,0,12
2616,97,2024-05-06,organic_search,5,6,0,0,0
2616,97,2024-05-06,referral,6,6,0,0,5
2617,577,2024-05-09,email,1,4,0,0,1
2617,577,2024-05-09,organic_search,2,4,0,0,0
2617,577,2024-05-09,facebook_ads,3,4,0,0,8
2617,577,2024-05-09,direct,4,4,0,0,0
2618,87,2024-04-09,direct,1,6,0,0,0
2618,87,2024-04-09,referral,2,6,0,0,5
2618,87,2024-04-09,email,3,6,0,0,1
2618,87,2024-04-09,organic_search,4,6,0,0,0
2618,87,2024-04-09,email,5,6,0,0,1
2618,87,2024-04-09,direct,6,6,0,0,0
2619,597,2024-07-15,referral,1,6,1,49,5
2619,597,2024-07-15,direct,2,6,1,49,0
2619,597,2024-07-15,direct,3,6,1,49,0
2619,597,2024-07-15,direct,4,6,1,49,0
2619,597,2024-07-15,email,5,6,1,49,1
2619,597,2024-07-15,direct,6,6,1,49,0
2620,535,2024-02-28,google_ads,1,6,0,0,12
2620,535,2024-02-28,organic_search,2,6,0,0,0
2620,535,2024-02-28,referral,3,6,0,0,5
2620,535,2024-02-28,google_ads,4,6,0,0,12
2620,535,2024-02-28,email,5,6,0,0,1
2620,535,2024-02-28,facebook_ads,6,6,0,0,8
2621,1110,2024-06-04,facebook_ads,1,6,0,0,8
2621,1110,2024-06-04,facebook_ads,2,6,0,0,8
2621,1110,2024-06-04,referral,3,6,0,0,5
2621,1110,2024-06-04,direct,4,6,0,0,0
2621,1110,2024-06-04,direct,5,6,0,0,0
2621,1110,2024-06-04,referral,6,6,0,0,5
2622,1775,2024-09-20,direct,1,1,0,0,0
2623,1787,2024-07-26,google_ads,1,5,0,0,12
2623,1787,2024-07-26,direct,2,5,0,0,0
2623,1787,2024-07-26,facebook_ads,3,5,0,0,8
2623,1787,2024-07-26,organic_search,4,5,0,0,0
2623,1787,2024-07-26,google_ads,5,5,0,0,12
2624,1620,2024-03-06,google_ads,1,2,0,0,12
2624,1620,2024-03-06,google_ads,2,2,0,0,12
2625,39,2024-04-26,organic_search,1,6,0,0,0
2625,39,2024-04-26,referral,2,6,0,0,5
2625,39,2024-04-26,google_ads,3,6,0,0,12
2625,39,2024-04-26,referral,4,6,0,0,5
2625,39,2024-04-26,facebook_ads,5,6,0,0,8
2625,39,2024-04-26,organic_search,6,6,0,0,0
2626,1811,2024-05-05,direct,1,5,0,0,0
2626,1811,2024-05-05,google_ads,2,5,0,0,12
2626,1811,2024-05-05,email,3,5,0,0,1
2626,1811,2024-05-05,direct,4,5,0,0,0
2626,1811,2024-05-05,facebook_ads,5,5,0,0,8
2627,299,2024-07-30,email,1,1,0,0,1
2628,442,2024-07-29,email,1,2,1,299,1
2628,442,2024-07-29,email,2,2,1,299,1
2629,1747,2024-05-05,facebook_ads,1,3,1,499,8
2629,1747,2024-05-05,organic_search,2,3,1,499,0
2629,1747,2024-05-05,email,3,3,1,499,1
2630,1319,2024-09-18,organic_search,1,2,0,0,0
2630,1319,2024-09-18,direct,2,2,0,0,0
2631,1806,2024-06-23,facebook_ads,1,3,0,0,8
2631,1806,2024-06-23,organic_search,2,3,0,0,0
2631,1806,2024-06-23,direct,3,3,0,0,0
2632,416,2024-03-13,facebook_ads,1,6,1,99,8
2632,416,2024-03-13,facebook_ads,2,6,1,99,8
2632,416,2024-03-13,direct,3,6,1,99,0
2632,416,2024-03-13,facebook_ads,4,6,1,99,8
2632,416,2024-03-13,referral,5,6,1,99,5
2632,416,2024-03-13,organic_search,6,6,1,99,0
2633,839,2024-08-10,email,1,4,0,0,1
2633,839,2024-08-10,google_ads,2,4,0,0,12
2633,839,2024-08-10,facebook_ads,3,4,0,0,8
2633,839,2024-08-10,email,4,4,0,0,1
2634,1760,2024-01-31,direct,1,5,0,0,0
2634,1760,2024-01-31,email,2,5,0,0,1
2634,1760,2024-01-31,google_ads,3,5,0,0,12
2634,1760,2024-01-31,email,4,5,0,0,1
2634,1760,2024-01-31,facebook_ads,5,5,0,0,8
2635,259,2024-05-07,referral,1,6,0,0,5
2635,259,2024-05-07,direct,2,6,0,0,0
2635,259,2024-05-07,email,3,6,0,0,1
2635,259,2024-05-07,google_ads,4,6,0,0,12
2635,259,2024-05-07,direct,5,6,0,0,0
2635,259,2024-05-07,google_ads,6,6,0,0,12
2636,1101,2024-08-23,google_ads,1,4,0,0,12
2636,1101,2024-08-23,organic_search,2,4,0,0,0
2636,1101,2024-08-23,referral,3,4,0,0,5
2636,1101,2024-08-23,google_ads,4,4,0,0,12
2637,398,2024-09-14,direct,1,4,0,0,0
2637,398,2024-09-14,facebook_ads,2,4,0,0,8
2637,398,2024-09-14,google_ads,3,4,0,0,12
2637,398,2024-09-14,email,4,4,0,0,1
2638,1031,2024-05-30,direct,1,2,0,0,0
2638,1031,2024-05-30,email,2,2,0,0,1
2639,1487,2024-07-09,email,1,3,0,0,1
2639,1487,2024-07-09,direct,2,3,0,0,0
2639,1487,2024-07-09,facebook_ads,3,3,0,0,8
2640,138,2024-04-23,email,1,1,0,0,1
2641,1971,2024-06-07,facebook_ads,1,6,1,149,8
2641,1971,2024-06-07,direct,2,6,1,149,0
2641,1971,2024-06-07,facebook_ads,3,6,1,149,8
2641,1971,2024-06-07,email,4,6,1,149,1
2641,1971,2024-06-07,google_ads,5,6,1,149,12
2641,1971,2024-06-07,direct,6,6,1,149,0
2642,475,2024-06-18,organic_search,1,3,1,49,0
2642,475,2024-06-18,google_ads,2,3,1,49,12
2642,475,2024-06-18,google_ads,3,3,1,49,12
2643,1990,2024-04-30,referral,1,5,0,0,5
2643,1990,2024-04-30,organic_search,2,5,0,0,0
2643,1990,2024-04-30,direct,3,5,0,0,0
2643,1990,2024-04-30,referral,4,5,0,0,5
2643,1990,2024-04-30,direct,5,5,0,0,0
2644,1713,2024-04-17,organic_search,1,1,0,0,0
2645,1027,2024-07-03,organic_search,1,1,1,299,0
2646,1962,2024-01-27,organic_search,1,1,0,0,0
2647,235,2024-09-24,email,1,1,0,0,1
2648,1414,2024-06-11,referral,1,5,0,0,5
2648,1414,2024-06-11,referral,2,5,0,0,5
2648,1414,2024-06-11,organic_search,3,5,0,0,0
2648,1414,2024-06-11,email,4,5,0,0,1
2648,1414,2024-06-11,direct,5,5,0,0,0
2649,1611,2024-04-21,google_ads,1,5,0,0,12
2649,1611,2024-04-21,facebook_ads,2,5,0,0,8
2649,1611,2024-04-21,facebook_ads,3,5,0,0,8
2649,1611,2024-04-21,referral,4,5,0,0,5
2649,1611,2024-04-21,organic_search,5,5,0,0,0
2650,1533,2024-08-25,google_ads,1,6,0,0,12
2650,1533,2024-08-25,organic_search,2,6,0,0,0
2650,1533,2024-08-25,email,3,6,0,0,1
2650,1533,2024-08-25,email,4,6,0,0,1
2650,1533,2024-08-25,google_ads,5,6,0,0,12
2650,1533,2024-08-25,google_ads,6,6,0,0,12
2651,1443,2024-06-10,direct,1,2,0,0,0
2651,1443,2024-06-10,referral,2,2,0,0,5
2652,1330,2024-03-01,google_ads,1,1,0,0,12
2653,1750,2024-08-03,organic_search,1,3,0,0,0
2653,1750,2024-08-03,direct,2,3,0,0,0
2653,1750,2024-08-03,facebook_ads,3,3,0,0,8
2654,1731,2024-06-13,referral,1,4,0,0,5
2654,1731,2024-06-13,referral,2,4,0,0,5
2654,1731,2024-06-13,google_ads,3,4,0,0,12
2654,1731,2024-06-13,organic_search,4,4,0,0,0
2655,1258,2024-03-16,google_ads,1,6,0,0,12
2655,1258,2024-03-16,email,2,6,0,0,1
2655,1258,2024-03-16,organic_search,3,6,0,0,0
2655,1258,2024-03-16,facebook_ads,4,6,0,0,8
2655,1258,2024-03-16,google_ads,5,6,0,0,12
2655,1258,2024-03-16,organic_search,6,6,0,0,0
2656,1704,2024-01-29,google_ads,1,2,0,0,12
2656,1704,2024-01-29,facebook_ads,2,2,0,0,8
2657,1156,2024-08-19,direct,1,2,1,149,0
2657,1156,2024-08-19,organic_search,2,2,1,149,0
2658,1219,2024-03-05,referral,1,6,0,0,5
2658,1219,2024-03-05,referral,2,6,0,0,5
2658,1219,2024-03-05,referral,3,6,0,0,5
2658,1219,2024-03-05,google_ads,4,6,0,0,12
2658,1219,2024-03-05,google_ads,5,6,0,0,12
2658,1219,2024-03-05,referral,6,6,0,0,5
2659,1160,2024-05-25,email,1,6,0,0,1
2659,1160,2024-05-25,direct,2,6,0,0,0
2659,1160,2024-05-25,facebook_ads,3,6,0,0,8
2659,1160,2024-05-25,email,4,6,0,0,1
2659,1160,2024-05-25,referral,5,6,0,0,5
2659,1160,2024-05-25,organic_search,6,6,0,0,0
2660,1139,2024-04-04,organic_search,1,1,0,0,0
2661,1951,2024-03-01,referral,1,3,0,0,5
2661,1951,2024-03-01,direct,2,3,0,0,0
2661,1951,2024-03-01,referral,3,3,0,0,5
2662,1860,2024-09-17,referral,1,4,0,0,5
2662,1860,2024-09-17,google_ads,2,4,0,0,12
2662,1860,2024-09-17,google_ads,3,4,0,0,12
2662,1860,2024-09-17,facebook_ads,4,4,0,0,8
2663,291,2024-01-28,facebook_ads,1,5,0,0,8
2663,291,2024-01-28,google_ads,2,5,0,0,12
2663,291,2024-01-28,direct,3,5,0,0,0
2663,291,2024-01-28,google_ads,4,5,0,0,12
2663,291,2024-01-28,google_ads,5,5,0,0,12
2664,250,2024-07-09,google_ads,1,6,0,0,12
2664,250,2024-07-09,referral,2,6,0,0,5
2664,250,2024-07-09,email,3,6,0,0,1
2664,250,2024-07-09,facebook_ads,4,6,0,0,8
2664,250,2024-07-09,google_ads,5,6,0,0,12
2664,250,2024-07-09,referral,6,6,0,0,5
2665,1088,2024-09-19,direct,1,2,1,49,0
2665,1088,2024-09-19,google_ads,2,2,1,49,12
2666,274,2024-05-29,google_ads,1,2,0,0,12
2666,274,2024-05-29,referral,2,2,0,0,5
2667,1851,2024-06-17,organic_search,1,2,0,0,0
2667,1851,2024-06-17,organic_search,2,2,0,0,0
2668,1121,2024-08-11,organic_search,1,2,0,0,0
2668,1121,2024-08-11,google_ads,2,2,0,0,12
2669,652,2024-01-09,referral,1,5,0,0,5
2669,652,2024-01-09,facebook_ads,2,5,0,0,8
2669,652,2024-01-09,referral,3,5,0,0,5
2669,652,2024-01-09,email,4,5,0,0,1
2669,652,2024-01-09,email,5,5,0,0,1
2670,577,2024-07-12,referral,1,5,0,0,5
2670,577,2024-07-12,email,2,5,0,0,1
2670,577,2024-07-12,referral,3,5,0,0,5
2670,577,2024-07-12,referral,4,5,0,0,5
2670,577,2024-07-12,email,5,5,0,0,1
2671,1964,2024-02-22,facebook_ads,1,5,0,0,8
2671,1964,2024-02-22,email,2,5,0,0,1
2671,1964,2024-02-22,direct,3,5,0,0,0
2671,1964,2024-02-22,email,4,5,0,0,1
2671,1964,2024-02-22,organic_search,5,5,0,0,0
2672,466,2024-08-02,facebook_ads,1,2,0,0,8
2672,466,2024-08-02,organic_search,2,2,0,0,0
2673,120,2024-01-22,direct,1,3,0,0,0
2673,120,2024-01-22,google_ads,2,3,0,0,12
2673,120,2024-01-22,direct,3,3,0,0,0
2674,531,2024-02-10,organic_search,1,4,0,0,0
2674,531,2024-02-10,organic_search,2,4,0,0,0
2674,531,2024-02-10,referral,3,4,0,0,5
2674,531,2024-02-10,facebook_ads,4,4,0,0,8
2675,686,2024-06-10,direct,1,2,1,99,0
2675,686,2024-06-10,google_ads,2,2,1,99,12
2676,464,2024-08-27,facebook_ads,1,5,0,0,8
2676,464,2024-08-27,email,2,5,0,0,1
2676,464,2024-08-27,organic_search,3,5,0,0,0
2676,464,2024-08-27,google_ads,4,5,0,0,12
2676,464,2024-08-27,email,5,5,0,0,1
2677,1819,2024-08-18,facebook_ads,1,4,0,0,8
2677,1819,2024-08-18,organic_search,2,4,0,0,0
2677,1819,2024-08-18,email,3,4,0,0,1
2677,1819,2024-08-18,email,4,4,0,0,1
2678,647,2024-04-14,direct,1,2,0,0,0
2678,647,2024-04-14,email,2,2,0,0,1
2679,1968,2024-03-27,referral,1,3,0,0,5
2679,1968,2024-03-27,email,2,3,0,0,1
2679,1968,2024-03-27,facebook_ads,3,3,0,0,8
2680,1676,2024-07-12,email,1,5,0,0,1
2680,1676,2024-07-12,facebook_ads,2,5,0,0,8
2680,1676,2024-07-12,referral,3,5,0,0,5
2680,1676,2024-07-12,facebook_ads,4,5,0,0,8
2680,1676,2024-07-12,referral,5,5,0,0,5
2681,1953,2024-04-12,facebook_ads,1,3,0,0,8
2681,1953,2024-04-12,organic_search,2,3,0,0,0
2681,1953,2024-04-12,facebook_ads,3,3,0,0,8
2682,1870,2024-05-07,referral,1,4,0,0,5
2682,1870,2024-05-07,organic_search,2,4,0,0,0
2682,1870,2024-05-07,google_ads,3,4,0,0,12
2682,1870,2024-05-07,facebook_ads,4,4,0,0,8
2683,1987,2024-03-31,email,1,4,0,0,1
2683,1987,2024-03-31,organic_search,2,4,0,0,0
2683,1987,2024-03-31,organic_search,3,4,0,0,0
2683,1987,2024-03-31,direct,4,4,0,0,0
2684,1292,2024-05-25,google_ads,1,2,0,0,12
2684,1292,2024-05-25,facebook_ads,2,2,0,0,8
2685,288,2024-07-31,organic_search,1,1,0,0,0
2686,818,2024-02-22,google_ads,1,5,0,0,12
2686,818,2024-02-22,email,2,5,0,0,1
2686,818,2024-02-22,google_ads,3,5,0,0,12
2686,818,2024-02-22,google_ads,4,5,0,0,12
2686,818,2024-02-22,google_ads,5,5,0,0,12
2687,222,2024-01-18,organic_search,1,3,0,0,0
2687,222,2024-01-18,organic_search,2,3,0,0,0
2687,222,2024-01-18,organic_search,3,3,0,0,0
2688,1756,2024-02-26,organic_search,1,2,0,0,0
2688,1756,2024-02-26,referral,2,2,0,0,5
2689,1998,2024-08-02,organic_search,1,2,0,0,0
2689,1998,2024-08-02,direct,2,2,0,0,0
2690,1783,2024-07-11,referral,1,1,0,0,5
2691,1195,2024-08-30,organic_search,1,2,0,0,0
2691,1195,2024-08-30,referral,2,2,0,0,5
2692,72,2024-04-09,email,1,2,0,0,1
2692,72,2024-04-09,direct,2,2,0,0,0
2693,677,2024-03-04,facebook_ads,1,5,0,0,8
2693,677,2024-03-04,email,2,5,0,0,1
2693,677,2024-03-04,organic_search,3,5,0,0,0
2693,677,2024-03-04,organic_search,4,5,0,0,0
2693,677,2024-03-04,google_ads,5,5,0,0,12
2694,486,2024-03-23,direct,1,2,0,0,0
2694,486,2024-03-23,facebook_ads,2,2,0,0,8
2695,1690,2024-05-19,email,1,1,0,0,1
2696,498,2024-05-07,referral,1,5,0,0,5
2696,498,2024-05-07,organic_search,2,5,0,0,0
2696,498,2024-05-07,facebook_ads,3,5,0,0,8
2696,498,2024-05-07,email,4,5,0,0,1
2696,498,2024-05-07,email,5,5,0,0,1
2697,644,2024-03-10,google_ads,1,2,0,0,12
2697,644,2024-03-10,google_ads,2,2,0,0,12
2698,214,2024-07-28,direct,1,6,0,0,0
2698,214,2024-07-28,google_ads,2,6,0,0,12
2698,214,2024-07-28,google_ads,3,6,0,0,12
2698,214,2024-07-28,google_ads,4,6,0,0,12
2698,214,2024-07-28,referral,5,6,0,0,5
2698,214,2024-07-28,organic_search,6,6,0,0,0
2699,748,2024-02-26,referral,1,6,0,0,5
2699,748,2024-02-26,google_ads,2,6,0,0,12
2699,748,2024-02-26,google_ads,3,6,0,0,12
2699,748,2024-02-26,direct,4,6,0,0,0
2699,748,2024-02-26,facebook_ads,5,6,0,0,8
2699,748,2024-02-26,organic_search,6,6,0,0,0
2700,627,2024-06-08,referral,1,1,0,0,5
2701,382,2024-01-07,organic_search,1,1,0,0,0
2702,329,2024-05-16,organic_search,1,4,0,0,0
2702,329,2024-05-16,referral,2,4,0,0,5
2702,329,2024-05-16,facebook_ads,3,4,0,0,8
2702,329,2024-05-16,direct,4,4,0,0,0
2703,197,2024-09-13,direct,1,1,0,0,0
2704,1409,2024-09-11,email,1,5,0,0,1
2704,1409,2024-09-11,direct,2,5,0,0,0
2704,1409,2024-09-11,email,3,5,0,0,1
2704,1409,2024-09-11,google_ads,4,5,0,0,12
2704,1409,2024-09-11,google_ads,5,5,0,0,12
2705,484,2024-02-27,google_ads,1,3,0,0,12
2705,484,2024-02-27,direct,2,3,0,0,0
2705,484,2024-02-27,direct,3,3,0,0,0
2706,336,2024-03-27,direct,1,3,0,0,0
2706,336,2024-03-27,google_ads,2,3,0,0,12
2706,336,2024-03-27,facebook_ads,3,3,0,0,8
2707,1915,2024-01-28,direct,1,3,0,0,0
2707,1915,2024-01-28,organic_search,2,3,0,0,0
2707,1915,2024-01-28,google_ads,3,3,0,0,12
2708,128,2024-09-13,organic_search,1,2,0,0,0
2708,128,2024-09-13,google_ads,2,2,0,0,12
2709,768,2024-02-09,direct,1,2,0,0,0
2709,768,2024-02-09,organic_search,2,2,0,0,0
2710,715,2024-02-25,email,1,1,0,0,1
2711,1721,2024-03-05,google_ads,1,4,1,99,12
2711,1721,2024-03-05,organic_search,2,4,1,99,0
2711,1721,2024-03-05,google_ads,3,4,1,99,12
2711,1721,2024-03-05,email,4,4,1,99,1
2712,461,2024-07-03,email,1,3,1,299,1
2712,461,2024-07-03,organic_search,2,3,1,299,0
2712,461,2024-07-03,organic_search,3,3,1,299,0
2713,697,2024-08-18,facebook_ads,1,4,0,0,8
2713,697,2024-08-18,direct,2,4,0,0,0
2713,697,2024-08-18,referral,3,4,0,0,5
2713,697,2024-08-18,referral,4,4,0,0,5
2714,468,2024-01-25,google_ads,1,6,1,99,12
2714,468,2024-01-25,direct,2,6,1,99,0
2714,468,2024-01-25,organic_search,3,6,1,99,0
2714,468,2024-01-25,organic_search,4,6,1,99,0
2714,468,2024-01-25,email,5,6,1,99,1
2714,468,2024-01-25,organic_search,6,6,1,99,0
2715,1998,2024-09-22,facebook_ads,1,1,0,0,8
2716,1921,2024-09-04,facebook_ads,1,6,0,0,8
2716,1921,2024-09-04,direct,2,6,0,0,0
2716,1921,2024-09-04,direct,3,6,0,0,0
2716,1921,2024-09-04,referral,4,6,0,0,5
2716,1921,2024-09-04,organic_search,5,6,0,0,0
2716,1921,2024-09-04,email,6,6,0,0,1
2717,1753,2024-05-01,google_ads,1,2,0,0,12
2717,1753,2024-05-01,facebook_ads,2,2,0,0,8
2718,423,2024-05-21,google_ads,1,5,0,0,12
2718,423,2024-05-21,facebook_ads,2,5,0,0,8
2718,423,2024-05-21,google_ads,3,5,0,0,12
2718,423,2024-05-21,direct,4,5,0,0,0
2718,423,2024-05-21,google_ads,5,5,0,0,12
2719,1862,2024-04-28,google_ads,1,2,0,0,12
2719,1862,2024-04-28,direct,2,2,0,0,0
2720,857,2024-08-01,organic_search,1,4,0,0,0
2720,857,2024-08-01,direct,2,4,0,0,0
2720,857,2024-08-01,facebook_ads,3,4,0,0,8
2720,857,2024-08-01,email,4,4,0,0,1
2721,177,2024-04-17,email,1,5,0,0,1
2721,177,2024-04-17,facebook_ads,2,5,0,0,8
2721,177,2024-04-17,organic_search,3,5,0,0,0
2721,177,2024-04-17,direct,4,5,0,0,0
2721,177,2024-04-17,facebook_ads,5,5,0,0,8
2722,1345,2024-06-06,email,1,4,1,149,1
2722,1345,2024-06-06,referral,2,4,1,149,5
2722,1345,2024-06-06,organic_search,3,4,1,149,0
2722,1345,2024-06-06,google_ads,4,4,1,149,12
2723,1571,2024-01-26,google_ads,1,2,0,0,12
2723,1571,2024-01-26,direct,2,2,0,0,0
2724,21,2024-06-15,referral,1,5,0,0,5
2724,21,2024-06-15,facebook_ads,2,5,0,0,8
2724,21,2024-06-15,direct,3,5,0,0,0
2724,21,2024-06-15,google_ads,4,5,0,0,12
2724,21,2024-06-15,facebook_ads,5,5,0,0,8
2725,947,2024-08-07,direct,1,3,0,0,0
2725,947,2024-08-07,google_ads,2,3,0,0,12
2725,947,2024-08-07,email,3,3,0,0,1
2726,480,2024-05-14,google_ads,1,5,0,0,12
2726,480,2024-05-14,direct,2,5,0,0,0
2726,480,2024-05-14,google_ads,3,5,0,0,12
2726,480,2024-05-14,organic_search,4,5,0,0,0
2726,480,2024-05-14,organic_search,5,5,0,0,0
2727,890,2024-03-03,organic_search,1,3,0,0,0
2727,890,2024-03-03,email,2,3,0,0,1
2727,890,2024-03-03,facebook_ads,3,3,0,0,8
2728,1623,2024-08-05,google_ads,1,6,0,0,12
2728,1623,2024-08-05,email,2,6,0,0,1
2728,1623,2024-08-05,organic_search,3,6,0,0,0
2728,1623,2024-08-05,referral,4,6,0,0,5
2728,1623,2024-08-05,organic_search,5,6,0,0,0
2728,1623,2024-08-05,email,6,6,0,0,1
2729,620,2024-02-24,facebook_ads,1,3,0,0,8
2729,620,2024-02-24,organic_search,2,3,0,0,0
2729,620,2024-02-24,google_ads,3,3,0,0,12
2730,414,2024-02-01,referral,1,2,0,0,5
2730,414,2024-02-01,google_ads,2,2,0,0,12
2731,1364,2024-05-31,email,1,6,1,499,1
2731,1364,2024-05-31,direct,2,6,1,499,0
2731,1364,2024-05-31,facebook_ads,3,6,1,499,8
2731,1364,2024-05-31,organic_search,4,6,1,499,0
2731,1364,2024-05-31,direct,5,6,1,499,0
2731,1364,2024-05-31,direct,6,6,1,499,0
2732,1649,2024-06-05,email,1,3,0,0,1
2732,1649,2024-06-05,email,2,3,0,0,1
2732,1649,2024-06-05,email,3,3,0,0,1
2733,350,2024-04-29,email,1,2,0,0,1
2733,350,2024-04-29,facebook_ads,2,2,0,0,8
2734,956,2024-06-23,google_ads,1,4,0,0,12
2734,956,2024-06-23,organic_search,2,4,0,0,0
2734,956,2024-06-23,google_ads,3,4,0,0,12
2734,956,2024-06-23,facebook_ads,4,4,0,0,8
2735,1998,2024-01-12,facebook_ads,1,3,0,0,8
2735,1998,2024-01-12,referral,2,3,0,0,5
2735,1998,2024-01-12,google_ads,3,3,0,0,12
2736,1725,2024-04-20,email,1,3,0,0,1
2736,1725,2024-04-20,referral,2,3,0,0,5
2736,1725,2024-04-20,referral,3,3,0,0,5
2737,1943,2024-09-07,email,1,4,0,0,1
2737,1943,2024-09-07,facebook_ads,2,4,0,0,8
2737,1943,2024-09-07,referral,3,4,0,0,5
2737,1943,2024-09-07,direct,4,4,0,0,0
2738,993,2024-07-12,direct,1,3,0,0,0
2738,993,2024-07-12,google_ads,2,3,0,0,12
2738,993,2024-07-12,email,3,3,0,0,1
2739,142,2024-01-11,direct,1,2,1,99,0
2739,142,2024-01-11,direct,2,2,1,99,0
2740,678,2024-08-27,direct,1,5,0,0,0
2740,678,2024-08-27,referral,2,5,0,0,5
2740,678,2024-08-27,referral,3,5,0,0,5
2740,678,2024-08-27,google_ads,4,5,0,0,12
2740,678,2024-08-27,google_ads,5,5,0,0,12
2741,794,2024-07-04,referral,1,5,0,0,5
2741,794,2024-07-04,email,2,5,0,0,1
2741,794,2024-07-04,facebook_ads,3,5,0,0,8
2741,794,2024-07-04,direct,4,5,0,0,0
2741,794,2024-07-04,organic_search,5,5,0,0,0
2742,1556,2024-05-16,email,1,4,0,0,1
2742,1556,2024-05-16,referral,2,4,0,0,5
2742,1556,2024-05-16,direct,3,4,0,0,0
2742,1556,2024-05-16,facebook_ads,4,4,0,0,8
2743,1069,2024-09-16,direct,1,6,0,0,0
2743,1069,2024-09-16,facebook_ads,2,6,0,0,8
2743,1069,2024-09-16,organic_search,3,6,0,0,0
2743,1069,2024-09-16,referral,4,6,0,0,5
2743,1069,2024-09-16,email,5,6,0,0,1
2743,1069,2024-09-16,organic_search,6,6,0,0,0
2744,1089,2024-09-03,google_ads,1,1,1,99,12
2745,380,2024-08-08,referral,1,1,0,0,5
2746,758,2024-09-09,google_ads,1,1,0,0,12
2747,1022,2024-06-14,referral,1,4,0,0,5
2747,1022,2024-06-14,facebook_ads,2,4,0,0,8
2747,1022,2024-06-14,google_ads,3,4,0,0,12
2747,1022,2024-06-14,facebook_ads,4,4,0,0,8
2748,1376,2024-03-07,facebook_ads,1,5,0,0,8
2748,1376,2024-03-07,facebook_ads,2,5,0,0,8
2748,1376,2024-03-07,organic_search,3,5,0,0,0
2748,1376,2024-03-07,google_ads,4,5,0,0,12
2748,1376,2024-03-07,direct,5,5,0,0,0
2749,1162,2024-01-22,organic_search,1,2,0,0,0
2749,1162,2024-01-22,direct,2,2,0,0,0
2750,352,2024-04-03,direct,1,4,0,0,0
2750,352,2024-04-03,google_ads,2,4,0,0,12
2750,352,2024-04-03,email,3,4,0,0,1
2750,352,2024-04-03,direct,4,4,0,0,0
2751,444,2024-07-06,email,1,1,0,0,1
2752,1206,2024-08-27,google_ads,1,2,0,0,12
2752,1206,2024-08-27,direct,2,2,0,0,0
2753,52,2024-06-19,organic_search,1,6,0,0,0
2753,52,2024-06-19,organic_search,2,6,0,0,0
2753,52,2024-06-19,organic_search,3,6,0,0,0
2753,52,2024-06-19,organic_search,4,6,0,0,0
2753,52,2024-06-19,google_ads,5,6,0,0,12
2753,52,2024-06-19,direct,6,6,0,0,0
2754,1393,2024-07-13,referral,1,5,0,0,5
2754,1393,2024-07-13,referral,2,5,0,0,5
2754,1393,2024-07-13,email,3,5,0,0,1
2754,1393,2024-07-13,referral,4,5,0,0,5
2754,1393,2024-07-13,organic_search,5,5,0,0,0
2755,633,2024-07-26,organic_search,1,1,0,0,0
2756,1043,2024-01-06,referral,1,5,0,0,5
2756,1043,2024-01-06,facebook_ads,2,5,0,0,8
2756,1043,2024-01-06,organic_search,3,5,0,0,0
2756,1043,2024-01-06,organic_search,4,5,0,0,0
2756,1043,2024-01-06,google_ads,5,5,0,0,12
2757,1268,2024-02-28,google_ads,1,2,0,0,12
2757,1268,2024-02-28,facebook_ads,2,2,0,0,8
2758,1100,2024-03-18,organic_search,1,5,0,0,0
2758,1100,2024-03-18,google_ads,2,5,0,0,12
2758,1100,2024-03-18,google_ads,3,5,0,0,12
2758,1100,2024-03-18,direct,4,5,0,0,0
2758,1100,2024-03-18,google_ads,5,5,0,0,12
2759,1560,2024-04-23,facebook_ads,1,5,0,0,8
2759,1560,2024-04-23,referral,2,5,0,0,5
2759,1560,2024-04-23,direct,3,5,0,0,0
2759,1560,2024-04-23,facebook_ads,4,5,0,0,8
2759,1560,2024-04-23,organic_search,5,5,0,0,0
2760,1360,2024-02-04,email,1,3,0,0,1
2760,1360,2024-02-04,google_ads,2,3,0,0,12
2760,1360,2024-02-04,facebook_ads,3,3,0,0,8
2761,1360,2024-03-23,facebook_ads,1,2,1,49,8
2761,1360,2024-03-23,direct,2,2,1,49,0
2762,829,2024-09-04,referral,1,4,0,0,5
2762,829,2024-09-04,referral,2,4,0,0,5
2762,829,2024-09-04,direct,3,4,0,0,0
2762,829,2024-09-04,google_ads,4,4,0,0,12
2763,232,2024-09-19,organic_search,1,5,0,0,0
2763,232,2024-09-19,referral,2,5,0,0,5
2763,232,2024-09-19,referral,3,5,0,0,5
2763,232,2024-09-19,google_ads,4,5,0,0,12
2763,232,2024-09-19,facebook_ads,5,5,0,0,8
2764,1478,2024-05-13,referral,1,2,1,499,5
2764,1478,2024-05-13,referral,2,2,1,499,5
2765,578,2024-08-25,direct,1,5,1,99,0
2765,578,2024-08-25,organic_search,2,5,1,99,0
2765,578,2024-08-25,referral,3,5,1,99,5
2765,578,2024-08-25,referral,4,5,1,99,5
2765,578,2024-08-25,direct,5,5,1,99,0
2766,491,2024-02-03,google_ads,1,6,0,0,12
2766,491,2024-02-03,referral,2,6,0,0,5
2766,491,2024-02-03,email,3,6,0,0,1
2766,491,2024-02-03,facebook_ads,4,6,0,0,8
2766,491,2024-02-03,google_ads,5,6,0,0,12
2766,491,2024-02-03,organic_search,6,6,0,0,0
2767,357,2024-03-12,google_ads,1,1,0,0,12
2768,921,2024-04-01,email,1,6,0,0,1
2768,921,2024-04-01,facebook_ads,2,6,0,0,8
2768,921,2024-04-01,facebook_ads,3,6,0,0,8
2768,921,2024-04-01,email,4,6,0,0,1
2768,921,2024-04-01,facebook_ads,5,6,0,0,8
2768,921,2024-04-01,referral,6,6,0,0,5
2769,731,2024-01-03,google_ads,1,1,0,0,12
2770,959,2024-07-20,organic_search,1,1,0,0,0
2771,1980,2024-06-15,facebook_ads,1,2,0,0,8
2771,1980,2024-06-15,referral,2,2,0,0,5
2772,1751,2024-07-09,email,1,1,0,0,1
2773,1905,2024-02-27,organic_search,1,2,1,49,0
2773,1905,2024-02-27,direct,2,2,1,49,0
2774,1948,2024-02-27,google_ads,1,2,0,0,12
2774,1948,2024-02-27,email,2,2,0,0,1
2775,551,2024-07-15,direct,1,4,0,0,0
2775,551,2024-07-15,organic_search,2,4,0,0,0
2775,551,2024-07-15,facebook_ads,3,4,0,0,8
2775,551,2024-07-15,direct,4,4,0,0,0
2776,1039,2024-07-26,referral,1,5,0,0,5
2776,1039,2024-07-26,organic_search,2,5,0,0,0
2776,1039,2024-07-26,facebook_ads,3,5,0,0,8
2776,1039,2024-07-26,facebook_ads,4,5,0,0,8
2776,1039,2024-07-26,organic_search,5,5,0,0,0
2777,737,2024-01-12,direct,1,5,0,0,0
2777,737,2024-01-12,organic_search,2,5,0,0,0
2777,737,2024-01-12,organic_search,3,5,0,0,0
2777,737,2024-01-12,organic_search,4,5,0,0,0
2777,737,2024-01-12,facebook_ads,5,5,0,0,8
2778,3,2024-02-09,direct,1,4,0,0,0
2778,3,2024-02-09,organic_search,2,4,0,0,0
2778,3,2024-02-09,google_ads,3,4,0,0,12
2778,3,2024-02-09,email,4,4,0,0,1
2779,43,2024-02-20,direct,1,6,0,0,0
2779,43,2024-02-20,organic_search,2,6,0,0,0
2779,43,2024-02-20,referral,3,6,0,0,5
2779,43,2024-02-20,google_ads,4,6,0,0,12
2779,43,2024-02-20,email,5,6,0,0,1
2779,43,2024-02-20,email,6,6,0,0,1
2780,1158,2024-04-21,direct,1,2,0,0,0
2780,1158,2024-04-21,organic_search,2,2,0,0,0
2781,799,2024-04-14,referral,1,6,0,0,5
2781,799,2024-04-14,google_ads,2,6,0,0,12
2781,799,2024-04-14,organic_search,3,6,0,0,0
2781,799,2024-04-14,facebook_ads,4,6,0,0,8
2781,799,2024-04-14,referral,5,6,0,0,5
2781,799,2024-04-14,direct,6,6,0,0,0
2782,625,2024-07-15,organic_search,1,2,1,49,0
2782,625,2024-07-15,facebook_ads,2,2,1,49,8
2783,1578,2024-07-09,email,1,5,0,0,1
2783,1578,2024-07-09,referral,2,5,0,0,5
2783,1578,2024-07-09,facebook_ads,3,5,0,0,8
2783,1578,2024-07-09,email,4,5,0,0,1
2783,1578,2024-07-09,google_ads,5,5,0,0,12
2784,885,2024-01-17,referral,1,3,0,0,5
2784,885,2024-01-17,google_ads,2,3,0,0,12
2784,885,2024-01-17,google_ads,3,3,0,0,12
2785,1404,2024-08-18,direct,1,1,0,0,0
2786,178,2024-09-03,email,1,6,0,0,1
2786,178,2024-09-03,facebook_ads,2,6,0,0,8
2786,178,2024-09-03,referral,3,6,0,0,5
2786,178,2024-09-03,email,4,6,0,0,1
2786,178,2024-09-03,email,5,6,0,0,1
2786,178,2024-09-03,organic_search,6,6,0,0,0
2787,751,2024-03-26,email,1,5,0,0,1
2787,751,2024-03-26,google_ads,2,5,0,0,12
2787,751,2024-03-26,email,3,5,0,0,1
2787,751,2024-03-26,organic_search,4,5,0,0,0
2787,751,2024-03-26,facebook_ads,5,5,0,0,8
2788,1543,2024-04-08,organic_search,1,2,0,0,0
2788,1543,2024-04-08,facebook_ads,2,2,0,0,8
2789,1358,2024-07-13,email,1,5,0,0,1
2789,1358,2024-07-13,referral,2,5,0,0,5
2789,1358,2024-07-13,facebook_ads,3,5,0,0,8
2789,1358,2024-07-13,facebook_ads,4,5,0,0,8
2789,1358,2024-07-13,direct,5,5,0,0,0
2790,1935,2024-08-19,google_ads,1,5,0,0,12
2790,1935,2024-08-19,direct,2,5,0,0,0
2790,1935,2024-08-19,email,3,5,0,0,1
2790,1935,2024-08-19,email,4,5,0,0,1
2790,1935,2024-08-19,google_ads,5,5,0,0,12
2791,1151,2024-06-21,google_ads,1,3,0,0,12
2791,1151,2024-06-21,organic_search,2,3,0,0,0
2791,1151,2024-06-21,organic_search,3,3,0,0,0
2792,876,2024-03-20,direct,1,2,0,0,0
2792,876,2024-03-20,facebook_ads,2,2,0,0,8
2793,873,2024-05-10,organic_search,1,6,0,0,0
2793,873,2024-05-10,google_ads,2,6,0,0,12
2793,873,2024-05-10,referral,3,6,0,0,5
2793,873,2024-05-10,google_ads,4,6,0,0,12
2793,873,2024-05-10,google_ads,5,6,0,0,12
2793,873,2024-05-10,direct,6,6,0,0,0
2794,1737,2024-03-24,email,1,4,0,0,1
2794,1737,2024-03-24,organic_search,2,4,0,0,0
2794,1737,2024-03-24,facebook_ads,3,4,0,0,8
2794,1737,2024-03-24,direct,4,4,0,0,0
2795,1354,2024-03-18,referral,1,2,0,0,5
2795,1354,2024-03-18,facebook_ads,2,2,0,0,8
2796,1848,2024-02-13,email,1,6,0,0,1
2796,1848,2024-02-13,facebook_ads,2,6,0,0,8
2796,1848,2024-02-13,referral,3,6,0,0,5
2796,1848,2024-02-13,google_ads,4,6,0,0,12
2796,1848,2024-02-13,referral,5,6,0,0,5
2796,1848,2024-02-13,referral,6,6,0,0,5
2797,680,2024-07-01,organic_search,1,3,0,0,0
2797,680,2024-07-01,direct,2,3,0,0,0
2797,680,2024-07-01,email,3,3,0,0,1
2798,885,2024-06-06,direct,1,6,0,0,0
2798,885,2024-06-06,google_ads,2,6,0,0,12
2798,885,2024-06-06,email,3,6,0,0,1
2798,885,2024-06-06,email,4,6,0,0,1
2798,885,2024-06-06,referral,5,6,0,0,5
2798,885,2024-06-06,email,6,6,0,0,1
2799,1631,2024-03-01,organic_search,1,1,0,0,0
2800,589,2024-02-16,referral,1,2,0,0,5
2800,589,2024-02-16,direct,2,2,0,0,0
2801,556,2024-07-06,google_ads,1,1,0,0,12
2802,1500,2024-01-05,email,1,4,1,49,1
2802,1500,2024-01-05,referral,2,4,1,49,5
2802,1500,2024-01-05,direct,3,4,1,49,0
2802,1500,2024-01-05,direct,4,4,1,49,0
2803,63,2024-03-13,organic_search,1,2,0,0,0
2803,63,2024-03-13,google_ads,2,2,0,0,12
2804,38,2024-01-25,google_ads,1,1,0,0,12
2805,862,2024-07-10,referral,1,2,0,0,5
2805,862,2024-07-10,direct,2,2,0,0,0
2806,459,2024-09-05,direct,1,6,0,0,0
2806,459,2024-09-05,referral,2,6,0,0,5
2806,459,2024-09-05,direct,3,6,0,0,0
2806,459,2024-09-05,facebook_ads,4,6,0,0,8
2806,459,2024-09-05,email,5,6,0,0,1
2806,459,2024-09-05,organic_search,6,6,0,0,0
2807,1167,2024-05-25,referral,1,3,0,0,5
2807,1167,2024-05-25,direct,2,3,0,0,0
2807,1167,2024-05-25,direct,3,3,0,0,0
2808,1022,2024-08-31,organic_search,1,5,0,0,0
2808,1022,2024-08-31,google_ads,2,5,0,0,12
2808,1022,2024-08-31,referral,3,5,0,0,5
2808,1022,2024-08-31,referral,4,5,0,0,5
2808,1022,2024-08-31,referral,5,5,0,0,5
2809,992,2024-03-24,organic_search,1,4,0,0,0
2809,992,2024-03-24,direct,2,4,0,0,0
2809,992,2024-03-24,organic_search,3,4,0,0,0
2809,992,2024-03-24,google_ads,4,4,0,0,12
2810,635,2024-08-22,direct,1,5,0,0,0
2810,635,2024-08-22,email,2,5,0,0,1
2810,635,2024-08-22,google_ads,3,5,0,0,12
2810,635,2024-08-22,direct,4,5,0,0,0
2810,635,2024-08-22,direct,5,5,0,0,0
2811,1771,2024-01-17,organic_search,1,6,0,0,0
2811,1771,2024-01-17,direct,2,6,0,0,0
2811,1771,2024-01-17,referral,3,6,0,0,5
2811,1771,2024-01-17,google_ads,4,6,0,0,12
2811,1771,2024-01-17,direct,5,6,0,0,0
2811,1771,2024-01-17,organic_search,6,6,0,0,0
2812,1120,2024-02-05,referral,1,3,0,0,5
2812,1120,2024-02-05,organic_search,2,3,0,0,0
2812,1120,2024-02-05,organic_search,3,3,0,0,0
2813,1331,2024-07-09,facebook_ads,1,6,0,0,8
2813,1331,2024-07-09,organic_search,2,6,0,0,0
2813,1331,2024-07-09,facebook_ads,3,6,0,0,8
2813,1331,2024-07-09,email,4,6,0,0,1
2813,1331,2024-07-09,referral,5,6,0,0,5
2813,1331,2024-07-09,google_ads,6,6,0,0,12
2814,1323,2024-02-08,facebook_ads,1,6,0,0,8
2814,1323,2024-02-08,facebook_ads,2,6,0,0,8
2814,1323,2024-02-08,facebook_ads,3,6,0,0,8
2814,1323,2024-02-08,referral,4,6,0,0,5
2814,1323,2024-02-08,organic_search,5,6,0,0,0
2814,1323,2024-02-08,facebook_ads,6,6,0,0,8
2815,1295,2024-04-13,email,1,1,1,99,1
2816,677,2024-06-17,referral,1,4,0,0,5
2816,677,2024-06-17,facebook_ads,2,4,0,0,8
2816,677,2024-06-17,google_ads,3,4,0,0,12
2816,677,2024-06-17,google_ads,4,4,0,0,12
2817,1896,2024-06-14,referral,1,2,0,0,5
2817,1896,2024-06-14,google_ads,2,2,0,0,12
2818,399,2024-03-07,referral,1,2,1,49,5
2818,399,2024-03-07,direct,2,2,1,49,0
2819,727,2024-06-23,organic_search,1,5,0,0,0
2819,727,2024-06-23,email,2,5,0,0,1
2819,727,2024-06-23,organic_search,3,5,0,0,0
2819,727,2024-06-23,direct,4,5,0,0,0
2819,727,2024-06-23,email,5,5,0,0,1
2820,1897,2024-03-23,facebook_ads,1,4,0,0,8
2820,1897,2024-03-23,direct,2,4,0,0,0
2820,1897,2024-03-23,email,3,4,0,0,1
2820,1897,2024-03-23,email,4,4,0,0,1
2821,1100,2024-02-13,direct,1,1,0,0,0
2822,1369,2024-09-17,google_ads,1,2,0,0,12
2822,1369,2024-09-17,facebook_ads,2,2,0,0,8
2823,1026,2024-03-28,referral,1,4,1,149,5
2823,1026,2024-03-28,referral,2,4,1,149,5
2823,1026,2024-03-28,organic_search,3,4,1,149,0
2823,1026,2024-03-28,organic_search,4,4,1,149,0
2824,431,2024-08-27,organic_search,1,3,0,0,0
2824,431,2024-08-27,google_ads,2,3,0,0,12
2824,431,2024-08-27,facebook_ads,3,3,0,0,8
2825,690,2024-03-20,organic_search,1,5,1,299,0
2825,690,2024-03-20,email,2,5,1,299,1
2825,690,2024-03-20,direct,3,5,1,299,0
2825,690,2024-03-20,google_ads,4,5,1,299,12
2825,690,2024-03-20,referral,5,5,1,299,5
2826,1341,2024-04-20,referral,1,5,0,0,5
2826,1341,2024-04-20,organic_search,2,5,0,0,0
2826,1341,2024-04-20,google_ads,3,5,0,0,12
2826,1341,2024-04-20,email,4,5,0,0,1
2826,1341,2024-04-20,referral,5,5,0,0,5
2827,499,2024-03-02,organic_search,1,4,0,0,0
2827,499,2024-03-02,organic_search,2,4,0,0,0
2827,499,2024-03-02,google_ads,3,4,0,0,12
2827,499,2024-03-02,organic_search,4,4,0,0,0
2828,668,2024-01-02,organic_search,1,1,0,0,0
2829,1490,2024-07-25,google_ads,1,1,0,0,12
2830,1242,2024-09-02,direct,1,6,0,0,0
2830,1242,2024-09-02,email,2,6,0,0,1
2830,1242,2024-09-02,referral,3,6,0,0,5
2830,1242,2024-09-02,direct,4,6,0,0,0
2830,1242,2024-09-02,direct,5,6,0,0,0
2830,1242,2024-09-02,google_ads,6,6,0,0,12
2831,1483,2024-06-27,organic_search,1,1,0,0,0
2832,1347,2024-02-29,referral,1,3,0,0,5
2832,1347,2024-02-29,email,2,3,0,0,1
2832,1347,2024-02-29,referral,3,3,0,0,5
2833,1569,2024-09-01,email,1,5,0,0,1
2833,1569,2024-09-01,email,2,5,0,0,1
2833,1569,2024-09-01,organic_search,3,5,0,0,0
2833,1569,2024-09-01,organic_search,4,5,0,0,0
2833,1569,2024-09-01,facebook_ads,5,5,0,0,8
2834,1028,2024-01-24,organic_search,1,6,0,0,0
2834,1028,2024-01-24,facebook_ads,2,6,0,0,8
2834,1028,2024-01-24,email,3,6,0,0,1
2834,1028,2024-01-24,facebook_ads,4,6,0,0,8
2834,1028,2024-01-24,referral,5,6,0,0,5
2834,1028,2024-01-24,direct,6,6,0,0,0
2835,1104,2024-07-14,google_ads,1,6,0,0,12
2835,1104,2024-07-14,direct,2,6,0,0,0
2835,1104,2024-07-14,referral,3,6,0,0,5
2835,1104,2024-07-14,referral,4,6,0,0,5
2835,1104,2024-07-14,facebook_ads,5,6,0,0,8
2835,1104,2024-07-14,organic_search,6,6,0,0,0
2836,1463,2024-06-08,google_ads,1,1,0,0,12
2837,1432,2024-01-27,referral,1,5,0,0,5
2837,1432,2024-01-27,facebook_ads,2,5,0,0,8
2837,1432,2024-01-27,google_ads,3,5,0,0,12
2837,1432,2024-01-27,email,4,5,0,0,1
2837,1432,2024-01-27,referral,5,5,0,0,5
2838,1634,2024-08-21,google_ads,1,6,1,99,12
2838,1634,2024-08-21,email,2,6,1,99,1
2838,1634,2024-08-21,referral,3,6,1,99,5
2838,1634,2024-08-21,facebook_ads,4,6,1,99,8
2838,1634,2024-08-21,referral,5,6,1,99,5
2838,1634,2024-08-21,facebook_ads,6,6,1,99,8
2839,1244,2024-05-05,facebook_ads,1,3,1,149,8
2839,1244,2024-05-05,organic_search,2,3,1,149,0
2839,1244,2024-05-05,email,3,3,1,149,1
2840,277,2024-09-13,direct,1,6,0,0,0
2840,277,2024-09-13,email,2,6,0,0,1
2840,277,2024-09-13,facebook_ads,3,6,0,0,8
2840,277,2024-09-13,email,4,6,0,0,1
2840,277,2024-09-13,facebook_ads,5,6,0,0,8
2840,277,2024-09-13,google_ads,6,6,0,0,12
2841,702,2024-06-29,facebook_ads,1,2,0,0,8
2841,702,2024-06-29,direct,2,2,0,0,0
2842,1837,2024-09-16,email,1,3,0,0,1
2842,1837,2024-09-16,email,2,3,0,0,1
2842,1837,2024-09-16,organic_search,3,3,0,0,0
2843,942,2024-05-12,organic_search,1,4,0,0,0
2843,942,2024-05-12,referral,2,4,0,0,5
2843,942,2024-05-12,google_ads,3,4,0,0,12
2843,942,2024-05-12,organic_search,4,4,0,0,0
2844,196,2024-04-06,direct,1,6,0,0,0
2844,196,2024-04-06,referral,2,6,0,0,5
2844,196,2024-04-06,referral,3,6,0,0,5
2844,196,2024-04-06,organic_search,4,6,0,0,0
2844,196,2024-04-06,direct,5,6,0,0,0
2844,196,2024-04-06,organic_search,6,6,0,0,0
2845,1844,2024-07-30,google_ads,1,5,0,0,12
2845,1844,2024-07-30,referral,2,5,0,0,5
2845,1844,2024-07-30,organic_search,3,5,0,0,0
2845,1844,2024-07-30,email,4,5,0,0,1
2845,1844,2024-07-30,google_ads,5,5,0,0,12
2846,80,2024-07-15,google_ads,1,4,0,0,12
2846,80,2024-07-15,referral,2,4,0,0,5
2846,80,2024-07-15,referral,3,4,0,0,5
2846,80,2024-07-15,direct,4,4,0,0,0
2847,1489,2024-05-30,organic_search,1,6,0,0,0
2847,1489,2024-05-30,facebook_ads,2,6,0,0,8
2847,1489,2024-05-30,facebook_ads,3,6,0,0,8
2847,1489,2024-05-30,facebook_ads,4,6,0,0,8
2847,1489,2024-05-30,email,5,6,0,0,1
2847,1489,2024-05-30,referral,6,6,0,0,5
2848,1147,2024-01-24,google_ads,1,4,1,49,12
2848,1147,2024-01-24,email,2,4,1,49,1
2848,1147,2024-01-24,organic_search,3,4,1,49,0
2848,1147,2024-01-24,direct,4,4,1,49,0
2849,897,2024-05-03,google_ads,1,4,1,299,12
2849,897,2024-05-03,organic_search,2,4,1,299,0
2849,897,2024-05-03,referral,3,4,1,299,5
2849,897,2024-05-03,direct,4,4,1,299,0
2850,1356,2024-01-12,facebook_ads,1,1,0,0,8
2851,445,2024-01-02,facebook_ads,1,2,0,0,8
2851,445,2024-01-02,email,2,2,0,0,1
2852,1814,2024-01-19,organic_search,1,3,0,0,0
2852,1814,2024-01-19,facebook_ads,2,3,0,0,8
2852,1814,2024-01-19,email,3,3,0,0,1
2853,98,2024-08-28,google_ads,1,3,0,0,12
2853,98,2024-08-28,facebook_ads,2,3,0,0,8
2853,98,2024-08-28,direct,3,3,0,0,0
2854,1966,2024-07-11,google_ads,1,2,0,0,12
2854,1966,2024-07-11,direct,2,2,0,0,0
2855,390,2024-06-02,referral,1,4,0,0,5
2855,390,2024-06-02,facebook_ads,2,4,0,0,8
2855,390,2024-06-02,google_ads,3,4,0,0,12
2855,390,2024-06-02,referral,4,4,0,0,5
2856,70,2024-07-10,referral,1,6,1,499,5
2856,70,2024-07-10,referral,2,6,1,499,5
2856,70,2024-07-10,organic_search,3,6,1,499,0
2856,70,2024-07-10,direct,4,6,1,499,0
2856,70,2024-07-10,email,5,6,1,499,1
2856,70,2024-07-10,organic_search,6,6,1,499,0
2857,1196,2024-06-11,facebook_ads,1,2,0,0,8
2857,1196,2024-06-11,direct,2,2,0,0,0
2858,1272,2024-01-17,email,1,1,0,0,1
2859,287,2024-09-05,referral,1,5,0,0,5
2859,287,2024-09-05,email,2,5,0,0,1
2859,287,2024-09-05,organic_search,3,5,0,0,0
2859,287,2024-09-05,referral,4,5,0,0,5
2859,287,2024-09-05,email,5,5,0,0,1
2860,171,2024-03-01,referral,1,5,1,299,5
2860,171,2024-03-01,facebook_ads,2,5,1,299,8
2860,171,2024-03-01,organic_search,3,5,1,299,0
2860,171,2024-03-01,direct,4,5,1,299,0
2860,171,2024-03-01,referral,5,5,1,299,5
2861,138,2024-06-14,direct,1,4,0,0,0
2861,138,2024-06-14,facebook_ads,2,4,0,0,8
2861,138,2024-06-14,email,3,4,0,0,1
2861,138,2024-06-14,direct,4,4,0,0,0
2862,1341,2024-04-19,email,1,6,0,0,1
2862,1341,2024-04-19,email,2,6,0,0,1
2862,1341,2024-04-19,organic_search,3,6,0,0,0
2862,1341,2024-04-19,google_ads,4,6,0,0,12
2862,1341,2024-04-19,google_ads,5,6,0,0,12
2862,1341,2024-04-19,email,6,6,0,0,1
2863,909,2024-08-29,email,1,1,1,49,1
2864,184,2024-02-10,referral,1,4,0,0,5
2864,184,2024-02-10,facebook_ads,2,4,0,0,8
2864,184,2024-02-10,organic_search,3,4,0,0,0
2864,184,2024-02-10,organic_search,4,4,0,0,0
2865,1641,2024-02-15,facebook_ads,1,6,0,0,8
2865,1641,2024-02-15,facebook_ads,2,6,0,0,8
2865,1641,2024-02-15,google_ads,3,6,0,0,12
2865,1641,2024-02-15,direct,4,6,0,0,0
2865,1641,2024-02-15,facebook_ads,5,6,0,0,8
2865,1641,2024-02-15,google_ads,6,6,0,0,12
2866,1621,2024-06-16,direct,1,2,0,0,0
2866,1621,2024-06-16,email,2,2,0,0,1
2867,811,2024-05-06,referral,1,6,0,0,5
2867,811,2024-05-06,referral,2,6,0,0,5
2867,811,2024-05-06,referral,3,6,0,0,5
2867,811,2024-05-06,referral,4,6,0,0,5
2867,811,2024-05-06,email,5,6,0,0,1
2867,811,2024-05-06,organic_search,6,6,0,0,0
2868,442,2024-01-11,facebook_ads,1,5,1,149,8
2868,442,2024-01-11,email,2,5,1,149,1
2868,442,2024-01-11,referral,3,5,1,149,5
2868,442,2024-01-11,direct,4,5,1,149,0
2868,442,2024-01-11,referral,5,5,1,149,5
2869,1176,2024-01-21,email,1,1,0,0,1
2870,188,2024-04-13,direct,1,6,0,0,0
2870,188,2024-04-13,referral,2,6,0,0,5
2870,188,2024-04-13,facebook_ads,3,6,0,0,8
2870,188,2024-04-13,direct,4,6,0,0,0
2870,188,2024-04-13,email,5,6,0,0,1
2870,188,2024-04-13,organic_search,6,6,0,0,0
2871,1146,2024-04-11,organic_search,1,6,0,0,0
2871,1146,2024-04-11,referral,2,6,0,0,5
2871,1146,2024-04-11,google_ads,3,6,0,0,12
2871,1146,2024-04-11,organic_search,4,6,0,0,0
2871,1146,2024-04-11,facebook_ads,5,6,0,0,8
2871,1146,2024-04-11,organic_search,6,6,0,0,0
2872,497,2024-02-17,organic_search,1,2,0,0,0
2872,497,2024-02-17,organic_search,2,2,0,0,0
2873,738,2024-08-06,referral,1,3,0,0,5
2873,738,2024-08-06,email,2,3,0,0,1
2873,738,2024-08-06,google_ads,3,3,0,0,12
2874,166,2024-06-13,referral,1,5,0,0,5
2874,166,2024-06-13,referral,2,5,0,0,5
2874,166,2024-06-13,referral,3,5,0,0,5
2874,166,2024-06-13,referral,4,5,0,0,5
2874,166,2024-06-13,direct,5,5,0,0,0
2875,1224,2024-02-12,referral,1,5,0,0,5
2875,1224,2024-02-12,google_ads,2,5,0,0,12
2875,1224,2024-02-12,facebook_ads,3,5,0,0,8
2875,1224,2024-02-12,direct,4,5,0,0,0
2875,1224,2024-02-12,referral,5,5,0,0,5
2876,1064,2024-02-14,organic_search,1,4,0,0,0
2876,1064,2024-02-14,facebook_ads,2,4,0,0,8
2876,1064,2024-02-14,facebook_ads,3,4,0,0,8
2876,1064,2024-02-14,facebook_ads,4,4,0,0,8
2877,679,2024-08-14,google_ads,1,3,0,0,12
2877,679,2024-08-14,direct,2,3,0,0,0
2877,679,2024-08-14,direct,3,3,0,0,0
2878,1611,2024-08-10,direct,1,5,0,0,0
2878,1611,2024-08-10,email,2,5,0,0,1
2878,1611,2024-08-10,referral,3,5,0,0,5
2878,1611,2024-08-10,google_ads,4,5,0,0,12
2878,1611,2024-08-10,facebook_ads,5,5,0,0,8
2879,1451,2024-07-05,direct,1,1,0,0,0
2880,1686,2024-09-11,email,1,6,0,0,1
2880,1686,2024-09-11,google_ads,2,6,0,0,12
2880,1686,2024-09-11,google_ads,3,6,0,0,12
2880,1686,2024-09-11,organic_search,4,6,0,0,0
2880,1686,2024-09-11,google_ads,5,6,0,0,12
2880,1686,2024-09-11,google_ads,6,6,0,0,12
2881,528,2024-04-24,organic_search,1,4,1,499,0
2881,528,2024-04-24,referral,2,4,1,499,5
2881,528,2024-04-24,google_ads,3,4,1,499,12
2881,528,2024-04-24,direct,4,4,1,499,0
2882,1342,2024-06-02,direct,1,2,0,0,0
2882,1342,2024-06-02,facebook_ads,2,2,0,0,8
2883,1471,2024-07-12,organic_search,1,1,0,0,0
2884,922,2024-03-24,facebook_ads,1,3,0,0,8
2884,922,2024-03-24,email,2,3,0,0,1
2884,922,2024-03-24,google_ads,3,3,0,0,12
2885,232,2024-09-09,organic_search,1,4,0,0,0
2885,232,2024-09-09,google_ads,2,4,0,0,12
2885,232,2024-09-09,email,3,4,0,0,1
2885,232,2024-09-09,organic_search,4,4,0,0,0
2886,1163,2024-01-05,direct,1,4,0,0,0
2886,1163,2024-01-05,facebook_ads,2,4,0,0,8
2886,1163,2024-01-05,email,3,4,0,0,1
2886,1163,2024-01-05,direct,4,4,0,0,0
2887,760,2024-08-24,email,1,3,0,0,1
2887,760,2024-08-24,email,2,3,0,0,1
2887,760,2024-08-24,direct,3,3,0,0,0
2888,782,2024-07-19,google_ads,1,2,0,0,12
2888,782,2024-07-19,facebook_ads,2,2,0,0,8
2889,466,2024-07-09,google_ads,1,1,0,0,12
2890,1634,2024-08-21,direct,1,1,1,499,0
2891,549,2024-08-28,direct,1,6,0,0,0
2891,549,2024-08-28,facebook_ads,2,6,0,0,8
2891,549,2024-08-28,facebook_ads,3,6,0,0,8
2891,549,2024-08-28,google_ads,4,6,0,0,12
2891,549,2024-08-28,organic_search,5,6,0,0,0
2891,549,2024-08-28,google_ads,6,6,0,0,12
2892,1728,2024-02-01,direct,1,1,0,0,0
2893,354,2024-07-01,referral,1,1,1,49,5
2894,720,2024-02-08,direct,1,6,0,0,0
2894,720,2024-02-08,direct,2,6,0,0,0
2894,720,2024-02-08,direct,3,6,0,0,0
2894,720,2024-02-08,google_ads,4,6,0,0,12
2894,720,2024-02-08,organic_search,5,6,0,0,0
2894,720,2024-02-08,google_ads,6,6,0,0,12
2895,1144,2024-08-23,organic_search,1,1,0,0,0
2896,1599,2024-07-01,organic_search,1,6,1,99,0
2896,1599,2024-07-01,organic_search,2,6,1,99,0
2896,1599,2024-07-01,direct,3,6,1,99,0
2896,1599,2024-07-01,google_ads,4,6,1,99,12
2896,1599,2024-07-01,direct,5,6,1,99,0
2896,1599,2024-07-01,organic_search,6,6,1,99,0
2897,114,2024-08-09,email,1,5,0,0,1
2897,114,2024-08-09,email,2,5,0,0,1
2897,114,2024-08-09,referral,3,5,0,0,5
2897,114,2024-08-09,referral,4,5,0,0,5
2897,114,2024-08-09,email,5,5,0,0,1
2898,228,2024-08-16,direct,1,3,0,0,0
2898,228,2024-08-16,google_ads,2,3,0,0,12
2898,228,2024-08-16,google_ads,3,3,0,0,12
2899,500,2024-09-27,direct,1,5,0,0,0
2899,500,2024-09-27,facebook_ads,2,5,0,0,8
2899,500,2024-09-27,referral,3,5,0,0,5
2899,500,2024-09-27,email,4,5,0,0,1
2899,500,2024-09-27,direct,5,5,0,0,0
2900,1543,2024-06-16,referral,1,3,1,149,5
2900,1543,2024-06-16,google_ads,2,3,1,149,12
2900,1543,2024-06-16,google_ads,3,3,1,149,12
2901,1137,2024-09-11,direct,1,5,0,0,0
2901,1137,2024-09-11,google_ads,2,5,0,0,12
2901,1137,2024-09-11,google_ads,3,5,0,0,12
2901,1137,2024-09-11,google_ads,4,5,0,0,12
2901,1137,2024-09-11,referral,5,5,0,0,5
2902,312,2024-01-12,direct,1,4,0,0,0
2902,312,2024-01-12,google_ads,2,4,0,0,12
2902,312,2024-01-12,email,3,4,0,0,1
2902,312,2024-01-12,google_ads,4,4,0,0,12
2903,720,2024-04-01,facebook_ads,1,2,0,0,8
2903,720,2024-04-01,direct,2,2,0,0,0
2904,1757,2024-01-24,email,1,4,0,0,1
2904,1757,2024-01-24,referral,2,4,0,0,5
2904,1757,2024-01-24,direct,3,4,0,0,0
2904,1757,2024-01-24,google_ads,4,4,0,0,12
2905,516,2024-01-26,direct,1,2,0,0,0
2905,516,2024-01-26,google_ads,2,2,0,0,12
2906,1665,2024-01-26,google_ads,1,2,0,0,12
2906,1665,2024-01-26,organic_search,2,2,0,0,0
2907,833,2024-07-08,email,1,6,0,0,1
2907,833,2024-07-08,direct,2,6,0,0,0
2907,833,2024-07-08,organic_search,3,6,0,0,0
2907,833,2024-07-08,referral,4,6,0,0,5
2907,833,2024-07-08,facebook_ads,5,6,0,0,8
2907,833,2024-07-08,facebook_ads,6,6,0,0,8
2908,355,2024-06-05,facebook_ads,1,4,0,0,8
2908,355,2024-06-05,email,2,4,0,0,1
2908,355,2024-06-05,organic_search,3,4,0,0,0
2908,355,2024-06-05,google_ads,4,4,0,0,12
2909,711,2024-04-07,organic_search,1,2,0,0,0
2909,711,2024-04-07,google_ads,2,2,0,0,12
2910,573,2024-03-31,facebook_ads,1,2,1,49,8
2910,573,2024-03-31,referral,2,2,1,49,5
2911,1070,2024-07-14,direct,1,6,0,0,0
2911,1070,2024-07-14,referral,2,6,0,0,5
2911,1070,2024-07-14,google_ads,3,6,0,0,12
2911,1070,2024-07-14,direct,4,6,0,0,0
2911,1070,2024-07-14,facebook_ads,5,6,0,0,8
2911,1070,2024-07-14,direct,6,6,0,0,0
2912,316,2024-05-11,organic_search,1,4,0,0,0
2912,316,2024-05-11,google_ads,2,4,0,0,12
2912,316,2024-05-11,referral,3,4,0,0,5
2912,316,2024-05-11,google_ads,4,4,0,0,12
2913,751,2024-02-07,organic_search,1,3,0,0,0
2913,751,2024-02-07,referral,2,3,0,0,5
2913,751,2024-02-07,referral,3,3,0,0,5
2914,573,2024-03-10,facebook_ads,1,5,0,0,8
2914,573,2024-03-10,organic_search,2,5,0,0,0
2914,573,2024-03-10,email,3,5,0,0,1
2914,573,2024-03-10,facebook_ads,4,5,0,0,8
2914,573,2024-03-10,facebook_ads,5,5,0,0,8
2915,1968,2024-08-31,email,1,4,0,0,1
2915,1968,2024-08-31,direct,2,4,0,0,0
2915,1968,2024-08-31,organic_search,3,4,0,0,0
2915,1968,2024-08-31,email,4,4,0,0,1
2916,753,2024-03-14,google_ads,1,2,1,499,12
2916,753,2024-03-14,organic_search,2,2,1,499,0
2917,757,2024-01-01,organic_search,1,2,0,0,0
2917,757,2024-01-01,referral,2,2,0,0,5
2918,1723,2024-09-08,facebook_ads,1,5,1,149,8
2918,1723,2024-09-08,facebook_ads,2,5,1,149,8
2918,1723,2024-09-08,organic_search,3,5,1,149,0
2918,1723,2024-09-08,facebook_ads,4,5,1,149,8
2918,1723,2024-09-08,direct,5,5,1,149,0
2919,190,2024-03-11,direct,1,1,0,0,0
2920,183,2024-06-16,referral,1,5,0,0,5
2920,183,2024-06-16,facebook_ads,2,5,0,0,8
2920,183,2024-06-16,direct,3,5,0,0,0
2920,183,2024-06-16,email,4,5,0,0,1
2920,183,2024-06-16,organic_search,5,5,0,0,0
2921,569,2024-01-09,organic_search,1,1,0,0,0
2922,1486,2024-08-15,facebook_ads,1,4,0,0,8
2922,1486,2024-08-15,organic_search,2,4,0,0,0
2922,1486,2024-08-15,facebook_ads,3,4,0,0,8
2922,1486,2024-08-15,google_ads,4,4,0,0,12
2923,275,2024-01-27,email,1,2,0,0,1
2923,275,2024-01-27,facebook_ads,2,2,0,0,8
2924,713,2024-02-12,direct,1,4,0,0,0
2924,713,2024-02-12,facebook_ads,2,4,0,0,8
2924,713,2024-02-12,google_ads,3,4,0,0,12
2924,713,2024-02-12,organic_search,4,4,0,0,0
2925,1366,2024-01-03,email,1,5,0,0,1
2925,1366,2024-01-03,facebook_ads,2,5,0,0,8
2925,1366,2024-01-03,google_ads,3,5,0,0,12
2925,1366,2024-01-03,email,4,5,0,0,1
2925,1366,2024-01-03,google_ads,5,5,0,0,12
2926,1759,2024-05-17,organic_search,1,3,0,0,0
2926,1759,2024-05-17,google_ads,2,3,0,0,12
2926,1759,2024-05-17,google_ads,3,3,0,0,12
2927,1376,2024-02-08,facebook_ads,1,3,1,299,8
2927,1376,2024-02-08,email,2,3,1,299,1
2927,1376,2024-02-08,direct,3,3,1,299,0
2928,117,2024-02-28,email,1,5,0,0,1
2928,117,2024-02-28,direct,2,5,0,0,0
2928,117,2024-02-28,referral,3,5,0,0,5
2928,117,2024-02-28,facebook_ads,4,5,0,0,8
2928,117,2024-02-28,organic_search,5,5,0,0,0
2929,570,2024-01-10,email,1,3,0,0,1
2929,570,2024-01-10,facebook_ads,2,3,0,0,8
2929,570,2024-01-10,email,3,3,0,0,1
2930,55,2024-05-31,organic_search,1,5,0,0,0
2930,55,2024-05-31,email,2,5,0,0,1
2930,55,2024-05-31,google_ads,3,5,0,0,12
2930,55,2024-05-31,facebook_ads,4,5,0,0,8
2930,55,2024-05-31,email,5,5,0,0,1
2931,649,2024-01-17,google_ads,1,3,1,49,12
2931,649,2024-01-17,google_ads,2,3,1,49,12
2931,649,2024-01-17,referral,3,3,1,49,5
2932,61,2024-02-20,email,1,3,1,49,1
2932,61,2024-02-20,email,2,3,1,49,1
2932,61,2024-02-20,google_ads,3,3,1,49,12
2933,1254,2024-05-21,organic_search,1,1,0,0,0
2934,1424,2024-01-01,direct,1,6,0,0,0
2934,1424,2024-01-01,direct,2,6,0,0,0
2934,1424,2024-01-01,google_ads,3,6,0,0,12
2934,1424,2024-01-01,organic_search,4,6,0,0,0
2934,1424,2024-01-01,referral,5,6,0,0,5
2934,1424,2024-01-01,facebook_ads,6,6,0,0,8
2935,224,2024-08-13,facebook_ads,1,5,0,0,8
2935,224,2024-08-13,direct,2,5,0,0,0
2935,224,2024-08-13,organic_search,3,5,0,0,0
2935,224,2024-08-13,organic_search,4,5,0,0,0
2935,224,2024-08-13,google_ads,5,5,0,0,12
2936,514,2024-08-07,referral,1,5,0,0,5
2936,514,2024-08-07,referral,2,5,0,0,5
2936,514,2024-08-07,referral,3,5,0,0,5
2936,514,2024-08-07,facebook_ads,4,5,0,0,8
2936,514,2024-08-07,organic_search,5,5,0,0,0
2937,1295,2024-04-27,google_ads,1,1,0,0,12
2938,52,2024-03-06,organic_search,1,4,0,0,0
2938,52,2024-03-06,email,2,4,0,0,1
2938,52,2024-03-06,google_ads,3,4,0,0,12
2938,52,2024-03-06,organic_search,4,4,0,0,0
2939,638,2024-05-08,google_ads,1,4,0,0,12
2939,638,2024-05-08,facebook_ads,2,4,0,0,8
2939,638,2024-05-08,google_ads,3,4,0,0,12
2939,638,2024-05-08,direct,4,4,0,0,0
2940,496,2024-01-08,email,1,2,0,0,1
2940,496,2024-01-08,google_ads,2,2,0,0,12
2941,777,2024-01-16,direct,1,1,0,0,0
2942,1733,2024-04-18,direct,1,5,1,149,0
2942,1733,2024-04-18,organic_search,2,5,1,149,0
2942,1733,2024-04-18,google_ads,3,5,1,149,12
2942,1733,2024-04-18,facebook_ads,4,5,1,149,8
2942,1733,2024-04-18,google_ads,5,5,1,149,12
2943,1038,2024-06-14,email,1,5,0,0,1
2943,1038,2024-06-14,facebook_ads,2,5,0,0,8
2943,1038,2024-06-14,email,3,5,0,0,1
2943,1038,2024-06-14,facebook_ads,4,5,0,0,8
2943,1038,2024-06-14,google_ads,5,5,0,0,12
2944,1493,2024-07-07,referral,1,4,0,0,5
2944,1493,2024-07-07,email,2,4,0,0,1
2944,1493,2024-07-07,email,3,4,0,0,1
2944,1493,2024-07-07,facebook_ads,4,4,0,0,8
2945,1622,2024-02-19,email,1,6,0,0,1
2945,1622,2024-02-19,referral,2,6,0,0,5
2945,1622,2024-02-19,facebook_ads,3,6,0,0,8
2945,1622,2024-02-19,facebook_ads,4,6,0,0,8
2945,1622,2024-02-19,google_ads,5,6,0,0,12
2945,1622,2024-02-19,facebook_ads,6,6,0,0,8
2946,1483,2024-01-04,direct,1,1,0,0,0
2947,945,2024-06-01,email,1,2,0,0,1
2947,945,2024-06-01,google_ads,2,2,0,0,12
2948,390,2024-03-11,organic_search,1,6,1,299,0
2948,390,2024-03-11,google_ads,2,6,1,299,12
2948,390,2024-03-11,facebook_ads,3,6,1,299,8
2948,390,2024-03-11,facebook_ads,4,6,1,299,8
2948,390,2024-03-11,google_ads,5,6,1,299,12
2948,390,2024-03-11,referral,6,6,1,299,5
2949,753,2024-05-10,referral,1,5,0,0,5
2949,753,2024-05-10,organic_search,2,5,0,0,0
2949,753,2024-05-10,organic_search,3,5,0,0,0
2949,753,2024-05-10,facebook_ads,4,5,0,0,8
2949,753,2024-05-10,organic_search,5,5,0,0,0
2950,1750,2024-04-10,facebook_ads,1,5,0,0,8
2950,1750,2024-04-10,organic_search,2,5,0,0,0
2950,1750,2024-04-10,organic_search,3,5,0,0,0
2950,1750,2024-04-10,facebook_ads,4,5,0,0,8
2950,1750,2024-04-10,organic_search,5,5,0,0,0
2951,1029,2024-06-29,email,1,4,0,0,1
2951,1029,2024-06-29,google_ads,2,4,0,0,12
2951,1029,2024-06-29,facebook_ads,3,4,0,0,8
2951,1029,2024-06-29,facebook_ads,4,4,0,0,8
2952,1265,2024-08-10,direct,1,2,0,0,0
2952,1265,2024-08-10,email,2,2,0,0,1
2953,442,2024-03-26,email,1,3,0,0,1
2953,442,2024-03-26,facebook_ads,2,3,0,0,8
2953,442,2024-03-26,email,3,3,0,0,1
2954,1116,2024-07-16,organic_search,1,2,0,0,0
2954,1116,2024-07-16,email,2,2,0,0,1
2955,1052,2024-04-17,facebook_ads,1,6,0,0,8
2955,1052,2024-04-17,organic_search,2,6,0,0,0
2955,1052,2024-04-17,google_ads,3,6,0,0,12
2955,1052,2024-04-17,direct,4,6,0,0,0
2955,1052,2024-04-17,google_ads,5,6,0,0,12
2955,1052,2024-04-17,referral,6,6,0,0,5
2956,1403,2024-01-08,google_ads,1,6,1,99,12
2956,1403,2024-01-08,direct,2,6,1,99,0
2956,1403,2024-01-08,direct,3,6,1,99,0
2956,1403,2024-01-08,google_ads,4,6,1,99,12
2956,1403,2024-01-08,direct,5,6,1,99,0
2956,1403,2024-01-08,facebook_ads,6,6,1,99,8
2957,532,2024-04-16,organic_search,1,5,0,0,0
2957,532,2024-04-16,email,2,5,0,0,1
2957,532,2024-04-16,facebook_ads,3,5,0,0,8
2957,532,2024-04-16,direct,4,5,0,0,0
2957,532,2024-04-16,facebook_ads,5,5,0,0,8
2958,1197,2024-05-16,referral,1,3,0,0,5
2958,1197,2024-05-16,google_ads,2,3,0,0,12
2958,1197,2024-05-16,referral,3,3,0,0,5
2959,643,2024-04-05,organic_search,1,5,1,99,0
2959,643,2024-04-05,facebook_ads,2,5,1,99,8
2959,643,2024-04-05,referral,3,5,1,99,5
2959,643,2024-04-05,referral,4,5,1,99,5
2959,643,2024-04-05,direct,5,5,1,99,0
2960,938,2024-06-10,google_ads,1,6,0,0,12
2960,938,2024-06-10,direct,2,6,0,0,0
2960,938,2024-06-10,referral,3,6,0,0,5
2960,938,2024-06-10,direct,4,6,0,0,0
2960,938,2024-06-10,google_ads,5,6,0,0,12
2960,938,2024-06-10,email,6,6,0,0,1
2961,881,2024-01-06,google_ads,1,5,0,0,12
2961,881,2024-01-06,email,2,5,0,0,1
2961,881,2024-01-06,facebook_ads,3,5,0,0,8
2961,881,2024-01-06,google_ads,4,5,0,0,12
2961,881,2024-01-06,referral,5,5,0,0,5
2962,1508,2024-03-02,facebook_ads,1,2,0,0,8
2962,1508,2024-03-02,organic_search,2,2,0,0,0
2963,1774,2024-01-05,organic_search,1,5,0,0,0
2963,1774,2024-01-05,facebook_ads,2,5,0,0,8
2963,1774,2024-01-05,direct,3,5,0,0,0
2963,1774,2024-01-05,google_ads,4,5,0,0,12
2963,1774,2024-01-05,google_ads,5,5,0,0,12
2964,1196,2024-04-06,organic_search,1,1,0,0,0
2965,1439,2024-02-17,organic_search,1,2,0,0,0
2965,1439,2024-02-17,google_ads,2,2,0,0,12
2966,1672,2024-03-18,facebook_ads,1,6,0,0,8
2966,1672,2024-03-18,email,2,6,0,0,1
2966,1672,2024-03-18,referral,3,6,0,0,5
2966,1672,2024-03-18,facebook_ads,4,6,0,0,8
2966,1672,2024-03-18,referral,5,6,0,0,5
2966,1672,2024-03-18,email,6,6,0,0,1
2967,567,2024-05-07,email,1,4,0,0,1
2967,567,2024-05-07,direct,2,4,0,0,0
2967,567,2024-05-07,facebook_ads,3,4,0,0,8
2967,567,2024-05-07,direct,4,4,0,0,0
2968,506,2024-07-05,facebook_ads,1,6,0,0,8
2968,506,2024-07-05,facebook_ads,2,6,0,0,8
2968,506,2024-07-05,google_ads,3,6,0,0,12
2968,506,2024-07-05,direct,4,6,0,0,0
2968,506,2024-07-05,organic_search,5,6,0,0,0
2968,506,2024-07-05,email,6,6,0,0,1
2969,500,2024-04-20,facebook_ads,1,1,0,0,8
2970,1670,2024-05-20,direct,1,3,0,0,0
2970,1670,2024-05-20,organic_search,2,3,0,0,0
2970,1670,2024-05-20,direct,3,3,0,0,0
2971,1311,2024-04-15,organic_search,1,3,0,0,0
2971,1311,2024-04-15,facebook_ads,2,3,0,0,8
2971,1311,2024-04-15,email,3,3,0,0,1
2972,1094,2024-04-30,direct,1,3,0,0,0
2972,1094,2024-04-30,referral,2,3,0,0,5
2972,1094,2024-04-30,referral,3,3,0,0,5
2973,1321,2024-05-26,google_ads,1,1,0,0,12
2974,357,2024-04-10,direct,1,6,0,0,0
2974,357,2024-04-10,organic_search,2,6,0,0,0
2974,357,2024-04-10,organic_search,3,6,0,0,0
2974,357,2024-04-10,google_ads,4,6,0,0,12
2974,357,2024-04-10,email,5,6,0,0,1
2974,357,2024-04-10,referral,6,6,0,0,5
2975,1723,2024-06-12,direct,1,1,0,0,0
2976,1223,2024-06-24,organic_search,1,3,0,0,0
2976,1223,2024-06-24,email,2,3,0,0,1
2976,1223,2024-06-24,referral,3,3,0,0,5
2977,1593,2024-07-16,referral,1,3,0,0,5
2977,1593,2024-07-16,email,2,3,0,0,1
2977,1593,2024-07-16,facebook_ads,3,3,0,0,8
2978,1481,2024-07-06,organic_search,1,1,0,0,0
2979,1990,2024-01-22,organic_search,1,3,0,0,0
2979,1990,2024-01-22,referral,2,3,0,0,5
2979,1990,2024-01-22,email,3,3,0,0,1
2980,192,2024-08-01,google_ads,1,1,0,0,12
2981,1173,2024-06-14,google_ads,1,4,1,49,12
2981,1173,2024-06-14,organic_search,2,4,1,49,0
2981,1173,2024-06-14,email,3,4,1,49,1
2981,1173,2024-06-14,organic_search,4,4,1,49,0
2982,1247,2024-02-05,organic_search,1,1,0,0,0
2983,457,2024-05-25,organic_search,1,6,0,0,0
2983,457,2024-05-25,organic_search,2,6,0,0,0
2983,457,2024-05-25,organic_search,3,6,0,0,0
2983,457,2024-05-25,facebook_ads,4,6,0,0,8
2983,457,2024-05-25,google_ads,5,6,0,0,12
2983,457,2024-05-25,email,6,6,0,0,1
2984,1032,2024-01-17,referral,1,4,1,499,5
2984,1032,2024-01-17,organic_search,2,4,1,499,0
2984,1032,2024-01-17,referral,3,4,1,499,5
2984,1032,2024-01-17,direct,4,4,1,499,0
2985,1336,2024-06-14,google_ads,1,1,0,0,12
2986,26,2024-02-26,referral,1,4,0,0,5
2986,26,2024-02-26,google_ads,2,4,0,0,12
2986,26,2024-02-26,google_ads,3,4,0,0,12
2986,26,2024-02-26,organic_search,4,4,0,0,0
2987,1930,2024-05-12,facebook_ads,1,6,0,0,8
2987,1930,2024-05-12,referral,2,6,0,0,5
2987,1930,2024-05-12,facebook_ads,3,6,0,0,8
2987,1930,2024-05-12,email,4,6,0,0,1
2987,1930,2024-05-12,referral,5,6,0,0,5
2987,1930,2024-05-12,google_ads,6,6,0,0,12
2988,380,2024-04-07,direct,1,1,0,0,0
2989,1339,2024-04-24,facebook_ads,1,1,0,0,8
2990,129,2024-07-10,organic_search,1,1,1,299,0
2991,1045,2024-02-19,organic_search,1,1,0,0,0
2992,514,2024-09-03,organic_search,1,2,1,299,0
2992,514,2024-09-03,email,2,2,1,299,1
2993,102,2024-06-01,direct,1,6,0,0,0
2993,102,2024-06-01,organic_search,2,6,0,0,0
2993,102,2024-06-01,organic_search,3,6,0,0,0
2993,102,2024-06-01,email,4,6,0,0,1
2993,102,2024-06-01,referral,5,6,0,0,5
2993,102,2024-06-01,direct,6,6,0,0,0
2994,203,2024-02-15,direct,1,5,1,149,0
2994,203,2024-02-15,referral,2,5,1,149,5
2994,203,2024-02-15,direct,3,5,1,149,0
2994,203,2024-02-15,direct,4,5,1,149,0
2994,203,2024-02-15,direct,5,5,1,149,0
2995,1064,2024-01-17,google_ads,1,1,1,49,12
2996,854,2024-05-17,referral,1,3,0,0,5
2996,854,2024-05-17,google_ads,2,3,0,0,12
2996,854,2024-05-17,referral,3,3,0,0,5
2997,952,2024-04-28,facebook_ads,1,6,0,0,8
2997,952,2024-04-28,organic_search,2,6,0,0,0
2997,952,2024-04-28,organic_search,3,6,0,0,0
2997,952,2024-04-28,direct,4,6,0,0,0
2997,952,2024-04-28,organic_search,5,6,0,0,0
2997,952,2024-04-28,facebook_ads,6,6,0,0,8
2998,252,2024-01-26,email,1,1,0,0,1
2999,1716,2024-04-22,referral,1,3,1,299,5
2999,1716,2024-04-22,organic_search,2,3,1,299,0
2999,1716,2024-04-22,referral,3,3,1,299,5
3000,589,2024-01-25,facebook_ads,1,6,0,0,8
3000,589,2024-01-25,referral,2,6,0,0,5
3000,589,2024-01-25,referral,3,6,0,0,5
3000,589,2024-01-25,email,4,6,0,0,1
3000,589,2024-01-25,organic_search,5,6,0,0,0
3000,589,2024-01-25,facebook_ads,6,6,0,0,8
3001,1206,2024-07-17,direct,1,2,0,0,0
3001,1206,2024-07-17,facebook_ads,2,2,0,0,8
3002,1497,2024-01-31,direct,1,3,0,0,0
3002,1497,2024-01-31,referral,2,3,0,0,5
3002,1497,2024-01-31,organic_search,3,3,0,0,0
3003,637,2024-06-16,direct,1,6,0,0,0
3003,637,2024-06-16,direct,2,6,0,0,0
3003,637,2024-06-16,google_ads,3,6,0,0,12
3003,637,2024-06-16,email,4,6,0,0,1
3003,637,2024-06-16,direct,5,6,0,0,0
3003,637,2024-06-16,google_ads,6,6,0,0,12
3004,1386,2024-05-28,referral,1,3,0,0,5
3004,1386,2024-05-28,email,2,3,0,0,1
3004,1386,2024-05-28,referral,3,3,0,0,5
3005,1575,2024-03-04,facebook_ads,1,4,0,0,8
3005,1575,2024-03-04,referral,2,4,0,0,5
3005,1575,2024-03-04,direct,3,4,0,0,0
3005,1575,2024-03-04,referral,4,4,0,0,5
3006,1225,2024-09-09,organic_search,1,1,0,0,0
3007,1824,2024-09-27,facebook_ads,1,6,0,0,8
3007,1824,2024-09-27,facebook_ads,2,6,0,0,8
3007,1824,2024-09-27,facebook_ads,3,6,0,0,8
3007,1824,2024-09-27,referral,4,6,0,0,5
3007,1824,2024-09-27,referral,5,6,0,0,5
3007,1824,2024-09-27,direct,6,6,0,0,0
3008,1292,2024-07-31,google_ads,1,2,0,0,12
3008,1292,2024-07-31,google_ads,2,2,0,0,12
3009,1580,2024-05-01,organic_search,1,2,0,0,0
3009,1580,2024-05-01,organic_search,2,2,0,0,0
3010,1272,2024-09-26,referral,1,4,0,0,5
3010,1272,2024-09-26,direct,2,4,0,0,0
3010,1272,2024-09-26,referral,3,4,0,0,5
3010,1272,2024-09-26,google_ads,4,4,0,0,12
3011,189,2024-06-19,email,1,5,1,99,1
3011,189,2024-06-19,facebook_ads,2,5,1,99,8
3011,189,2024-06-19,organic_search,3,5,1,99,0
3011,189,2024-06-19,referral,4,5,1,99,5
3011,189,2024-06-19,direct,5,5,1,99,0
3012,481,2024-01-15,facebook_ads,1,2,0,0,8
3012,481,2024-01-15,facebook_ads,2,2,0,0,8
3013,1985,2024-03-17,organic_search,1,6,0,0,0
3013,1985,2024-03-17,referral,2,6,0,0,5
3013,1985,2024-03-17,email,3,6,0,0,1
3013,1985,2024-03-17,direct,4,6,0,0,0
3013,1985,2024-03-17,direct,5,6,0,0,0
3013,1985,2024-03-17,facebook_ads,6,6,0,0,8
3014,902,2024-03-10,facebook_ads,1,6,0,0,8
3014,902,2024-03-10,facebook_ads,2,6,0,0,8
3014,902,2024-03-10,referral,3,6,0,0,5
3014,902,2024-03-10,organic_search,4,6,0,0,0
3014,902,2024-03-10,google_ads,5,6,0,0,12
3014,902,2024-03-10,google_ads,6,6,0,0,12
3015,1602,2024-08-14,organic_search,1,1,0,0,0
3016,1860,2024-09-06,organic_search,1,6,0,0,0
3016,1860,2024-09-06,email,2,6,0,0,1
3016,1860,2024-09-06,direct,3,6,0,0,0
3016,1860,2024-09-06,email,4,6,0,0,1
3016,1860,2024-09-06,direct,5,6,0,0,0
3016,1860,2024-09-06,direct,6,6,0,0,0
3017,906,2024-08-29,direct,1,2,0,0,0
3017,906,2024-08-29,email,2,2,0,0,1
3018,1528,2024-08-12,direct,1,5,1,49,0
3018,1528,2024-08-12,google_ads,2,5,1,49,12
3018,1528,2024-08-12,referral,3,5,1,49,5
3018,1528,2024-08-12,facebook_ads,4,5,1,49,8
3018,1528,2024-08-12,direct,5,5,1,49,0
3019,777,2024-06-21,organic_search,1,6,0,0,0
3019,777,2024-06-21,email,2,6,0,0,1
3019,777,2024-06-21,direct,3,6,0,0,0
3019,777,2024-06-21,google_ads,4,6,0,0,12
3019,777,2024-06-21,organic_search,5,6,0,0,0
3019,777,2024-06-21,google_ads,6,6,0,0,12
3020,1678,2024-04-15,email,1,6,0,0,1
3020,1678,2024-04-15,google_ads,2,6,0,0,12
3020,1678,2024-04-15,facebook_ads,3,6,0,0,8
3020,1678,2024-04-15,email,4,6,0,0,1
3020,1678,2024-04-15,facebook_ads,5,6,0,0,8
3020,1678,2024-04-15,facebook_ads,6,6,0,0,8
3021,1498,2024-01-11,referral,1,3,1,299,5
3021,1498,2024-01-11,referral,2,3,1,299,5
3021,1498,2024-01-11,facebook_ads,3,3,1,299,8
3022,269,2024-02-18,email,1,3,0,0,1
3022,269,2024-02-18,email,2,3,0,0,1
3022,269,2024-02-18,organic_search,3,3,0,0,0
3023,432,2024-08-13,referral,1,6,0,0,5
3023,432,2024-08-13,referral,2,6,0,0,5
3023,432,2024-08-13,google_ads,3,6,0,0,12
3023,432,2024-08-13,organic_search,4,6,0,0,0
3023,432,2024-08-13,direct,5,6,0,0,0
3023,432,2024-08-13,email,6,6,0,0,1
3024,995,2024-08-31,email,1,4,1,149,1
3024,995,2024-08-31,referral,2,4,1,149,5
3024,995,2024-08-31,facebook_ads,3,4,1,149,8
3024,995,2024-08-31,referral,4,4,1,149,5
3025,1266,2024-01-11,direct,1,4,0,0,0
3025,1266,2024-01-11,google_ads,2,4,0,0,12
3025,1266,2024-01-11,email,3,4,0,0,1
3025,1266,2024-01-11,google_ads,4,4,0,0,12
3026,416,2024-07-02,direct,1,2,0,0,0
3026,416,2024-07-02,email,2,2,0,0,1
3027,1631,2024-01-21,referral,1,5,0,0,5
3027,1631,2024-01-21,email,2,5,0,0,1
3027,1631,2024-01-21,facebook_ads,3,5,0,0,8
3027,1631,2024-01-21,referral,4,5,0,0,5
3027,1631,2024-01-21,google_ads,5,5,0,0,12
3028,1707,2024-04-22,direct,1,3,0,0,0
3028,1707,2024-04-22,email,2,3,0,0,1
3028,1707,2024-04-22,organic_search,3,3,0,0,0
3029,993,2024-01-13,direct,1,3,0,0,0
3029,993,2024-01-13,organic_search,2,3,0,0,0
3029,993,2024-01-13,direct,3,3,0,0,0
3030,1177,2024-07-18,organic_search,1,2,0,0,0
3030,1177,2024-07-18,referral,2,2,0,0,5
3031,571,2024-02-07,organic_search,1,3,0,0,0
3031,571,2024-02-07,email,2,3,0,0,1
3031,571,2024-02-07,organic_search,3,3,0,0,0
3032,21,2024-05-26,organic_search,1,6,0,0,0
3032,21,2024-05-26,referral,2,6,0,0,5
3032,21,2024-05-26,direct,3,6,0,0,0
3032,21,2024-05-26,direct,4,6,0,0,0
3032,21,2024-05-26,email,5,6,0,0,1
3032,21,2024-05-26,referral,6,6,0,0,5
3033,1913,2024-07-10,email,1,3,0,0,1
3033,1913,2024-07-10,referral,2,3,0,0,5
3033,1913,2024-07-10,referral,3,3,0,0,5
3034,239,2024-03-18,organic_search,1,2,0,0,0
3034,239,2024-03-18,referral,2,2,0,0,5
3035,1920,2024-05-14,organic_search,1,6,0,0,0
3035,1920,2024-05-14,organic_search,2,6,0,0,0
3035,1920,2024-05-14,organic_search,3,6,0,0,0
3035,1920,2024-05-14,google_ads,4,6,0,0,12
3035,1920,2024-05-14,referral,5,6,0,0,5
3035,1920,2024-05-14,facebook_ads,6,6,0,0,8
3036,1792,2024-05-17,organic_search,1,6,0,0,0
3036,1792,2024-05-17,organic_search,2,6,0,0,0
3036,1792,2024-05-17,facebook_ads,3,6,0,0,8
3036,1792,2024-05-17,organic_search,4,6,0,0,0
3036,1792,2024-05-17,email,5,6,0,0,1
3036,1792,2024-05-17,organic_search,6,6,0,0,0
3037,65,2024-07-30,organic_search,1,4,0,0,0
3037,65,2024-07-30,direct,2,4,0,0,0
3037,65,2024-07-30,email,3,4,0,0,1
3037,65,2024-07-30,referral,4,4,0,0,5
3038,1320,2024-01-15,email,1,5,1,99,1
3038,1320,2024-01-15,email,2,5,1,99,1
3038,1320,2024-01-15,direct,3,5,1,99,0
3038,1320,2024-01-15,email,4,5,1,99,1
3038,1320,2024-01-15,direct,5,5,1,99,0
3039,1208,2024-03-31,organic_search,1,2,0,0,0
3039,1208,2024-03-31,facebook_ads,2,2,0,0,8
3040,969,2024-04-30,google_ads,1,4,0,0,12
3040,969,2024-04-30,organic_search,2,4,0,0,0
3040,969,2024-04-30,facebook_ads,3,4,0,0,8
3040,969,2024-04-30,referral,4,4,0,0,5
3041,37,2024-03-13,referral,1,5,0,0,5
3041,37,2024-03-13,direct,2,5,0,0,0
3041,37,2024-03-13,organic_search,3,5,0,0,0
3041,37,2024-03-13,direct,4,5,0,0,0
3041,37,2024-03-13,google_ads,5,5,0,0,12
3042,1492,2024-04-09,google_ads,1,5,1,149,12
3042,1492,2024-04-09,organic_search,2,5,1,149,0
3042,1492,2024-04-09,email,3,5,1,149,1
3042,1492,2024-04-09,referral,4,5,1,149,5
3042,1492,2024-04-09,google_ads,5,5,1,149,12
3043,814,2024-05-28,email,1,3,0,0,1
3043,814,2024-05-28,referral,2,3,0,0,5
3043,814,2024-05-28,organic_search,3,3,0,0,0
3044,1469,2024-02-06,direct,1,1,1,499,0
3045,1810,2024-07-25,google_ads,1,5,1,149,12
3045,1810,2024-07-25,email,2,5,1,149,1
3045,1810,2024-07-25,organic_search,3,5,1,149,0
3045,1810,2024-07-25,direct,4,5,1,149,0
3045,1810,2024-07-25,referral,5,5,1,149,5
3046,1603,2024-07-07,email,1,2,0,0,1
3046,1603,2024-07-07,direct,2,2,0,0,0
3047,763,2024-04-10,direct,1,1,1,499,0
3048,456,2024-03-15,direct,1,4,0,0,0
3048,456,2024-03-15,direct,2,4,0,0,0
3048,456,2024-03-15,facebook_ads,3,4,0,0,8
3048,456,2024-03-15,email,4,4,0,0,1
3049,819,2024-04-26,direct,1,2,0,0,0
3049,819,2024-04-26,organic_search,2,2,0,0,0
3050,492,2024-06-13,referral,1,6,0,0,5
3050,492,2024-06-13,google_ads,2,6,0,0,12
3050,492,2024-06-13,facebook_ads,3,6,0,0,8
3050,492,2024-06-13,google_ads,4,6,0,0,12
3050,492,2024-06-13,direct,5,6,0,0,0
3050,492,2024-06-13,organic_search,6,6,0,0,0
3051,409,2024-05-10,referral,1,3,0,0,5
3051,409,2024-05-10,google_ads,2,3,0,0,12
3051,409,2024-05-10,referral,3,3,0,0,5
3052,1809,2024-08-25,facebook_ads,1,3,0,0,8
3052,1809,2024-08-25,direct,2,3,0,0,0
3052,1809,2024-08-25,referral,3,3,0,0,5
3053,340,2024-03-26,google_ads,1,4,0,0,12
3053,340,2024-03-26,referral,2,4,0,0,5
3053,340,2024-03-26,facebook_ads,3,4,0,0,8
3053,340,2024-03-26,email,4,4,0,0,1
3054,1163,2024-06-02,referral,1,1,0,0,5
3055,496,2024-06-13,email,1,6,0,0,1
3055,496,2024-06-13,facebook_ads,2,6,0,0,8
3055,496,2024-06-13,organic_search,3,6,0,0,0
3055,496,2024-06-13,referral,4,6,0,0,5
3055,496,2024-06-13,referral,5,6,0,0,5
3055,496,2024-06-13,google_ads,6,6,0,0,12
3056,1896,2024-06-14,direct,1,3,0,0,0
3056,1896,2024-06-14,google_ads,2,3,0,0,12
3056,1896,2024-06-14,facebook_ads,3,3,0,0,8
3057,963,2024-04-03,google_ads,1,5,0,0,12
3057,963,2024-04-03,referral,2,5,0,0,5
3057,963,2024-04-03,email,3,5,0,0,1
3057,963,2024-04-03,organic_search,4,5,0,0,0
3057,963,2024-04-03,email,5,5,0,0,1
3058,1596,2024-02-19,facebook_ads,1,5,0,0,8
3058,1596,2024-02-19,facebook_ads,2,5,0,0,8
3058,1596,2024-02-19,organic_search,3,5,0,0,0
3058,1596,2024-02-19,referral,4,5,0,0,5
3058,1596,2024-02-19,email,5,5,0,0,1
3059,1406,2024-09-25,email,1,1,0,0,1
3060,138,2024-02-15,direct,1,3,0,0,0
3060,138,2024-02-15,facebook_ads,2,3,0,0,8
3060,138,2024-02-15,organic_search,3,3,0,0,0
3061,1146,2024-05-28,google_ads,1,1,0,0,12
3062,100,2024-07-30,facebook_ads,1,1,0,0,8
3063,595,2024-03-07,google_ads,1,3,0,0,12
3063,595,2024-03-07,facebook_ads,2,3,0,0,8
3063,595,2024-03-07,facebook_ads,3,3,0,0,8
3064,1572,2024-03-15,email,1,5,0,0,1
3064,1572,2024-03-15,referral,2,5,0,0,5
3064,1572,2024-03-15,google_ads,3,5,0,0,12
3064,1572,2024-03-15,facebook_ads,4,5,0,0,8
3064,1572,2024-03-15,facebook_ads,5,5,0,0,8
3065,1744,2024-09-14,google_ads,1,6,1,499,12
3065,1744,2024-09-14,organic_search,2,6,1,499,0
3065,1744,2024-09-14,direct,3,6,1,499,0
3065,1744,2024-09-14,email,4,6,1,499,1
3065,1744,2024-09-14,email,5,6,1,499,1
3065,1744,2024-09-14,email,6,6,1,499,1
3066,1140,2024-02-27,direct,1,3,0,0,0
3066,1140,2024-02-27,facebook_ads,2,3,0,0,8
3066,1140,2024-02-27,facebook_ads,3,3,0,0,8
3067,560,2024-01-05,facebook_ads,1,2,0,0,8
3067,560,2024-01-05,facebook_ads,2,2,0,0,8
3068,1544,2024-06-16,organic_search,1,1,0,0,0
3069,275,2024-06-07,organic_search,1,1,0,0,0
3070,1988,2024-07-30,google_ads,1,5,0,0,12
3070,1988,2024-07-30,direct,2,5,0,0,0
3070,1988,2024-07-30,email,3,5,0,0,1
3070,1988,2024-07-30,organic_search,4,5,0,0,0
3070,1988,2024-07-30,direct,5,5,0,0,0
3071,1793,2024-03-26,organic_search,1,2,1,49,0
3071,1793,2024-03-26,google_ads,2,2,1,49,12
3072,266,2024-04-30,facebook_ads,1,6,0,0,8
3072,266,2024-04-30,facebook_ads,2,6,0,0,8
3072,266,2024-04-30,email,3,6,0,0,1
3072,266,2024-04-30,direct,4,6,0,0,0
3072,266,2024-04-30,facebook_ads,5,6,0,0,8
3072,266,2024-04-30,google_ads,6,6,0,0,12
3073,992,2024-08-11,referral,1,3,0,0,5
3073,992,2024-08-11,referral,2,3,0,0,5
3073,992,2024-08-11,facebook_ads,3,3,0,0,8
3074,1931,2024-07-10,direct,1,4,0,0,0
3074,1931,2024-07-10,facebook_ads,2,4,0,0,8
3074,1931,2024-07-10,organic_search,3,4,0,0,0
3074,1931,2024-07-10,facebook_ads,4,4,0,0,8
3075,1928,2024-08-17,organic_search,1,4,0,0,0
3075,1928,2024-08-17,direct,2,4,0,0,0
3075,1928,2024-08-17,direct,3,4,0,0,0
3075,1928,2024-08-17,google_ads,4,4,0,0,12
3076,1133,2024-05-21,email,1,3,0,0,1
3076,1133,2024-05-21,organic_search,2,3,0,0,0
3076,1133,2024-05-21,organic_search,3,3,0,0,0
3077,1974,2024-01-19,google_ads,1,3,0,0,12
3077,1974,2024-01-19,google_ads,2,3,0,0,12
3077,1974,2024-01-19,email,3,3,0,0,1
3078,586,2024-02-01,email,1,4,0,0,1
3078,586,2024-02-01,direct,2,4,0,0,0
3078,586,2024-02-01,direct,3,4,0,0,0
3078,586,2024-02-01,referral,4,4,0,0,5
3079,923,2024-01-07,google_ads,1,2,1,499,12
3079,923,2024-01-07,google_ads,2,2,1,499,12
3080,471,2024-06-01,referral,1,3,1,299,5
3080,471,2024-06-01,direct,2,3,1,299,0
3080,471,2024-06-01,direct,3,3,1,299,0
3081,1577,2024-02-01,facebook_ads,1,3,0,0,8
3081,1577,2024-02-01,google_ads,2,3,0,0,12
3081,1577,2024-02-01,organic_search,3,3,0,0,0
3082,346,2024-07-31,google_ads,1,2,0,0,12
3082,346,2024-07-31,email,2,2,0,0,1
3083,902,2024-04-07,facebook_ads,1,2,0,0,8
3083,902,2024-04-07,referral,2,2,0,0,5
3084,147,2024-07-20,referral,1,2,0,0,5
3084,147,2024-07-20,facebook_ads,2,2,0,0,8
3085,519,2024-09-09,facebook_ads,1,5,0,0,8
3085,519,2024-09-09,referral,2,5,0,0,5
3085,519,2024-09-09,facebook_ads,3,5,0,0,8
3085,519,2024-09-09,email,4,5,0,0,1
3085,519,2024-09-09,google_ads,5,5,0,0,12
3086,1969,2024-07-31,referral,1,3,0,0,5
3086,1969,2024-07-31,email,2,3,0,0,1
3086,1969,2024-07-31,organic_search,3,3,0,0,0
3087,928,2024-05-13,email,1,1,0,0,1
3088,1182,2024-04-20,google_ads,1,3,0,0,12
3088,1182,2024-04-20,organic_search,2,3,0,0,0
3088,1182,2024-04-20,facebook_ads,3,3,0,0,8
3089,1342,2024-03-03,direct,1,4,1,149,0
3089,1342,2024-03-03,google_ads,2,4,1,149,12
3089,1342,2024-03-03,direct,3,4,1,149,0
3089,1342,2024-03-03,direct,4,4,1,149,0
3090,461,2024-09-12,direct,1,5,0,0,0
3090,461,2024-09-12,referral,2,5,0,0,5
3090,461,2024-09-12,direct,3,5,0,0,0
3090,461,2024-09-12,direct,4,5,0,0,0
3090,461,2024-09-12,facebook_ads,5,5,0,0,8
3091,567,2024-03-24,organic_search,1,5,0,0,0
3091,567,2024-03-24,referral,2,5,0,0,5
3091,567,2024-03-24,organic_search,3,5,0,0,0
3091,567,2024-03-24,facebook_ads,4,5,0,0,8
3091,567,2024-03-24,google_ads,5,5,0,0,12
3092,1434,2024-01-15,facebook_ads,1,4,0,0,8
3092,1434,2024-01-15,facebook_ads,2,4,0,0,8
3092,1434,2024-01-15,email,3,4,0,0,1
3092,1434,2024-01-15,referral,4,4,0,0,5
3093,253,2024-08-21,referral,1,2,0,0,5
3093,253,2024-08-21,direct,2,2,0,0,0
3094,58,2024-09-14,organic_search,1,1,0,0,0
3095,1022,2024-04-30,email,1,1,0,0,1
3096,1694,2024-06-10,email,1,3,0,0,1
3096,1694,2024-06-10,google_ads,2,3,0,0,12
3096,1694,2024-06-10,referral,3,3,0,0,5
3097,527,2024-07-10,google_ads,1,6,0,0,12
3097,527,2024-07-10,direct,2,6,0,0,0
3097,527,2024-07-10,email,3,6,0,0,1
3097,527,2024-07-10,direct,4,6,0,0,0
3097,527,2024-07-10,email,5,6,0,0,1
3097,527,2024-07-10,facebook_ads,6,6,0,0,8
3098,1772,2024-08-15,direct,1,5,0,0,0
3098,1772,2024-08-15,organic_search,2,5,0,0,0
3098,1772,2024-08-15,referral,3,5,0,0,5
3098,1772,2024-08-15,facebook_ads,4,5,0,0,8
3098,1772,2024-08-15,organic_search,5,5,0,0,0
3099,1870,2024-03-23,facebook_ads,1,1,0,0,8
3100,309,2024-01-20,google_ads,1,5,0,0,12
3100,309,2024-01-20,email,2,5,0,0,1
3100,309,2024-01-20,organic_search,3,5,0,0,0
3100,309,2024-01-20,direct,4,5,0,0,0
3100,309,2024-01-20,organic_search,5,5,0,0,0
3101,573,2024-04-12,referral,1,6,1,49,5
3101,573,2024-04-12,google_ads,2,6,1,49,12
3101,573,2024-04-12,google_ads,3,6,1,49,12
3101,573,2024-04-12,email,4,6,1,49,1
3101,573,2024-04-12,referral,5,6,1,49,5
3101,573,2024-04-12,google_ads,6,6,1,49,12
3102,962,2024-01-17,email,1,3,1,99,1
3102,962,2024-01-17,facebook_ads,2,3,1,99,8
3102,962,2024-01-17,referral,3,3,1,99,5
3103,1287,2024-02-18,google_ads,1,6,0,0,12
3103,1287,2024-02-18,referral,2,6,0,0,5
3103,1287,2024-02-18,organic_search,3,6,0,0,0
3103,1287,2024-02-18,facebook_ads,4,6,0,0,8
3103,1287,2024-02-18,referral,5,6,0,0,5
3103,1287,2024-02-18,referral,6,6,0,0,5
3104,439,2024-06-09,direct,1,6,0,0,0
3104,439,2024-06-09,organic_search,2,6,0,0,0
3104,439,2024-06-09,google_ads,3,6,0,0,12
3104,439,2024-06-09,facebook_ads,4,6,0,0,8
3104,439,2024-06-09,facebook_ads,5,6,0,0,8
3104,439,2024-06-09,facebook_ads,6,6,0,0,8
3105,1550,2024-06-13,email,1,6,0,0,1
3105,1550,2024-06-13,facebook_ads,2,6,0,0,8
3105,1550,2024-06-13,referral,3,6,0,0,5
3105,1550,2024-06-13,direct,4,6,0,0,0
3105,1550,2024-06-13,facebook_ads,5,6,0,0,8
3105,1550,2024-06-13,facebook_ads,6,6,0,0,8
3106,713,2024-02-29,google_ads,1,2,0,0,12
3106,713,2024-02-29,facebook_ads,2,2,0,0,8
3107,1732,2024-03-16,organic_search,1,2,0,0,0
3107,1732,2024-03-16,facebook_ads,2,2,0,0,8
3108,1128,2024-09-11,organic_search,1,4,0,0,0
3108,1128,2024-09-11,referral,2,4,0,0,5
3108,1128,2024-09-11,organic_search,3,4,0,0,0
3108,1128,2024-09-11,google_ads,4,4,0,0,12
3109,1411,2024-05-31,google_ads,1,5,0,0,12
3109,1411,2024-05-31,facebook_ads,2,5,0,0,8
3109,1411,2024-05-31,email,3,5,0,0,1
3109,1411,2024-05-31,google_ads,4,5,0,0,12
3109,1411,2024-05-31,referral,5,5,0,0,5
3110,317,2024-07-21,facebook_ads,1,1,0,0,8
3111,1560,2024-02-16,google_ads,1,2,0,0,12
3111,1560,2024-02-16,referral,2,2,0,0,5
3112,950,2024-03-19,referral,1,2,0,0,5
3112,950,2024-03-19,organic_search,2,2,0,0,0
3113,946,2024-08-16,email,1,4,0,0,1
3113,946,2024-08-16,facebook_ads,2,4,0,0,8
3113,946,2024-08-16,google_ads,3,4,0,0,12
3113,946,2024-08-16,facebook_ads,4,4,0,0,8
3114,1128,2024-08-03,facebook_ads,1,3,0,0,8
3114,1128,2024-08-03,google_ads,2,3,0,0,12
3114,1128,2024-08-03,email,3,3,0,0,1
3115,113,2024-06-26,google_ads,1,3,0,0,12
3115,113,2024-06-26,organic_search,2,3,0,0,0
3115,113,2024-06-26,email,3,3,0,0,1
3116,1046,2024-09-08,organic_search,1,4,0,0,0
3116,1046,2024-09-08,google_ads,2,4,0,0,12
3116,1046,2024-09-08,organic_search,3,4,0,0,0
3116,1046,2024-09-08,referral,4,4,0,0,5
3117,735,2024-06-04,email,1,5,0,0,1
3117,735,2024-06-04,email,2,5,0,0,1
3117,735,2024-06-04,direct,3,5,0,0,0
3117,735,2024-06-04,email,4,5,0,0,1
3117,735,2024-06-04,google_ads,5,5,0,0,12
3118,294,2024-05-29,google_ads,1,3,0,0,12
3118,294,2024-05-29,google_ads,2,3,0,0,12
3118,294,2024-05-29,referral,3,3,0,0,5
3119,1815,2024-05-31,email,1,3,1,99,1
3119,1815,2024-05-31,referral,2,3,1,99,5
3119,1815,2024-05-31,direct,3,3,1,99,0
3120,1028,2024-01-28,organic_search,1,2,0,0,0
3120,1028,2024-01-28,google_ads,2,2,0,0,12
3121,1188,2024-03-27,organic_search,1,5,0,0,0
3121,1188,2024-03-27,organic_search,2,5,0,0,0
3121,1188,2024-03-27,referral,3,5,0,0,5
3121,1188,2024-03-27,email,4,5,0,0,1
3121,1188,2024-03-27,email,5,5,0,0,1
3122,1743,2024-08-18,organic_search,1,6,0,0,0
3122,1743,2024-08-18,referral,2,6,0,0,5
3122,1743,2024-08-18,google_ads,3,6,0,0,12
3122,1743,2024-08-18,email,4,6,0,0,1
3122,1743,2024-08-18,referral,5,6,0,0,5
3122,1743,2024-08-18,direct,6,6,0,0,0
3123,1028,2024-03-05,email,1,1,0,0,1
3124,780,2024-02-01,email,1,2,1,149,1
3124,780,2024-02-01,email,2,2,1,149,1
3125,541,2024-04-27,google_ads,1,1,1,499,12
3126,279,2024-04-25,google_ads,1,1,0,0,12
3127,1578,2024-05-13,google_ads,1,2,0,0,12
3127,1578,2024-05-13,referral,2,2,0,0,5
3128,1040,2024-02-02,facebook_ads,1,3,0,0,8
3128,1040,2024-02-02,direct,2,3,0,0,0
3128,1040,2024-02-02,direct,3,3,0,0,0
3129,1274,2024-01-18,direct,1,2,0,0,0
3129,1274,2024-01-18,referral,2,2,0,0,5
3130,317,2024-06-14,google_ads,1,4,0,0,12
3130,317,2024-06-14,google_ads,2,4,0,0,12
3130,317,2024-06-14,facebook_ads,3,4,0,0,8
3130,317,2024-06-14,organic_search,4,4,0,0,0
3131,464,2024-06-17,google_ads,1,2,0,0,12
3131,464,2024-06-17,email,2,2,0,0,1
3132,920,2024-09-14,referral,1,1,1,499,5
3133,1625,2024-02-22,facebook_ads,1,4,0,0,8
3133,1625,2024-02-22,facebook_ads,2,4,0,0,8
3133,1625,2024-02-22,direct,3,4,0,0,0
3133,1625,2024-02-22,email,4,4,0,0,1
3134,1806,2024-03-31,organic_search,1,1,0,0,0
3135,1119,2024-03-08,facebook_ads,1,2,0,0,8
3135,1119,2024-03-08,referral,2,2,0,0,5
3136,1683,2024-04-02,direct,1,3,0,0,0
3136,1683,2024-04-02,referral,2,3,0,0,5
3136,1683,2024-04-02,facebook_ads,3,3,0,0,8
3137,73,2024-01-01,organic_search,1,1,0,0,0
3138,494,2024-09-14,direct,1,4,1,299,0
3138,494,2024-09-14,email,2,4,1,299,1
3138,494,2024-09-14,google_ads,3,4,1,299,12
3138,494,2024-09-14,direct,4,4,1,299,0
3139,902,2024-07-13,facebook_ads,1,3,0,0,8
3139,902,2024-07-13,organic_search,2,3,0,0,0
3139,902,2024-07-13,facebook_ads,3,3,0,0,8
3140,624,2024-07-08,referral,1,6,0,0,5
3140,624,2024-07-08,organic_search,2,6,0,0,0
3140,624,2024-07-08,google_ads,3,6,0,0,12
3140,624,2024-07-08,email,4,6,0,0,1
3140,624,2024-07-08,google_ads,5,6,0,0,12
3140,624,2024-07-08,email,6,6,0,0,1
3141,963,2024-03-21,direct,1,1,1,299,0
3142,763,2024-07-09,referral,1,5,0,0,5
3142,763,2024-07-09,referral,2,5,0,0,5
3142,763,2024-07-09,google_ads,3,5,0,0,12
3142,763,2024-07-09,google_ads,4,5,0,0,12
3142,763,2024-07-09,email,5,5,0,0,1
3143,826,2024-09-24,email,1,1,0,0,1
3144,1434,2024-07-10,referral,1,6,0,0,5
3144,1434,2024-07-10,direct,2,6,0,0,0
3144,1434,2024-07-10,email,3,6,0,0,1
3144,1434,2024-07-10,google_ads,4,6,0,0,12
3144,1434,2024-07-10,referral,5,6,0,0,5
3144,1434,2024-07-10,email,6,6,0,0,1
3145,1287,2024-03-03,facebook_ads,1,3,0,0,8
3145,1287,2024-03-03,organic_search,2,3,0,0,0
3145,1287,2024-03-03,direct,3,3,0,0,0
3146,1677,2024-07-20,email,1,1,0,0,1
3147,1061,2024-09-03,facebook_ads,1,6,0,0,8
3147,1061,2024-09-03,facebook_ads,2,6,0,0,8
3147,1061,2024-09-03,email,3,6,0,0,1
3147,1061,2024-09-03,organic_search,4,6,0,0,0
3147,1061,2024-09-03,facebook_ads,5,6,0,0,8
3147,1061,2024-09-03,direct,6,6,0,0,0
3148,972,2024-03-01,referral,1,4,0,0,5
3148,972,2024-03-01,referral,2,4,0,0,5
3148,972,2024-03-01,google_ads,3,4,0,0,12
3148,972,2024-03-01,email,4,4,0,0,1
3149,505,2024-02-17,email,1,1,1,99,1
3150,1589,2024-04-09,email,1,2,0,0,1
3150,1589,2024-04-09,organic_search,2,2,0,0,0
3151,929,2024-07-09,email,1,4,0,0,1
3151,929,2024-07-09,organic_search,2,4,0,0,0
3151,929,2024-07-09,email,3,4,0,0,1
3151,929,2024-07-09,referral,4,4,0,0,5
3152,1985,2024-04-11,email,1,5,0,0,1
3152,1985,2024-04-11,google_ads,2,5,0,0,12
3152,1985,2024-04-11,organic_search,3,5,0,0,0
3152,1985,2024-04-11,google_ads,4,5,0,0,12
3152,1985,2024-04-11,email,5,5,0,0,1
3153,755,2024-05-16,organic_search,1,2,0,0,0
3153,755,2024-05-16,google_ads,2,2,0,0,12
3154,1549,2024-07-30,organic_search,1,1,0,0,0
3155,221,2024-07-09,email,1,6,1,149,1
3155,221,2024-07-09,referral,2,6,1,149,5
3155,221,2024-07-09,email,3,6,1,149,1
3155,221,2024-07-09,facebook_ads,4,6,1,149,8
3155,221,2024-07-09,google_ads,5,6,1,149,12
3155,221,2024-07-09,direct,6,6,1,149,0
3156,620,2024-03-03,facebook_ads,1,2,0,0,8
3156,620,2024-03-03,email,2,2,0,0,1
3157,341,2024-09-08,email,1,3,0,0,1
3157,341,2024-09-08,email,2,3,0,0,1
3157,341,2024-09-08,google_ads,3,3,0,0,12
3158,1251,2024-08-21,organic_search,1,5,0,0,0
3158,1251,2024-08-21,google_ads,2,5,0,0,12
3158,1251,2024-08-21,facebook_ads,3,5,0,0,8
3158,1251,2024-08-21,direct,4,5,0,0,0
3158,1251,2024-08-21,direct,5,5,0,0,0
3159,798,2024-08-17,referral,1,3,0,0,5
3159,798,2024-08-17,referral,2,3,0,0,5
3159,798,2024-08-17,facebook_ads,3,3,0,0,8
3160,1392,2024-08-29,google_ads,1,6,0,0,12
3160,1392,2024-08-29,google_ads,2,6,0,0,12
3160,1392,2024-08-29,referral,3,6,0,0,5
3160,1392,2024-08-29,facebook_ads,4,6,0,0,8
3160,1392,2024-08-29,referral,5,6,0,0,5
3160,1392,2024-08-29,organic_search,6,6,0,0,0
3161,1012,2024-05-09,google_ads,1,4,0,0,12
3161,1012,2024-05-09,referral,2,4,0,0,5
3161,1012,2024-05-09,referral,3,4,0,0,5
3161,1012,2024-05-09,referral,4,4,0,0,5
3162,1529,2024-04-26,email,1,1,0,0,1
3163,875,2024-09-23,facebook_ads,1,4,0,0,8
3163,875,2024-09-23,google_ads,2,4,0,0,12
3163,875,2024-09-23,google_ads,3,4,0,0,12
3163,875,2024-09-23,facebook_ads,4,4,0,0,8
3164,719,2024-01-03,direct,1,6,0,0,0
3164,719,2024-01-03,google_ads,2,6,0,0,12
3164,719,2024-01-03,direct,3,6,0,0,0
3164,719,2024-01-03,referral,4,6,0,0,5
3164,719,2024-01-03,direct,5,6,0,0,0
3164,719,2024-01-03,facebook_ads,6,6,0,0,8
3165,1556,2024-02-02,direct,1,6,0,0,0
3165,1556,2024-02-02,email,2,6,0,0,1
3165,1556,2024-02-02,facebook_ads,3,6,0,0,8
3165,1556,2024-02-02,direct,4,6,0,0,0
3165,1556,2024-02-02,direct,5,6,0,0,0
3165,1556,2024-02-02,referral,6,6,0,0,5
3166,86,2024-04-29,direct,1,1,0,0,0
3167,1821,2024-09-12,referral,1,4,0,0,5
3167,1821,2024-09-12,organic_search,2,4,0,0,0
3167,1821,2024-09-12,email,3,4,0,0,1
3167,1821,2024-09-12,referral,4,4,0,0,5
3168,507,2024-06-19,direct,1,4,0,0,0
3168,507,2024-06-19,referral,2,4,0,0,5
3168,507,2024-06-19,email,3,4,0,0,1
3168,507,2024-06-19,email,4,4,0,0,1
3169,1798,2024-04-20,facebook_ads,1,6,0,0,8
3169,1798,2024-04-20,email,2,6,0,0,1
3169,1798,2024-04-20,referral,3,6,0,0,5
3169,1798,2024-04-20,referral,4,6,0,0,5
3169,1798,2024-04-20,organic_search,5,6,0,0,0
3169,1798,2024-04-20,facebook_ads,6,6,0,0,8
3170,313,2024-05-03,direct,1,4,0,0,0
3170,313,2024-05-03,organic_search,2,4,0,0,0
3170,313,2024-05-03,direct,3,4,0,0,0
3170,313,2024-05-03,google_ads,4,4,0,0,12
3171,1037,2024-09-07,email,1,4,0,0,1
3171,1037,2024-09-07,facebook_ads,2,4,0,0,8
3171,1037,2024-09-07,organic_search,3,4,0,0,0
3171,1037,2024-09-07,referral,4,4,0,0,5
3172,806,2024-09-06,facebook_ads,1,4,0,0,8
3172,806,2024-09-06,facebook_ads,2,4,0,0,8
3172,806,2024-09-06,google_ads,3,4,0,0,12
3172,806,2024-09-06,facebook_ads,4,4,0,0,8
3173,1695,2024-08-15,organic_search,1,4,0,0,0
3173,1695,2024-08-15,facebook_ads,2,4,0,0,8
3173,1695,2024-08-15,referral,3,4,0,0,5
3173,1695,2024-08-15,facebook_ads,4,4,0,0,8
3174,1528,2024-01-03,email,1,1,0,0,1
3175,261,2024-01-04,organic_search,1,5,0,0,0
3175,261,2024-01-04,direct,2,5,0,0,0
3175,261,2024-01-04,email,3,5,0,0,1
3175,261,2024-01-04,email,4,5,0,0,1
3175,261,2024-01-04,direct,5,5,0,0,0
3176,1514,2024-07-11,direct,1,5,1,149,0
3176,1514,2024-07-11,organic_search,2,5,1,149,0
3176,1514,2024-07-11,facebook_ads,3,5,1,149,8
3176,1514,2024-07-11,email,4,5,1,149,1
3176,1514,2024-07-11,email,5,5,1,149,1
3177,1133,2024-05-02,email,1,2,0,0,1
3177,1133,2024-05-02,google_ads,2,2,0,0,12
3178,1440,2024-01-16,facebook_ads,1,3,0,0,8
3178,1440,2024-01-16,google_ads,2,3,0,0,12
3178,1440,2024-01-16,email,3,3,0,0,1
3179,1759,2024-07-19,google_ads,1,4,0,0,12
3179,1759,2024-07-19,facebook_ads,2,4,0,0,8
3179,1759,2024-07-19,direct,3,4,0,0,0
3179,1759,2024-07-19,facebook_ads,4,4,0,0,8
3180,1671,2024-04-23,referral,1,2,0,0,5
3180,1671,2024-04-23,facebook_ads,2,2,0,0,8
3181,822,2024-05-18,referral,1,3,1,49,5
3181,822,2024-05-18,referral,2,3,1,49,5
3181,822,2024-05-18,direct,3,3,1,49,0
3182,1933,2024-06-13,organic_search,1,2,0,0,0
3182,1933,2024-06-13,facebook_ads,2,2,0,0,8
3183,1538,2024-03-23,direct,1,2,0,0,0
3183,1538,2024-03-23,facebook_ads,2,2,0,0,8
3184,1916,2024-08-05,direct,1,3,0,0,0
3184,1916,2024-08-05,facebook_ads,2,3,0,0,8
3184,1916,2024-08-05,email,3,3,0,0,1
3185,1359,2024-01-19,email,1,4,0,0,1
3185,1359,2024-01-19,google_ads,2,4,0,0,12
3185,1359,2024-01-19,google_ads,3,4,0,0,12
3185,1359,2024-01-19,google_ads,4,4,0,0,12
3186,719,2024-06-27,email,1,5,0,0,1
3186,719,2024-06-27,organic_search,2,5,0,0,0
3186,719,2024-06-27,facebook_ads,3,5,0,0,8
3186,719,2024-06-27,email,4,5,0,0,1
3186,719,2024-06-27,google_ads,5,5,0,0,12
3187,1623,2024-02-07,email,1,2,1,499,1
3187,1623,2024-02-07,organic_search,2,2,1,499,0
3188,1356,2024-08-29,organic_search,1,3,0,0,0
3188,1356,2024-08-29,referral,2,3,0,0,5
3188,1356,2024-08-29,facebook_ads,3,3,0,0,8
3189,1181,2024-01-23,facebook_ads,1,3,0,0,8
3189,1181,2024-01-23,organic_search,2,3,0,0,0
3189,1181,2024-01-23,google_ads,3,3,0,0,12
3190,404,2024-03-12,google_ads,1,6,0,0,12
3190,404,2024-03-12,referral,2,6,0,0,5
3190,404,2024-03-12,facebook_ads,3,6,0,0,8
3190,404,2024-03-12,email,4,6,0,0,1
3190,404,2024-03-12,referral,5,6,0,0,5
3190,404,2024-03-12,google_ads,6,6,0,0,12
3191,342,2024-05-19,referral,1,5,0,0,5
3191,342,2024-05-19,organic_search,2,5,0,0,0
3191,342,2024-05-19,direct,3,5,0,0,0
3191,342,2024-05-19,organic_search,4,5,0,0,0
3191,342,2024-05-19,google_ads,5,5,0,0,12
3192,1261,2024-08-15,referral,1,5,0,0,5
3192,1261,2024-08-15,google_ads,2,5,0,0,12
3192,1261,2024-08-15,email,3,5,0,0,1
3192,1261,2024-08-15,google_ads,4,5,0,0,12
3192,1261,2024-08-15,organic_search,5,5,0,0,0
3193,1963,2024-03-02,organic_search,1,6,0,0,0
3193,1963,2024-03-02,organic_search,2,6,0,0,0
3193,1963,2024-03-02,organic_search,3,6,0,0,0
3193,1963,2024-03-02,referral,4,6,0,0,5
3193,1963,2024-03-02,google_ads,5,6,0,0,12
3193,1963,2024-03-02,google_ads,6,6,0,0,12
3194,237,2024-08-21,facebook_ads,1,2,0,0,8
3194,237,2024-08-21,referral,2,2,0,0,5
3195,1521,2024-04-05,email,1,4,0,0,1
3195,1521,2024-04-05,google_ads,2,4,0,0,12
3195,1521,2024-04-05,email,3,4,0,0,1
3195,1521,2024-04-05,organic_search,4,4,0,0,0
3196,717,2024-01-31,google_ads,1,1,0,0,12
3197,1815,2024-06-10,facebook_ads,1,3,0,0,8
3197,1815,2024-06-10,google_ads,2,3,0,0,12
3197,1815,2024-06-10,referral,3,3,0,0,5
3198,1789,2024-08-21,referral,1,4,0,0,5
3198,1789,2024-08-21,organic_search,2,4,0,0,0
3198,1789,2024-08-21,google_ads,3,4,0,0,12
3198,1789,2024-08-21,direct,4,4,0,0,0
3199,1777,2024-05-06,organic_search,1,6,0,0,0
3199,1777,2024-05-06,facebook_ads,2,6,0,0,8
3199,1777,2024-05-06,organic_search,3,6,0,0,0
3199,1777,2024-05-06,organic_search,4,6,0,0,0
3199,1777,2024-05-06,referral,5,6,0,0,5
3199,1777,2024-05-06,facebook_ads,6,6,0,0,8
3200,1,2024-01-17,organic_search,1,4,0,0,0
3200,1,2024-01-17,google_ads,2,4,0,0,12
3200,1,2024-01-17,google_ads,3,4,0,0,12
3200,1,2024-01-17,facebook_ads,4,4,0,0,8
3201,1204,2024-05-27,direct,1,6,0,0,0
3201,1204,2024-05-27,email,2,6,0,0,1
3201,1204,2024-05-27,email,3,6,0,0,1
3201,1204,2024-05-27,organic_search,4,6,0,0,0
3201,1204,2024-05-27,google_ads,5,6,0,0,12
3201,1204,2024-05-27,google_ads,6,6,0,0,12
3202,1761,2024-01-12,email,1,3,0,0,1
3202,1761,2024-01-12,direct,2,3,0,0,0
3202,1761,2024-01-12,google_ads,3,3,0,0,12
3203,1194,2024-03-04,google_ads,1,1,0,0,12
3204,1311,2024-04-01,email,1,6,0,0,1
3204,1311,2024-04-01,google_ads,2,6,0,0,12
3204,1311,2024-04-01,referral,3,6,0,0,5
3204,1311,2024-04-01,direct,4,6,0,0,0
3204,1311,2024-04-01,google_ads,5,6,0,0,12
3204,1311,2024-04-01,organic_search,6,6,0,0,0
3205,148,2024-03-14,direct,1,4,0,0,0
3205,148,2024-03-14,facebook_ads,2,4,0,0,8
3205,148,2024-03-14,direct,3,4,0,0,0
3205,148,2024-03-14,email,4,4,0,0,1
3206,211,2024-01-13,organic_search,1,2,0,0,0
3206,211,2024-01-13,email,2,2,0,0,1
3207,133,2024-06-15,organic_search,1,3,0,0,0
3207,133,2024-06-15,referral,2,3,0,0,5
3207,133,2024-06-15,google_ads,3,3,0,0,12
3208,302,2024-01-15,email,1,6,0,0,1
3208,302,2024-01-15,organic_search,2,6,0,0,0
3208,302,2024-01-15,organic_search,3,6,0,0,0
3208,302,2024-01-15,email,4,6,0,0,1
3208,302,2024-01-15,organic_search,5,6,0,0,0
3208,302,2024-01-15,organic_search,6,6,0,0,0
3209,1531,2024-09-06,google_ads,1,6,0,0,12
3209,1531,2024-09-06,direct,2,6,0,0,0
3209,1531,2024-09-06,email,3,6,0,0,1
3209,1531,2024-09-06,google_ads,4,6,0,0,12
3209,1531,2024-09-06,facebook_ads,5,6,0,0,8
3209,1531,2024-09-06,organic_search,6,6,0,0,0
3210,675,2024-02-05,google_ads,1,3,0,0,12
3210,675,2024-02-05,facebook_ads,2,3,0,0,8
3210,675,2024-02-05,organic_search,3,3,0,0,0
3211,120,2024-01-12,email,1,6,0,0,1
3211,120,2024-01-12,email,2,6,0,0,1
3211,120,2024-01-12,facebook_ads,3,6,0,0,8
3211,120,2024-01-12,organic_search,4,6,0,0,0
3211,120,2024-01-12,email,5,6,0,0,1
3211,120,2024-01-12,email,6,6,0,0,1
3212,1427,2024-04-15,email,1,3,0,0,1
3212,1427,2024-04-15,organic_search,2,3,0,0,0
3212,1427,2024-04-15,organic_search,3,3,0,0,0
3213,1976,2024-01-18,direct,1,3,0,0,0
3213,1976,2024-01-18,facebook_ads,2,3,0,0,8
3213,1976,2024-01-18,facebook_ads,3,3,0,0,8
3214,490,2024-01-22,email,1,2,0,0,1
3214,490,2024-01-22,google_ads,2,2,0,0,12
3215,422,2024-05-19,google_ads,1,6,0,0,12
3215,422,2024-05-19,direct,2,6,0,0,0
3215,422,2024-05-19,email,3,6,0,0,1
3215,422,2024-05-19,direct,4,6,0,0,0
3215,422,2024-05-19,facebook_ads,5,6,0,0,8
3215,422,2024-05-19,email,6,6,0,0,1
3216,463,2024-04-10,email,1,6,0,0,1
3216,463,2024-04-10,direct,2,6,0,0,0
3216,463,2024-04-10,email,3,6,0,0,1
3216,463,2024-04-10,google_ads,4,6,0,0,12
3216,463,2024-04-10,referral,5,6,0,0,5
3216,463,2024-04-10,direct,6,6,0,0,0
3217,1189,2024-08-24,google_ads,1,5,0,0,12
3217,1189,2024-08-24,direct,2,5,0,0,0
3217,1189,2024-08-24,direct,3,5,0,0,0
3217,1189,2024-08-24,google_ads,4,5,0,0,12
3217,1189,2024-08-24,facebook_ads,5,5,0,0,8
3218,186,2024-06-30,facebook_ads,1,1,0,0,8
3219,471,2024-04-11,google_ads,1,3,0,0,12
3219,471,2024-04-11,google_ads,2,3,0,0,12
3219,471,2024-04-11,email,3,3,0,0,1
3220,1525,2024-01-26,facebook_ads,1,4,0,0,8
3220,1525,2024-01-26,email,2,4,0,0,1
3220,1525,2024-01-26,direct,3,4,0,0,0
3220,1525,2024-01-26,organic_search,4,4,0,0,0
3221,1290,2024-08-25,organic_search,1,4,0,0,0
3221,1290,2024-08-25,organic_search,2,4,0,0,0
3221,1290,2024-08-25,facebook_ads,3,4,0,0,8
3221,1290,2024-08-25,direct,4,4,0,0,0
3222,1317,2024-07-25,organic_search,1,5,1,99,0
3222,1317,2024-07-25,email,2,5,1,99,1
3222,1317,2024-07-25,referral,3,5,1,99,5
3222,1317,2024-07-25,google_ads,4,5,1,99,12
3222,1317,2024-07-25,email,5,5,1,99,1
3223,1451,2024-04-07,google_ads,1,3,0,0,12
3223,1451,2024-04-07,facebook_ads,2,3,0,0,8
3223,1451,2024-04-07,email,3,3,0,0,1
3224,179,2024-07-22,email,1,1,0,0,1
3225,176,2024-08-20,google_ads,1,2,0,0,12
3225,176,2024-08-20,google_ads,2,2,0,0,12
3226,1311,2024-01-10,facebook_ads,1,1,0,0,8
3227,1824,2024-09-09,google_ads,1,6,1,499,12
3227,1824,2024-09-09,google_ads,2,6,1,499,12
3227,1824,2024-09-09,organic_search,3,6,1,499,0
3227,1824,2024-09-09,referral,4,6,1,499,5
3227,1824,2024-09-09,google_ads,5,6,1,499,12
3227,1824,2024-09-09,referral,6,6,1,499,5
3228,1693,2024-03-12,organic_search,1,6,0,0,0
3228,1693,2024-03-12,email,2,6,0,0,1
3228,1693,2024-03-12,organic_search,3,6,0,0,0
3228,1693,2024-03-12,email,4,6,0,0,1
3228,1693,2024-03-12,organic_search,5,6,0,0,0
3228,1693,2024-03-12,direct,6,6,0,0,0
3229,1348,2024-04-06,email,1,1,0,0,1
3230,246,2024-03-16,referral,1,5,0,0,5
3230,246,2024-03-16,referral,2,5,0,0,5
3230,246,2024-03-16,facebook_ads,3,5,0,0,8
3230,246,2024-03-16,facebook_ads,4,5,0,0,8
3230,246,2024-03-16,google_ads,5,5,0,0,12
3231,1469,2024-02-04,facebook_ads,1,1,0,0,8
3232,1501,2024-09-10,organic_search,1,3,0,0,0
3232,1501,2024-09-10,direct,2,3,0,0,0
3232,1501,2024-09-10,email,3,3,0,0,1
3233,1129,2024-01-06,email,1,6,0,0,1
3233,1129,2024-01-06,email,2,6,0,0,1
3233,1129,2024-01-06,referral,3,6,0,0,5
3233,1129,2024-01-06,direct,4,6,0,0,0
3233,1129,2024-01-06,referral,5,6,0,0,5
3233,1129,2024-01-06,organic_search,6,6,0,0,0
3234,1467,2024-04-23,organic_search,1,6,0,0,0
3234,1467,2024-04-23,referral,2,6,0,0,5
3234,1467,2024-04-23,organic_search,3,6,0,0,0
3234,1467,2024-04-23,email,4,6,0,0,1
3234,1467,2024-04-23,direct,5,6,0,0,0
3234,1467,2024-04-23,google_ads,6,6,0,0,12
3235,546,2024-01-30,google_ads,1,4,0,0,12
3235,546,2024-01-30,direct,2,4,0,0,0
3235,546,2024-01-30,google_ads,3,4,0,0,12
3235,546,2024-01-30,facebook_ads,4,4,0,0,8
3236,635,2024-05-14,google_ads,1,6,0,0,12
3236,635,2024-05-14,google_ads,2,6,0,0,12
3236,635,2024-05-14,google_ads,3,6,0,0,12
3236,635,2024-05-14,organic_search,4,6,0,0,0
3236,635,2024-05-14,direct,5,6,0,0,0
3236,635,2024-05-14,referral,6,6,0,0,5
3237,1338,2024-05-21,direct,1,5,0,0,0
3237,1338,2024-05-21,organic_search,2,5,0,0,0
3237,1338,2024-05-21,direct,3,5,0,0,0
3237,1338,2024-05-21,organic_search,4,5,0,0,0
3237,1338,2024-05-21,google_ads,5,5,0,0,12
3238,1270,2024-09-03,facebook_ads,1,6,1,49,8
3238,1270,2024-09-03,organic_search,2,6,1,49,0
3238,1270,2024-09-03,organic_search,3,6,1,49,0
3238,1270,2024-09-03,direct,4,6,1,49,0
3238,1270,2024-09-03,email,5,6,1,49,1
3238,1270,2024-09-03,direct,6,6,1,49,0
3239,1607,2024-01-18,email,1,3,0,0,1
3239,1607,2024-01-18,direct,2,3,0,0,0
3239,1607,2024-01-18,google_ads,3,3,0,0,12
3240,1623,2024-06-26,direct,1,5,0,0,0
3240,1623,2024-06-26,facebook_ads,2,5,0,0,8
3240,1623,2024-06-26,organic_search,3,5,0,0,0
3240,1623,2024-06-26,referral,4,5,0,0,5
3240,1623,2024-06-26,facebook_ads,5,5,0,0,8
3241,903,2024-07-25,facebook_ads,1,3,0,0,8
3241,903,2024-07-25,direct,2,3,0,0,0
3241,903,2024-07-25,referral,3,3,0,0,5
3242,1541,2024-04-03,referral,1,4,0,0,5
3242,1541,2024-04-03,organic_search,2,4,0,0,0
3242,1541,2024-04-03,direct,3,4,0,0,0
3242,1541,2024-04-03,email,4,4,0,0,1
3243,1536,2024-01-31,email,1,3,0,0,1
3243,1536,2024-01-31,referral,2,3,0,0,5
3243,1536,2024-01-31,google_ads,3,3,0,0,12
3244,564,2024-06-05,referral,1,3,0,0,5
3244,564,2024-06-05,organic_search,2,3,0,0,0
3244,564,2024-06-05,organic_search,3,3,0,0,0
3245,1396,2024-08-09,facebook_ads,1,3,0,0,8
3245,1396,2024-08-09,email,2,3,0,0,1
3245,1396,2024-08-09,organic_search,3,3,0,0,0
3246,1612,2024-02-27,facebook_ads,1,2,0,0,8
3246,1612,2024-02-27,email,2,2,0,0,1
3247,921,2024-01-02,referral,1,4,0,0,5
3247,921,2024-01-02,email,2,4,0,0,1
3247,921,2024-01-02,facebook_ads,3,4,0,0,8
3247,921,2024-01-02,email,4,4,0,0,1
3248,1004,2024-04-12,organic_search,1,6,0,0,0
3248,1004,2024-04-12,organic_search,2,6,0,0,0
3248,1004,2024-04-12,email,3,6,0,0,1
3248,1004,2024-04-12,email,4,6,0,0,1
3248,1004,2024-04-12,email,5,6,0,0,1
3248,1004,2024-04-12,email,6,6,0,0,1
3249,65,2024-05-03,direct,1,6,0,0,0
3249,65,2024-05-03,direct,2,6,0,0,0
3249,65,2024-05-03,organic_search,3,6,0,0,0
3249,65,2024-05-03,direct,4,6,0,0,0
3249,65,2024-05-03,direct,5,6,0,0,0
3249,65,2024-05-03,email,6,6,0,0,1
3250,1900,2024-07-11,google_ads,1,3,0,0,12
3250,1900,2024-07-11,referral,2,3,0,0,5
3250,1900,2024-07-11,google_ads,3,3,0,0,12
3251,945,2024-05-19,direct,1,3,0,0,0
3251,945,2024-05-19,email,2,3,0,0,1
3251,945,2024-05-19,facebook_ads,3,3,0,0,8
3252,1934,2024-03-16,referral,1,1,0,0,5
3253,91,2024-02-20,email,1,3,0,0,1
3253,91,2024-02-20,facebook_ads,2,3,0,0,8
3253,91,2024-02-20,direct,3,3,0,0,0
3254,59,2024-03-21,google_ads,1,5,0,0,12
3254,59,2024-03-21,direct,2,5,0,0,0
3254,59,2024-03-21,email,3,5,0,0,1
3254,59,2024-03-21,direct,4,5,0,0,0
3254,59,2024-03-21,email,5,5,0,0,1
3255,446,2024-03-02,direct,1,5,0,0,0
3255,446,2024-03-02,organic_search,2,5,0,0,0
3255,446,2024-03-02,email,3,5,0,0,1
3255,446,2024-03-02,referral,4,5,0,0,5
3255,446,2024-03-02,google_ads,5,5,0,0,12
3256,1344,2024-02-07,email,1,5,0,0,1
3256,1344,2024-02-07,referral,2,5,0,0,5
3256,1344,2024-02-07,organic_search,3,5,0,0,0
3256,1344,2024-02-07,google_ads,4,5,0,0,12
3256,1344,2024-02-07,google_ads,5,5,0,0,12
3257,1710,2024-06-26,email,1,3,0,0,1
3257,1710,2024-06-26,google_ads,2,3,0,0,12
3257,1710,2024-06-26,email,3,3,0,0,1
3258,1291,2024-02-24,direct,1,6,0,0,0
3258,1291,2024-02-24,facebook_ads,2,6,0,0,8
3258,1291,2024-02-24,google_ads,3,6,0,0,12
3258,1291,2024-02-24,referral,4,6,0,0,5
3258,1291,2024-02-24,email,5,6,0,0,1
3258,1291,2024-02-24,organic_search,6,6,0,0,0
3259,1109,2024-09-03,google_ads,1,2,0,0,12
3259,1109,2024-09-03,referral,2,2,0,0,5
3260,952,2024-05-30,organic_search,1,5,0,0,0
3260,952,2024-05-30,organic_search,2,5,0,0,0
3260,952,2024-05-30,email,3,5,0,0,1
3260,952,2024-05-30,google_ads,4,5,0,0,12
3260,952,2024-05-30,facebook_ads,5,5,0,0,8
3261,428,2024-08-22,google_ads,1,2,1,299,12
3261,428,2024-08-22,referral,2,2,1,299,5
3262,1874,2024-01-07,facebook_ads,1,2,0,0,8
3262,1874,2024-01-07,facebook_ads,2,2,0,0,8
3263,702,2024-06-16,google_ads,1,5,0,0,12
3263,702,2024-06-16,direct,2,5,0,0,0
3263,702,2024-06-16,google_ads,3,5,0,0,12
3263,702,2024-06-16,facebook_ads,4,5,0,0,8
3263,702,2024-06-16,direct,5,5,0,0,0
3264,1837,2024-05-10,direct,1,2,0,0,0
3264,1837,2024-05-10,direct,2,2,0,0,0
3265,1886,2024-03-24,facebook_ads,1,6,0,0,8
3265,1886,2024-03-24,facebook_ads,2,6,0,0,8
3265,1886,2024-03-24,organic_search,3,6,0,0,0
3265,1886,2024-03-24,direct,4,6,0,0,0
3265,1886,2024-03-24,referral,5,6,0,0,5
3265,1886,2024-03-24,referral,6,6,0,0,5
3266,100,2024-04-02,referral,1,5,0,0,5
3266,100,2024-04-02,email,2,5,0,0,1
3266,100,2024-04-02,direct,3,5,0,0,0
3266,100,2024-04-02,facebook_ads,4,5,0,0,8
3266,100,2024-04-02,facebook_ads,5,5,0,0,8
3267,549,2024-03-14,facebook_ads,1,2,0,0,8
3267,549,2024-03-14,google_ads,2,2,0,0,12
3268,1611,2024-07-28,organic_search,1,3,0,0,0
3268,1611,2024-07-28,direct,2,3,0,0,0
3268,1611,2024-07-28,referral,3,3,0,0,5
3269,562,2024-03-09,referral,1,1,0,0,5
3270,621,2024-07-09,direct,1,6,0,0,0
3270,621,2024-07-09,organic_search,2,6,0,0,0
3270,621,2024-07-09,organic_search,3,6,0,0,0
3270,621,2024-07-09,direct,4,6,0,0,0
3270,621,2024-07-09,organic_search,5,6,0,0,0
3270,621,2024-07-09,email,6,6,0,0,1
3271,1788,2024-06-22,organic_search,1,4,1,99,0
3271,1788,2024-06-22,direct,2,4,1,99,0
3271,1788,2024-06-22,facebook_ads,3,4,1,99,8
3271,1788,2024-06-22,google_ads,4,4,1,99,12
3272,5,2024-04-12,referral,1,1,0,0,5
3273,1214,2024-05-14,organic_search,1,4,0,0,0
3273,1214,2024-05-14,organic_search,2,4,0,0,0
3273,1214,2024-05-14,referral,3,4,0,0,5
3273,1214,2024-05-14,referral,4,4,0,0,5
3274,875,2024-07-09,referral,1,2,0,0,5
3274,875,2024-07-09,direct,2,2,0,0,0
3275,29,2024-02-03,organic_search,1,1,0,0,0
3276,1424,2024-04-18,facebook_ads,1,1,0,0,8
3277,1526,2024-06-29,referral,1,4,1,49,5
3277,1526,2024-06-29,referral,2,4,1,49,5
3277,1526,2024-06-29,referral,3,4,1,49,5
3277,1526,2024-06-29,referral,4,4,1,49,5
3278,1842,2024-07-11,organic_search,1,1,0,0,0
3279,275,2024-08-19,email,1,3,0,0,1
3279,275,2024-08-19,facebook_ads,2,3,0,0,8
3279,275,2024-08-19,organic_search,3,3,0,0,0
3280,961,2024-06-01,facebook_ads,1,3,0,0,8
3280,961,2024-06-01,referral,2,3,0,0,5
3280,961,2024-06-01,referral,3,3,0,0,5
3281,264,2024-07-15,email,1,2,0,0,1
3281,264,2024-07-15,facebook_ads,2,2,0,0,8
3282,1212,2024-03-23,email,1,6,0,0,1
3282,1212,2024-03-23,direct,2,6,0,0,0
3282,1212,2024-03-23,google_ads,3,6,0,0,12
3282,1212,2024-03-23,organic_search,4,6,0,0,0
3282,1212,2024-03-23,google_ads,5,6,0,0,12
3282,1212,2024-03-23,facebook_ads,6,6,0,0,8
3283,664,2024-07-08,google_ads,1,5,1,99,12
3283,664,2024-07-08,facebook_ads,2,5,1,99,8
3283,664,2024-07-08,referral,3,5,1,99,5
3283,664,2024-07-08,direct,4,5,1,99,0
3283,664,2024-07-08,facebook_ads,5,5,1,99,8
3284,1268,2024-02-15,direct,1,6,0,0,0
3284,1268,2024-02-15,facebook_ads,2,6,0,0,8
3284,1268,2024-02-15,google_ads,3,6,0,0,12
3284,1268,2024-02-15,direct,4,6,0,0,0
3284,1268,2024-02-15,facebook_ads,5,6,0,0,8
3284,1268,2024-02-15,facebook_ads,6,6,0,0,8
3285,267,2024-04-26,facebook_ads,1,1,0,0,8
3286,939,2024-07-29,referral,1,3,1,49,5
3286,939,2024-07-29,direct,2,3,1,49,0
3286,939,2024-07-29,email,3,3,1,49,1
3287,1779,2024-07-14,referral,1,6,1,49,5
3287,1779,2024-07-14,referral,2,6,1,49,5
3287,1779,2024-07-14,facebook_ads,3,6,1,49,8
3287,1779,2024-07-14,organic_search,4,6,1,49,0
3287,1779,2024-07-14,facebook_ads,5,6,1,49,8
3287,1779,2024-07-14,facebook_ads,6,6,1,49,8
3288,1041,2024-07-19,google_ads,1,6,0,0,12
3288,1041,2024-07-19,referral,2,6,0,0,5
3288,1041,2024-07-19,email,3,6,0,0,1
3288,1041,2024-07-19,referral,4,6,0,0,5
3288,1041,2024-07-19,google_ads,5,6,0,0,12
3288,1041,2024-07-19,direct,6,6,0,0,0
3289,1770,2024-04-23,organic_search,1,1,0,0,0
3290,1476,2024-06-03,direct,1,4,0,0,0
3290,1476,2024-06-03,facebook_ads,2,4,0,0,8
3290,1476,2024-06-03,google_ads,3,4,0,0,12
3290,1476,2024-06-03,referral,4,4,0,0,5
3291,1116,2024-02-03,direct,1,3,0,0,0
3291,1116,2024-02-03,referral,2,3,0,0,5
3291,1116,2024-02-03,referral,3,3,0,0,5
3292,247,2024-04-15,referral,1,3,0,0,5
3292,247,2024-04-15,email,2,3,0,0,1
3292,247,2024-04-15,direct,3,3,0,0,0
3293,1465,2024-09-17,referral,1,3,0,0,5
3293,1465,2024-09-17,google_ads,2,3,0,0,12
3293,1465,2024-09-17,facebook_ads,3,3,0,0,8
3294,1627,2024-01-23,direct,1,2,1,299,0
3294,1627,2024-01-23,facebook_ads,2,2,1,299,8
3295,1747,2024-05-05,referral,1,1,1,299,5
3296,141,2024-03-31,email,1,5,0,0,1
3296,141,2024-03-31,organic_search,2,5,0,0,0
3296,141,2024-03-31,email,3,5,0,0,1
3296,141,2024-03-31,google_ads,4,5,0,0,12
3296,141,2024-03-31,google_ads,5,5,0,0,12
3297,472,2024-05-13,email,1,2,0,0,1
3297,472,2024-05-13,referral,2,2,0,0,5
3298,1645,2024-01-04,referral,1,3,0,0,5
3298,1645,2024-01-04,google_ads,2,3,0,0,12
3298,1645,2024-01-04,email,3,3,0,0,1
3299,1659,2024-06-24,direct,1,6,0,0,0
3299,1659,2024-06-24,referral,2,6,0,0,5
3299,1659,2024-06-24,referral,3,6,0,0,5
3299,1659,2024-06-24,direct,4,6,0,0,0
3299,1659,2024-06-24,facebook_ads,5,6,0,0,8
3299,1659,2024-06-24,facebook_ads,6,6,0,0,8
3300,101,2024-09-19,referral,1,4,0,0,5
3300,101,2024-09-19,facebook_ads,2,4,0,0,8
3300,101,2024-09-19,direct,3,4,0,0,0
3300,101,2024-09-19,email,4,4,0,0,1
3301,1726,2024-06-29,email,1,1,0,0,1
3302,1949,2024-01-30,referral,1,2,0,0,5
3302,1949,2024-01-30,referral,2,2,0,0,5
3303,778,2024-08-14,google_ads,1,1,0,0,12
3304,1636,2024-02-23,referral,1,2,0,0,5
3304,1636,2024-02-23,direct,2,2,0,0,0
3305,184,2024-03-07,referral,1,3,0,0,5
3305,184,2024-03-07,referral,2,3,0,0,5
3305,184,2024-03-07,referral,3,3,0,0,5
3306,1188,2024-02-17,direct,1,5,0,0,0
3306,1188,2024-02-17,referral,2,5,0,0,5
3306,1188,2024-02-17,email,3,5,0,0,1
3306,1188,2024-02-17,referral,4,5,0,0,5
3306,1188,2024-02-17,google_ads,5,5,0,0,12
3307,1151,2024-06-11,google_ads,1,4,0,0,12
3307,1151,2024-06-11,email,2,4,0,0,1
3307,1151,2024-06-11,facebook_ads,3,4,0,0,8
3307,1151,2024-06-11,direct,4,4,0,0,0
3308,892,2024-09-06,facebook_ads,1,6,0,0,8
3308,892,2024-09-06,facebook_ads,2,6,0,0,8
3308,892,2024-09-06,referral,3,6,0,0,5
3308,892,2024-09-06,google_ads,4,6,0,0,12
3308,892,2024-09-06,google_ads,5,6,0,0,12
3308,892,2024-09-06,facebook_ads,6,6,0,0,8
3309,300,2024-07-17,direct,1,1,0,0,0
3310,1984,2024-03-11,google_ads,1,3,0,0,12
3310,1984,2024-03-11,facebook_ads,2,3,0,0,8
3310,1984,2024-03-11,organic_search,3,3,0,0,0
3311,530,2024-09-21,facebook_ads,1,4,0,0,8
3311,530,2024-09-21,organic_search,2,4,0,0,0
3311,530,2024-09-21,google_ads,3,4,0,0,12
3311,530,2024-09-21,google_ads,4,4,0,0,12
3312,520,2024-01-03,google_ads,1,5,0,0,12
3312,520,2024-01-03,direct,2,5,0,0,0
3312,520,2024-01-03,organic_search,3,5,0,0,0
3312,520,2024-01-03,google_ads,4,5,0,0,12
3312,520,2024-01-03,facebook_ads,5,5,0,0,8
3313,551,2024-08-01,facebook_ads,1,6,0,0,8
3313,551,2024-08-01,organic_search,2,6,0,0,0
3313,551,2024-08-01,google_ads,3,6,0,0,12
3313,551,2024-08-01,google_ads,4,6,0,0,12
3313,551,2024-08-01,google_ads,5,6,0,0,12
3313,551,2024-08-01,referral,6,6,0,0,5
3314,270,2024-06-01,facebook_ads,1,3,1,499,8
3314,270,2024-06-01,email,2,3,1,499,1
3314,270,2024-06-01,email,3,3,1,499,1
3315,1309,2024-08-21,organic_search,1,2,1,99,0
3315,1309,2024-08-21,referral,2,2,1,99,5
3316,1125,2024-05-09,google_ads,1,5,0,0,12
3316,1125,2024-05-09,google_ads,2,5,0,0,12
3316,1125,2024-05-09,direct,3,5,0,0,0
3316,1125,2024-05-09,organic_search,4,5,0,0,0
3316,1125,2024-05-09,email,5,5,0,0,1
3317,129,2024-09-09,referral,1,2,0,0,5
3317,129,2024-09-09,email,2,2,0,0,1
3318,992,2024-07-22,email,1,6,0,0,1
3318,992,2024-07-22,referral,2,6,0,0,5
3318,992,2024-07-22,direct,3,6,0,0,0
3318,992,2024-07-22,direct,4,6,0,0,0
3318,992,2024-07-22,facebook_ads,5,6,0,0,8
3318,992,2024-07-22,facebook_ads,6,6,0,0,8
3319,1012,2024-04-30,email,1,2,0,0,1
3319,1012,2024-04-30,direct,2,2,0,0,0
3320,1625,2024-02-26,organic_search,1,2,0,0,0
3320,1625,2024-02-26,direct,2,2,0,0,0
3321,1732,2024-05-24,organic_search,1,6,0,0,0
3321,1732,2024-05-24,facebook_ads,2,6,0,0,8
3321,1732,2024-05-24,direct,3,6,0,0,0
3321,1732,2024-05-24,referral,4,6,0,0,5
3321,1732,2024-05-24,direct,5,6,0,0,0
3321,1732,2024-05-24,direct,6,6,0,0,0
3322,333,2024-01-28,facebook_ads,1,6,0,0,8
3322,333,2024-01-28,referral,2,6,0,0,5
3322,333,2024-01-28,facebook_ads,3,6,0,0,8
3322,333,2024-01-28,email,4,6,0,0,1
3322,333,2024-01-28,referral,5,6,0,0,5
3322,333,2024-01-28,referral,6,6,0,0,5
3323,876,2024-04-20,direct,1,6,1,49,0
3323,876,2024-04-20,facebook_ads,2,6,1,49,8
3323,876,2024-04-20,direct,3,6,1,49,0
3323,876,2024-04-20,email,4,6,1,49,1
3323,876,2024-04-20,organic_search,5,6,1,49,0
3323,876,2024-04-20,direct,6,6,1,49,0
3324,184,2024-04-03,facebook_ads,1,6,0,0,8
3324,184,2024-04-03,google_ads,2,6,0,0,12
3324,184,2024-04-03,facebook_ads,3,6,0,0,8
3324,184,2024-04-03,email,4,6,0,0,1
3324,184,2024-04-03,facebook_ads,5,6,0,0,8
3324,184,2024-04-03,google_ads,6,6,0,0,12
3325,753,2024-07-06,direct,1,1,0,0,0
3326,1245,2024-06-01,google_ads,1,1,0,0,12
3327,1068,2024-01-03,referral,1,2,1,149,5
3327,1068,2024-01-03,referral,2,2,1,149,5
3328,705,2024-06-26,direct,1,2,0,0,0
3328,705,2024-06-26,facebook_ads,2,2,0,0,8
3329,1085,2024-04-04,organic_search,1,5,1,499,0
3329,1085,2024-04-04,facebook_ads,2,5,1,499,8
3329,1085,2024-04-04,direct,3,5,1,499,0
3329,1085,2024-04-04,facebook_ads,4,5,1,499,8
3329,1085,2024-04-04,referral,5,5,1,499,5
3330,469,2024-05-10,email,1,2,0,0,1
3330,469,2024-05-10,organic_search,2,2,0,0,0
3331,271,2024-05-15,google_ads,1,5,0,0,12
3331,271,2024-05-15,referral,2,5,0,0,5
3331,271,2024-05-15,referral,3,5,0,0,5
3331,271,2024-05-15,facebook_ads,4,5,0,0,8
3331,271,2024-05-15,google_ads,5,5,0,0,12
3332,440,2024-01-23,email,1,2,0,0,1
3332,440,2024-01-23,google_ads,2,2,0,0,12
3333,1353,2024-03-17,organic_search,1,6,0,0,0
3333,1353,2024-03-17,organic_search,2,6,0,0,0
3333,1353,2024-03-17,facebook_ads,3,6,0,0,8
3333,1353,2024-03-17,facebook_ads,4,6,0,0,8
3333,1353,2024-03-17,facebook_ads,5,6,0,0,8
3333,1353,2024-03-17,email,6,6,0,0,1
3334,897,2024-02-10,referral,1,6,0,0,5
3334,897,2024-02-10,organic_search,2,6,0,0,0
3334,897,2024-02-10,facebook_ads,3,6,0,0,8
3334,897,2024-02-10,direct,4,6,0,0,0
3334,897,2024-02-10,organic_search,5,6,0,0,0
3334,897,2024-02-10,direct,6,6,0,0,0
3335,531,2024-04-18,referral,1,4,0,0,5
3335,531,2024-04-18,direct,2,4,0,0,0
3335,531,2024-04-18,referral,3,4,0,0,5
3335,531,2024-04-18,facebook_ads,4,4,0,0,8
3336,373,2024-03-22,email,1,4,0,0,1
3336,373,2024-03-22,email,2,4,0,0,1
3336,373,2024-03-22,referral,3,4,0,0,5
3336,373,2024-03-22,email,4,4,0,0,1
3337,455,2024-07-21,organic_search,1,3,0,0,0
3337,455,2024-07-21,organic_search,2,3,0,0,0
3337,455,2024-07-21,referral,3,3,0,0,5
3338,1428,2024-07-03,referral,1,4,0,0,5
3338,1428,2024-07-03,direct,2,4,0,0,0
3338,1428,2024-07-03,email,3,4,0,0,1
3338,1428,2024-07-03,direct,4,4,0,0,0
3339,198,2024-03-14,email,1,2,1,49,1
3339,198,2024-03-14,facebook_ads,2,2,1,49,8
3340,820,2024-01-25,google_ads,1,4,0,0,12
3340,820,2024-01-25,google_ads,2,4,0,0,12
3340,820,2024-01-25,direct,3,4,0,0,0
3340,820,2024-01-25,google_ads,4,4,0,0,12
3341,890,2024-05-13,referral,1,4,0,0,5
3341,890,2024-05-13,organic_search,2,4,0,0,0
3341,890,2024-05-13,direct,3,4,0,0,0
3341,890,2024-05-13,direct,4,4,0,0,0
3342,533,2024-05-20,google_ads,1,2,0,0,12
3342,533,2024-05-20,organic_search,2,2,0,0,0
3343,290,2024-02-16,referral,1,2,0,0,5
3343,290,2024-02-16,google_ads,2,2,0,0,12
3344,1523,2024-08-14,organic_search,1,1,0,0,0
3345,1644,2024-02-12,direct,1,2,0,0,0
3345,1644,2024-02-12,organic_search,2,2,0,0,0
3346,1807,2024-07-21,organic_search,1,4,0,0,0
3346,1807,2024-07-21,direct,2,4,0,0,0
3346,1807,2024-07-21,google_ads,3,4,0,0,12
3346,1807,2024-07-21,direct,4,4,0,0,0
3347,580,2024-03-19,direct,1,4,0,0,0
3347,580,2024-03-19,facebook_ads,2,4,0,0,8
3347,580,2024-03-19,organic_search,3,4,0,0,0
3347,580,2024-03-19,referral,4,4,0,0,5
3348,1539,2024-09-16,organic_search,1,5,0,0,0
3348,1539,2024-09-16,facebook_ads,2,5,0,0,8
3348,1539,2024-09-16,referral,3,5,0,0,5
3348,1539,2024-09-16,direct,4,5,0,0,0
3348,1539,2024-09-16,direct,5,5,0,0,0
3349,1896,2024-08-04,direct,1,1,0,0,0
3350,1516,2024-01-23,email,1,3,0,0,1
3350,1516,2024-01-23,facebook_ads,2,3,0,0,8
3350,1516,2024-01-23,referral,3,3,0,0,5
3351,244,2024-01-14,facebook_ads,1,5,0,0,8
3351,244,2024-01-14,google_ads,2,5,0,0,12
3351,244,2024-01-14,google_ads,3,5,0,0,12
3351,244,2024-01-14,referral,4,5,0,0,5
3351,244,2024-01-14,organic_search,5,5,0,0,0
3352,272,2024-07-27,google_ads,1,3,1,499,12
3352,272,2024-07-27,email,2,3,1,499,1
3352,272,2024-07-27,direct,3,3,1,499,0
3353,408,2024-03-11,google_ads,1,1,0,0,12
3354,1337,2024-07-17,facebook_ads,1,3,0,0,8
3354,1337,2024-07-17,organic_search,2,3,0,0,0
3354,1337,2024-07-17,direct,3,3,0,0,0
3355,530,2024-09-04,organic_search,1,5,0,0,0
3355,530,2024-09-04,google_ads,2,5,0,0,12
3355,530,2024-09-04,direct,3,5,0,0,0
3355,530,2024-09-04,google_ads,4,5,0,0,12
3355,530,2024-09-04,referral,5,5,0,0,5
3356,1961,2024-06-06,facebook_ads,1,5,0,0,8
3356,1961,2024-06-06,organic_search,2,5,0,0,0
3356,1961,2024-06-06,google_ads,3,5,0,0,12
3356,1961,2024-06-06,referral,4,5,0,0,5
3356,1961,2024-06-06,organic_search,5,5,0,0,0
3357,1993,2024-07-30,referral,1,2,0,0,5
3357,1993,2024-07-30,organic_search,2,2,0,0,0
3358,119,2024-09-10,google_ads,1,1,0,0,12
3359,543,2024-02-22,organic_search,1,4,0,0,0
3359,543,2024-02-22,facebook_ads,2,4,0,0,8
3359,543,2024-02-22,referral,3,4,0,0,5
3359,543,2024-02-22,facebook_ads,4,4,0,0,8
3360,1947,2024-06-09,direct,1,6,0,0,0
3360,1947,2024-06-09,referral,2,6,0,0,5
3360,1947,2024-06-09,google_ads,3,6,0,0,12
3360,1947,2024-06-09,google_ads,4,6,0,0,12
3360,1947,2024-06-09,google_ads,5,6,0,0,12
3360,1947,2024-06-09,organic_search,6,6,0,0,0
3361,1366,2024-05-22,direct,1,6,0,0,0
3361,1366,2024-05-22,direct,2,6,0,0,0
3361,1366,2024-05-22,referral,3,6,0,0,5
3361,1366,2024-05-22,organic_search,4,6,0,0,0
3361,1366,2024-05-22,organic_search,5,6,0,0,0
3361,1366,2024-05-22,organic_search,6,6,0,0,0
3362,363,2024-03-06,email,1,6,0,0,1
3362,363,2024-03-06,facebook_ads,2,6,0,0,8
3362,363,2024-03-06,organic_search,3,6,0,0,0
3362,363,2024-03-06,facebook_ads,4,6,0,0,8
3362,363,2024-03-06,organic_search,5,6,0,0,0
3362,363,2024-03-06,facebook_ads,6,6,0,0,8
3363,42,2024-06-25,direct,1,1,0,0,0
3364,1283,2024-09-07,referral,1,5,1,499,5
3364,1283,2024-09-07,facebook_ads,2,5,1,499,8
3364,1283,2024-09-07,direct,3,5,1,499,0
3364,1283,2024-09-07,email,4,5,1,499,1
3364,1283,2024-09-07,email,5,5,1,499,1
3365,1449,2024-09-25,google_ads,1,2,0,0,12
3365,1449,2024-09-25,direct,2,2,0,0,0
3366,65,2024-03-03,facebook_ads,1,3,0,0,8
3366,65,2024-03-03,email,2,3,0,0,1
3366,65,2024-03-03,direct,3,3,0,0,0
3367,102,2024-03-15,google_ads,1,2,0,0,12
3367,102,2024-03-15,organic_search,2,2,0,0,0
3368,820,2024-04-27,referral,1,2,0,0,5
3368,820,2024-04-27,facebook_ads,2,2,0,0,8
3369,1858,2024-07-25,facebook_ads,1,6,0,0,8
3369,1858,2024-07-25,organic_search,2,6,0,0,0
3369,1858,2024-07-25,google_ads,3,6,0,0,12
3369,1858,2024-07-25,google_ads,4,6,0,0,12
3369,1858,2024-07-25,email,5,6,0,0,1
3369,1858,2024-07-25,organic_search,6,6,0,0,0
3370,1374,2024-05-31,facebook_ads,1,3,0,0,8
3370,1374,2024-05-31,email,2,3,0,0,1
3370,1374,2024-05-31,facebook_ads,3,3,0,0,8
3371,491,2024-06-24,referral,1,6,0,0,5
3371,491,2024-06-24,google_ads,2,6,0,0,12
3371,491,2024-06-24,organic_search,3,6,0,0,0
3371,491,2024-06-24,email,4,6,0,0,1
3371,491,2024-06-24,referral,5,6,0,0,5
3371,491,2024-06-24,direct,6,6,0,0,0
3372,1110,2024-01-23,direct,1,5,0,0,0
3372,1110,2024-01-23,organic_search,2,5,0,0,0
3372,1110,2024-01-23,email,3,5,0,0,1
3372,1110,2024-01-23,organic_search,4,5,0,0,0
3372,1110,2024-01-23,google_ads,5,5,0,0,12
3373,1635,2024-04-04,google_ads,1,1,0,0,12
3374,1874,2024-07-20,direct,1,3,1,499,0
3374,1874,2024-07-20,direct,2,3,1,499,0
3374,1874,2024-07-20,email,3,3,1,499,1
3375,181,2024-08-24,google_ads,1,3,0,0,12
3375,181,2024-08-24,google_ads,2,3,0,0,12
3375,181,2024-08-24,email,3,3,0,0,1
3376,142,2024-06-22,email,1,5,1,99,1
3376,142,2024-06-22,direct,2,5,1,99,0
3376,142,2024-06-22,referral,3,5,1,99,5
3376,142,2024-06-22,facebook_ads,4,5,1,99,8
3376,142,2024-06-22,facebook_ads,5,5,1,99,8
3377,1330,2024-07-05,google_ads,1,3,0,0,12
3377,1330,2024-07-05,facebook_ads,2,3,0,0,8
3377,1330,2024-07-05,organic_search,3,3,0,0,0
3378,920,2024-04-01,referral,1,4,0,0,5
3378,920,2024-04-01,google_ads,2,4,0,0,12
3378,920,2024-04-01,facebook_ads,3,4,0,0,8
3378,920,2024-04-01,organic_search,4,4,0,0,0
3379,736,2024-08-20,organic_search,1,1,0,0,0
3380,1404,2024-03-20,facebook_ads,1,4,1,499,8
3380,1404,2024-03-20,facebook_ads,2,4,1,499,8
3380,1404,2024-03-20,direct,3,4,1,499,0
3380,1404,2024-03-20,referral,4,4,1,499,5
3381,1623,2024-08-03,facebook_ads,1,6,0,0,8
3381,1623,2024-08-03,email,2,6,0,0,1
3381,1623,2024-08-03,organic_search,3,6,0,0,0
3381,1623,2024-08-03,direct,4,6,0,0,0
3381,1623,2024-08-03,facebook_ads,5,6,0,0,8
3381,1623,2024-08-03,referral,6,6,0,0,5
3382,101,2024-07-11,referral,1,1,1,499,5
3383,1812,2024-02-11,google_ads,1,1,0,0,12
3384,387,2024-02-08,direct,1,1,0,0,0
3385,24,2024-07-01,google_ads,1,2,1,499,12
3385,24,2024-07-01,organic_search,2,2,1,499,0
3386,1127,2024-07-14,facebook_ads,1,1,1,499,8
3387,295,2024-04-21,organic_search,1,5,1,299,0
3387,295,2024-04-21,email,2,5,1,299,1
3387,295,2024-04-21,referral,3,5,1,299,5
3387,295,2024-04-21,referral,4,5,1,299,5
3387,295,2024-04-21,direct,5,5,1,299,0
3388,742,2024-08-17,organic_search,1,2,0,0,0
3388,742,2024-08-17,email,2,2,0,0,1
3389,563,2024-06-06,organic_search,1,4,0,0,0
3389,563,2024-06-06,google_ads,2,4,0,0,12
3389,563,2024-06-06,organic_search,3,4,0,0,0
3389,563,2024-06-06,referral,4,4,0,0,5
3390,489,2024-05-30,google_ads,1,1,0,0,12
3391,1410,2024-01-14,email,1,2,0,0,1
3391,1410,2024-01-14,email,2,2,0,0,1
3392,722,2024-07-14,email,1,2,0,0,1
3392,722,2024-07-14,facebook_ads,2,2,0,0,8
3393,566,2024-08-31,email,1,6,0,0,1
3393,566,2024-08-31,facebook_ads,2,6,0,0,8
3393,566,2024-08-31,facebook_ads,3,6,0,0,8
3393,566,2024-08-31,email,4,6,0,0,1
3393,566,2024-08-31,direct,5,6,0,0,0
3393,566,2024-08-31,facebook_ads,6,6,0,0,8
3394,90,2024-04-07,facebook_ads,1,3,0,0,8
3394,90,2024-04-07,referral,2,3,0,0,5
3394,90,2024-04-07,facebook_ads,3,3,0,0,8
3395,145,2024-09-18,organic_search,1,5,0,0,0
3395,145,2024-09-18,organic_search,2,5,0,0,0
3395,145,2024-09-18,facebook_ads,3,5,0,0,8
3395,145,2024-09-18,direct,4,5,0,0,0
3395,145,2024-09-18,direct,5,5,0,0,0
3396,280,2024-03-14,organic_search,1,4,0,0,0
3396,280,2024-03-14,facebook_ads,2,4,0,0,8
3396,280,2024-03-14,google_ads,3,4,0,0,12
3396,280,2024-03-14,direct,4,4,0,0,0
3397,1297,2024-04-29,referral,1,1,0,0,5
3398,827,2024-06-20,referral,1,3,0,0,5
3398,827,2024-06-20,facebook_ads,2,3,0,0,8
3398,827,2024-06-20,google_ads,3,3,0,0,12
3399,412,2024-08-24,organic_search,1,5,0,0,0
3399,412,2024-08-24,organic_search,2,5,0,0,0
3399,412,2024-08-24,google_ads,3,5,0,0,12
3399,412,2024-08-24,google_ads,4,5,0,0,12
3399,412,2024-08-24,email,5,5,0,0,1
3400,1886,2024-05-10,email,1,2,0,0,1
3400,1886,2024-05-10,direct,2,2,0,0,0
3401,1522,2024-06-15,organic_search,1,1,0,0,0
3402,1312,2024-01-09,direct,1,2,0,0,0
3402,1312,2024-01-09,google_ads,2,2,0,0,12
3403,607,2024-08-16,direct,1,1,0,0,0
3404,1343,2024-04-26,referral,1,6,0,0,5
3404,1343,2024-04-26,referral,2,6,0,0,5
3404,1343,2024-04-26,referral,3,6,0,0,5
3404,1343,2024-04-26,organic_search,4,6,0,0,0
3404,1343,2024-04-26,referral,5,6,0,0,5
3404,1343,2024-04-26,organic_search,6,6,0,0,0
3405,1265,2024-06-24,referral,1,2,0,0,5
3405,1265,2024-06-24,google_ads,2,2,0,0,12
3406,1921,2024-03-04,referral,1,6,0,0,5
3406,1921,2024-03-04,google_ads,2,6,0,0,12
3406,1921,2024-03-04,email,3,6,0,0,1
3406,1921,2024-03-04,direct,4,6,0,0,0
3406,1921,2024-03-04,email,5,6,0,0,1
3406,1921,2024-03-04,email,6,6,0,0,1
3407,1105,2024-01-26,referral,1,6,0,0,5
3407,1105,2024-01-26,direct,2,6,0,0,0
3407,1105,2024-01-26,google_ads,3,6,0,0,12
3407,1105,2024-01-26,google_ads,4,6,0,0,12
3407,1105,2024-01-26,email,5,6,0,0,1
3407,1105,2024-01-26,email,6,6,0,0,1
3408,1152,2024-09-14,email,1,6,0,0,1
3408,1152,2024-09-14,email,2,6,0,0,1
3408,1152,2024-09-14,direct,3,6,0,0,0
3408,1152,2024-09-14,organic_search,4,6,0,0,0
3408,1152,2024-09-14,organic_search,5,6,0,0,0
3408,1152,2024-09-14,direct,6,6,0,0,0
3409,1516,2024-09-09,facebook_ads,1,3,0,0,8
3409,1516,2024-09-09,email,2,3,0,0,1
3409,1516,2024-09-09,facebook_ads,3,3,0,0,8
3410,1385,2024-03-29,referral,1,5,0,0,5
3410,1385,2024-03-29,referral,2,5,0,0,5
3410,1385,2024-03-29,referral,3,5,0,0,5
3410,1385,2024-03-29,facebook_ads,4,5,0,0,8
3410,1385,2024-03-29,facebook_ads,5,5,0,0,8
3411,664,2024-07-24,google_ads,1,3,0,0,12
3411,664,2024-07-24,email,2,3,0,0,1
3411,664,2024-07-24,direct,3,3,0,0,0
3412,75,2024-09-08,organic_search,1,2,0,0,0
3412,75,2024-09-08,facebook_ads,2,2,0,0,8
3413,710,2024-07-21,email,1,6,0,0,1
3413,710,2024-07-21,referral,2,6,0,0,5
3413,710,2024-07-21,google_ads,3,6,0,0,12
3413,710,2024-07-21,email,4,6,0,0,1
3413,710,2024-07-21,organic_search,5,6,0,0,0
3413,710,2024-07-21,email,6,6,0,0,1
3414,591,2024-08-03,referral,1,4,0,0,5
3414,591,2024-08-03,organic_search,2,4,0,0,0
3414,591,2024-08-03,google_ads,3,4,0,0,12
3414,591,2024-08-03,google_ads,4,4,0,0,12
3415,760,2024-04-09,referral,1,5,0,0,5
3415,760,2024-04-09,facebook_ads,2,5,0,0,8
3415,760,2024-04-09,facebook_ads,3,5,0,0,8
3415,760,2024-04-09,facebook_ads,4,5,0,0,8
3415,760,2024-04-09,referral,5,5,0,0,5
3416,84,2024-04-03,organic_search,1,5,0,0,0
3416,84,2024-04-03,facebook_ads,2,5,0,0,8
3416,84,2024-04-03,facebook_ads,3,5,0,0,8
3416,84,2024-04-03,direct,4,5,0,0,0
3416,84,2024-04-03,direct,5,5,0,0,0
3417,716,2024-02-27,direct,1,5,1,299,0
3417,716,2024-02-27,email,2,5,1,299,1
3417,716,2024-02-27,facebook_ads,3,5,1,299,8
3417,716,2024-02-27,organic_search,4,5,1,299,0
3417,716,2024-02-27,facebook_ads,5,5,1,299,8
3418,231,2024-08-28,direct,1,4,0,0,0
3418,231,2024-08-28,google_ads,2,4,0,0,12
3418,231,2024-08-28,organic_search,3,4,0,0,0
3418,231,2024-08-28,organic_search,4,4,0,0,0
3419,349,2024-05-16,email,1,6,0,0,1
3419,349,2024-05-16,direct,2,6,0,0,0
3419,349,2024-05-16,referral,3,6,0,0,5
3419,349,2024-05-16,email,4,6,0,0,1
3419,349,2024-05-16,google_ads,5,6,0,0,12
3419,349,2024-05-16,referral,6,6,0,0,5
3420,1900,2024-08-30,email,1,5,0,0,1
3420,1900,2024-08-30,email,2,5,0,0,1
3420,1900,2024-08-30,organic_search,3,5,0,0,0
3420,1900,2024-08-30,organic_search,4,5,0,0,0
3420,1900,2024-08-30,facebook_ads,5,5,0,0,8
3421,1444,2024-04-25,google_ads,1,3,0,0,12
3421,1444,2024-04-25,organic_search,2,3,0,0,0
3421,1444,2024-04-25,google_ads,3,3,0,0,12
3422,476,2024-06-16,google_ads,1,6,1,99,12
3422,476,2024-06-16,organic_search,2,6,1,99,0
3422,476,2024-06-16,facebook_ads,3,6,1,99,8
3422,476,2024-06-16,referral,4,6,1,99,5
3422,476,2024-06-16,google_ads,5,6,1,99,12
3422,476,2024-06-16,google_ads,6,6,1,99,12
3423,1373,2024-03-07,email,1,4,0,0,1
3423,1373,2024-03-07,referral,2,4,0,0,5
3423,1373,2024-03-07,email,3,4,0,0,1
3423,1373,2024-03-07,referral,4,4,0,0,5
3424,1094,2024-01-22,facebook_ads,1,5,0,0,8
3424,1094,2024-01-22,facebook_ads,2,5,0,0,8
3424,1094,2024-01-22,facebook_ads,3,5,0,0,8
3424,1094,2024-01-22,facebook_ads,4,5,0,0,8
3424,1094,2024-01-22,google_ads,5,5,0,0,12
3425,1584,2024-04-27,google_ads,1,3,0,0,12
3425,1584,2024-04-27,organic_search,2,3,0,0,0
3425,1584,2024-04-27,facebook_ads,3,3,0,0,8
3426,1315,2024-07-04,email,1,4,0,0,1
3426,1315,2024-07-04,email,2,4,0,0,1
3426,1315,2024-07-04,email,3,4,0,0,1
3426,1315,2024-07-04,facebook_ads,4,4,0,0,8
3427,493,2024-08-31,facebook_ads,1,4,0,0,8
3427,493,2024-08-31,facebook_ads,2,4,0,0,8
3427,493,2024-08-31,google_ads,3,4,0,0,12
3427,493,2024-08-31,direct,4,4,0,0,0
3428,1013,2024-06-03,facebook_ads,1,5,0,0,8
3428,1013,2024-06-03,email,2,5,0,0,1
3428,1013,2024-06-03,referral,3,5,0,0,5
3428,1013,2024-06-03,email,4,5,0,0,1
3428,1013,2024-06-03,facebook_ads,5,5,0,0,8
3429,1043,2024-01-01,organic_search,1,3,0,0,0
3429,1043,2024-01-01,email,2,3,0,0,1
3429,1043,2024-01-01,organic_search,3,3,0,0,0
3430,399,2024-07-19,direct,1,6,0,0,0
3430,399,2024-07-19,referral,2,6,0,0,5
3430,399,2024-07-19,google_ads,3,6,0,0,12
3430,399,2024-07-19,email,4,6,0,0,1
3430,399,2024-07-19,referral,5,6,0,0,5
3430,399,2024-07-19,google_ads,6,6,0,0,12
3431,1866,2024-01-08,organic_search,1,1,0,0,0
3432,603,2024-03-07,organic_search,1,4,0,0,0
3432,603,2024-03-07,referral,2,4,0,0,5
3432,603,2024-03-07,organic_search,3,4,0,0,0
3432,603,2024-03-07,google_ads,4,4,0,0,12
3433,1725,2024-07-14,direct,1,4,0,0,0
3433,1725,2024-07-14,email,2,4,0,0,1
3433,1725,2024-07-14,referral,3,4,0,0,5
3433,1725,2024-07-14,google_ads,4,4,0,0,12
3434,947,2024-03-08,facebook_ads,1,1,0,0,8
3435,363,2024-02-03,referral,1,2,0,0,5
3435,363,2024-02-03,referral,2,2,0,0,5
3436,944,2024-09-25,email,1,5,1,499,1
3436,944,2024-09-25,referral,2,5,1,499,5
3436,944,2024-09-25,google_ads,3,5,1,499,12
3436,944,2024-09-25,facebook_ads,4,5,1,499,8
3436,944,2024-09-25,direct,5,5,1,499,0
3437,1217,2024-08-05,organic_search,1,4,0,0,0
3437,1217,2024-08-05,google_ads,2,4,0,0,12
3437,1217,2024-08-05,direct,3,4,0,0,0
3437,1217,2024-08-05,facebook_ads,4,4,0,0,8
3438,449,2024-03-18,email,1,2,0,0,1
3438,449,2024-03-18,direct,2,2,0,0,0
3439,1656,2024-08-08,referral,1,3,0,0,5
3439,1656,2024-08-08,organic_search,2,3,0,0,0
3439,1656,2024-08-08,direct,3,3,0,0,0
3440,621,2024-01-02,organic_search,1,1,1,499,0
3441,822,2024-01-05,organic_search,1,5,0,0,0
3441,822,2024-01-05,facebook_ads,2,5,0,0,8
3441,822,2024-01-05,direct,3,5,0,0,0
3441,822,2024-01-05,facebook_ads,4,5,0,0,8
3441,822,2024-01-05,email,5,5,0,0,1
3442,1434,2024-06-22,referral,1,1,0,0,5
3443,73,2024-08-11,facebook_ads,1,4,0,0,8
3443,73,2024-08-11,direct,2,4,0,0,0
3443,73,2024-08-11,google_ads,3,4,0,0,12
3443,73,2024-08-11,direct,4,4,0,0,0
3444,1106,2024-01-04,google_ads,1,1,0,0,12
3445,641,2024-02-19,facebook_ads,1,3,0,0,8
3445,641,2024-02-19,google_ads,2,3,0,0,12
3445,641,2024-02-19,organic_search,3,3,0,0,0
3446,1325,2024-04-15,referral,1,1,0,0,5
3447,108,2024-09-02,organic_search,1,4,0,0,0
3447,108,2024-09-02,facebook_ads,2,4,0,0,8
3447,108,2024-09-02,direct,3,4,0,0,0
3447,108,2024-09-02,organic_search,4,4,0,0,0
3448,1943,2024-05-02,facebook_ads,1,2,0,0,8
3448,1943,2024-05-02,email,2,2,0,0,1
3449,1384,2024-06-10,direct,1,1,0,0,0
3450,173,2024-08-31,organic_search,1,6,0,0,0
3450,173,2024-08-31,organic_search,2,6,0,0,0
3450,173,2024-08-31,facebook_ads,3,6,0,0,8
3450,173,2024-08-31,direct,4,6,0,0,0
3450,173,2024-08-31,email,5,6,0,0,1
3450,173,2024-08-31,email,6,6,0,0,1
3451,815,2024-01-20,referral,1,1,0,0,5
3452,909,2024-05-05,facebook_ads,1,4,0,0,8
3452,909,2024-05-05,google_ads,2,4,0,0,12
3452,909,2024-05-05,referral,3,4,0,0,5
3452,909,2024-05-05,email,4,4,0,0,1
3453,518,2024-08-26,email,1,6,0,0,1
3453,518,2024-08-26,email,2,6,0,0,1
3453,518,2024-08-26,direct,3,6,0,0,0
3453,518,2024-08-26,referral,4,6,0,0,5
3453,518,2024-08-26,google_ads,5,6,0,0,12
3453,518,2024-08-26,facebook_ads,6,6,0,0,8
3454,1749,2024-06-11,google_ads,1,1,0,0,12
3455,505,2024-06-22,referral,1,5,0,0,5
3455,505,2024-06-22,direct,2,5,0,0,0
3455,505,2024-06-22,facebook_ads,3,5,0,0,8
3455,505,2024-06-22,facebook_ads,4,5,0,0,8
3455,505,2024-06-22,referral,5,5,0,0,5
3456,803,2024-03-13,facebook_ads,1,4,0,0,8
3456,803,2024-03-13,referral,2,4,0,0,5
3456,803,2024-03-13,organic_search,3,4,0,0,0
3456,803,2024-03-13,facebook_ads,4,4,0,0,8
3457,61,2024-06-25,referral,1,4,0,0,5
3457,61,2024-06-25,facebook_ads,2,4,0,0,8
3457,61,2024-06-25,facebook_ads,3,4,0,0,8
3457,61,2024-06-25,email,4,4,0,0,1
3458,1995,2024-09-23,google_ads,1,3,0,0,12
3458,1995,2024-09-23,referral,2,3,0,0,5
3458,1995,2024-09-23,email,3,3,0,0,1
3459,1104,2024-05-01,facebook_ads,1,5,0,0,8
3459,1104,2024-05-01,facebook_ads,2,5,0,0,8
3459,1104,2024-05-01,organic_search,3,5,0,0,0
3459,1104,2024-05-01,organic_search,4,5,0,0,0
3459,1104,2024-05-01,google_ads,5,5,0,0,12
3460,856,2024-09-09,organic_search,1,3,0,0,0
3460,856,2024-09-09,facebook_ads,2,3,0,0,8
3460,856,2024-09-09,direct,3,3,0,0,0
3461,1349,2024-07-11,facebook_ads,1,2,0,0,8
3461,1349,2024-07-11,facebook_ads,2,2,0,0,8
3462,1482,2024-02-16,referral,1,4,0,0,5
3462,1482,2024-02-16,direct,2,4,0,0,0
3462,1482,2024-02-16,email,3,4,0,0,1
3462,1482,2024-02-16,facebook_ads,4,4,0,0,8
3463,951,2024-09-13,google_ads,1,2,0,0,12
3463,951,2024-09-13,google_ads,2,2,0,0,12
3464,1778,2024-02-28,referral,1,1,0,0,5
3465,348,2024-04-06,google_ads,1,6,1,149,12
3465,348,2024-04-06,google_ads,2,6,1,149,12
3465,348,2024-04-06,referral,3,6,1,149,5
3465,348,2024-04-06,direct,4,6,1,149,0
3465,348,2024-04-06,google_ads,5,6,1,149,12
3465,348,2024-04-06,referral,6,6,1,149,5
3466,357,2024-09-17,facebook_ads,1,6,0,0,8
3466,357,2024-09-17,email,2,6,0,0,1
3466,357,2024-09-17,google_ads,3,6,0,0,12
3466,357,2024-09-17,organic_search,4,6,0,0,0
3466,357,2024-09-17,email,5,6,0,0,1
3466,357,2024-09-17,facebook_ads,6,6,0,0,8
3467,480,2024-07-02,direct,1,2,0,0,0
3467,480,2024-07-02,direct,2,2,0,0,0
3468,1688,2024-09-13,google_ads,1,3,0,0,12
3468,1688,2024-09-13,referral,2,3,0,0,5
3468,1688,2024-09-13,email,3,3,0,0,1
3469,580,2024-08-04,organic_search,1,1,0,0,0
3470,629,2024-01-26,google_ads,1,1,0,0,12
3471,1850,2024-05-01,referral,1,1,0,0,5
3472,1053,2024-06-09,email,1,5,1,49,1
3472,1053,2024-06-09,facebook_ads,2,5,1,49,8
3472,1053,2024-06-09,direct,3,5,1,49,0
3472,1053,2024-06-09,facebook_ads,4,5,1,49,8
3472,1053,2024-06-09,referral,5,5,1,49,5
3473,1926,2024-05-06,facebook_ads,1,4,0,0,8
3473,1926,2024-05-06,google_ads,2,4,0,0,12
3473,1926,2024-05-06,google_ads,3,4,0,0,12
3473,1926,2024-05-06,email,4,4,0,0,1
3474,636,2024-06-05,organic_search,1,4,0,0,0
3474,636,2024-06-05,direct,2,4,0,0,0
3474,636,2024-06-05,facebook_ads,3,4,0,0,8
3474,636,2024-06-05,email,4,4,0,0,1
3475,46,2024-09-22,direct,1,6,0,0,0
3475,46,2024-09-22,email,2,6,0,0,1
3475,46,2024-09-22,facebook_ads,3,6,0,0,8
3475,46,2024-09-22,direct,4,6,0,0,0
3475,46,2024-09-22,organic_search,5,6,0,0,0
3475,46,2024-09-22,organic_search,6,6,0,0,0
3476,774,2024-07-19,email,1,3,0,0,1
3476,774,2024-07-19,email,2,3,0,0,1
3476,774,2024-07-19,facebook_ads,3,3,0,0,8
3477,1542,2024-03-28,email,1,6,0,0,1
3477,1542,2024-03-28,direct,2,6,0,0,0
3477,1542,2024-03-28,direct,3,6,0,0,0
3477,1542,2024-03-28,referral,4,6,0,0,5
3477,1542,2024-03-28,google_ads,5,6,0,0,12
3477,1542,2024-03-28,direct,6,6,0,0,0
3478,1569,2024-05-07,organic_search,1,5,0,0,0
3478,1569,2024-05-07,referral,2,5,0,0,5
3478,1569,2024-05-07,organic_search,3,5,0,0,0
3478,1569,2024-05-07,facebook_ads,4,5,0,0,8
3478,1569,2024-05-07,facebook_ads,5,5,0,0,8
3479,1593,2024-07-13,referral,1,3,0,0,5
3479,1593,2024-07-13,direct,2,3,0,0,0
3479,1593,2024-07-13,organic_search,3,3,0,0,0
3480,1490,2024-06-29,organic_search,1,4,0,0,0
3480,1490,2024-06-29,referral,2,4,0,0,5
3480,1490,2024-06-29,organic_search,3,4,0,0,0
3480,1490,2024-06-29,organic_search,4,4,0,0,0
3481,275,2024-05-05,google_ads,1,6,0,0,12
3481,275,2024-05-05,direct,2,6,0,0,0
3481,275,2024-05-05,referral,3,6,0,0,5
3481,275,2024-05-05,google_ads,4,6,0,0,12
3481,275,2024-05-05,email,5,6,0,0,1
3481,275,2024-05-05,email,6,6,0,0,1
3482,1847,2024-05-16,facebook_ads,1,2,0,0,8
3482,1847,2024-05-16,direct,2,2,0,0,0
3483,1741,2024-06-17,google_ads,1,1,0,0,12
3484,1262,2024-07-20,google_ads,1,1,0,0,12
3485,442,2024-02-19,referral,1,3,0,0,5
3485,442,2024-02-19,referral,2,3,0,0,5
3485,442,2024-02-19,email,3,3,0,0,1
3486,1690,2024-03-22,direct,1,3,1,299,0
3486,1690,2024-03-22,email,2,3,1,299,1
3486,1690,2024-03-22,email,3,3,1,299,1
3487,1181,2024-02-24,direct,1,6,0,0,0
3487,1181,2024-02-24,organic_search,2,6,0,0,0
3487,1181,2024-02-24,direct,3,6,0,0,0
3487,1181,2024-02-24,direct,4,6,0,0,0
3487,1181,2024-02-24,email,5,6,0,0,1
3487,1181,2024-02-24,google_ads,6,6,0,0,12
3488,645,2024-02-28,facebook_ads,1,5,0,0,8
3488,645,2024-02-28,referral,2,5,0,0,5
3488,645,2024-02-28,direct,3,5,0,0,0
3488,645,2024-02-28,email,4,5,0,0,1
3488,645,2024-02-28,organic_search,5,5,0,0,0
3489,909,2024-07-26,organic_search,1,4,1,49,0
3489,909,2024-07-26,email,2,4,1,49,1
3489,909,2024-07-26,referral,3,4,1,49,5
3489,909,2024-07-26,facebook_ads,4,4,1,49,8
3490,430,2024-08-24,google_ads,1,2,0,0,12
3490,430,2024-08-24,facebook_ads,2,2,0,0,8
3491,617,2024-09-02,google_ads,1,2,0,0,12
3491,617,2024-09-02,referral,2,2,0,0,5
3492,231,2024-06-14,google_ads,1,6,0,0,12
3492,231,2024-06-14,email,2,6,0,0,1
3492,231,2024-06-14,referral,3,6,0,0,5
3492,231,2024-06-14,organic_search,4,6,0,0,0
3492,231,2024-06-14,facebook_ads,5,6,0,0,8
3492,231,2024-06-14,google_ads,6,6,0,0,12
3493,1855,2024-05-04,organic_search,1,5,0,0,0
3493,1855,2024-05-04,google_ads,2,5,0,0,12
3493,1855,2024-05-04,facebook_ads,3,5,0,0,8
3493,1855,2024-05-04,organic_search,4,5,0,0,0
3493,1855,2024-05-04,direct,5,5,0,0,0
3494,693,2024-03-27,organic_search,1,2,1,499,0
3494,693,2024-03-27,referral,2,2,1,499,5
3495,1362,2024-05-07,organic_search,1,6,0,0,0
3495,1362,2024-05-07,organic_search,2,6,0,0,0
3495,1362,2024-05-07,facebook_ads,3,6,0,0,8
3495,1362,2024-05-07,email,4,6,0,0,1
3495,1362,2024-05-07,email,5,6,0,0,1
3495,1362,2024-05-07,organic_search,6,6,0,0,0
3496,1199,2024-06-24,referral,1,5,0,0,5
3496,1199,2024-06-24,referral,2,5,0,0,5
3496,1199,2024-06-24,facebook_ads,3,5,0,0,8
3496,1199,2024-06-24,google_ads,4,5,0,0,12
3496,1199,2024-06-24,organic_search,5,5,0,0,0
3497,1511,2024-08-12,google_ads,1,3,0,0,12
3497,1511,2024-08-12,facebook_ads,2,3,0,0,8
3497,1511,2024-08-12,organic_search,3,3,0,0,0
3498,146,2024-03-03,email,1,5,0,0,1
3498,146,2024-03-03,facebook_ads,2,5,0,0,8
3498,146,2024-03-03,organic_search,3,5,0,0,0
3498,146,2024-03-03,direct,4,5,0,0,0
3498,146,2024-03-03,google_ads,5,5,0,0,12
3499,23,2024-07-26,facebook_ads,1,4,0,0,8
3499,23,2024-07-26,email,2,4,0,0,1
3499,23,2024-07-26,direct,3,4,0,0,0
3499,23,2024-07-26,facebook_ads,4,4,0,0,8
3500,1127,2024-07-02,organic_search,1,6,0,0,0
3500,1127,2024-07-02,email,2,6,0,0,1
3500,1127,2024-07-02,direct,3,6,0,0,0
3500,1127,2024-07-02,google_ads,4,6,0,0,12
3500,1127,2024-07-02,referral,5,6,0,0,5
3500,1127,2024-07-02,facebook_ads,6,6,0,0,8
3501,960,2024-04-09,google_ads,1,4,0,0,12
3501,960,2024-04-09,facebook_ads,2,4,0,0,8
3501,960,2024-04-09,facebook_ads,3,4,0,0,8
3501,960,2024-04-09,email,4,4,0,0,1
3502,1664,2024-03-01,organic_search,1,1,0,0,0
3503,1674,2024-08-18,email,1,6,0,0,1
3503,1674,2024-08-18,organic_search,2,6,0,0,0
3503,1674,2024-08-18,direct,3,6,0,0,0
3503,1674,2024-08-18,direct,4,6,0,0,0
3503,1674,2024-08-18,organic_search,5,6,0,0,0
3503,1674,2024-08-18,referral,6,6,0,0,5
3504,1589,2024-07-10,google_ads,1,4,0,0,12
3504,1589,2024-07-10,direct,2,4,0,0,0
3504,1589,2024-07-10,facebook_ads,3,4,0,0,8
3504,1589,2024-07-10,direct,4,4,0,0,0
3505,1149,2024-04-18,direct,1,2,0,0,0
3505,1149,2024-04-18,referral,2,2,0,0,5
3506,1131,2024-02-19,direct,1,5,0,0,0
3506,1131,2024-02-19,google_ads,2,5,0,0,12
3506,1131,2024-02-19,organic_search,3,5,0,0,0
3506,1131,2024-02-19,referral,4,5,0,0,5
3506,1131,2024-02-19,facebook_ads,5,5,0,0,8
3507,213,2024-09-23,google_ads,1,2,0,0,12
3507,213,2024-09-23,organic_search,2,2,0,0,0
3508,695,2024-02-16,direct,1,2,0,0,0
3508,695,2024-02-16,organic_search,2,2,0,0,0
3509,1027,2024-02-10,facebook_ads,1,5,0,0,8
3509,1027,2024-02-10,organic_search,2,5,0,0,0
3509,1027,2024-02-10,direct,3,5,0,0,0
3509,1027,2024-02-10,direct,4,5,0,0,0
3509,1027,2024-02-10,referral,5,5,0,0,5
3510,1672,2024-09-11,direct,1,6,1,299,0
3510,1672,2024-09-11,direct,2,6,1,299,0
3510,1672,2024-09-11,google_ads,3,6,1,299,12
3510,1672,2024-09-11,google_ads,4,6,1,299,12
3510,1672,2024-09-11,email,5,6,1,299,1
3510,1672,2024-09-11,organic_search,6,6,1,299,0
3511,1334,2024-01-03,organic_search,1,1,1,149,0
3512,1026,2024-01-23,direct,1,5,0,0,0
3512,1026,2024-01-23,organic_search,2,5,0,0,0
3512,1026,2024-01-23,referral,3,5,0,0,5
3512,1026,2024-01-23,email,4,5,0,0,1
3512,1026,2024-01-23,facebook_ads,5,5,0,0,8
3513,604,2024-07-19,google_ads,1,1,0,0,12
3514,938,2024-03-27,google_ads,1,3,0,0,12
3514,938,2024-03-27,facebook_ads,2,3,0,0,8
3514,938,2024-03-27,direct,3,3,0,0,0
3515,1361,2024-08-11,direct,1,5,0,0,0
3515,1361,2024-08-11,organic_search,2,5,0,0,0
3515,1361,2024-08-11,organic_search,3,5,0,0,0
3515,1361,2024-08-11,google_ads,4,5,0,0,12
3515,1361,2024-08-11,direct,5,5,0,0,0
3516,779,2024-05-26,email,1,4,0,0,1
3516,779,2024-05-26,organic_search,2,4,0,0,0
3516,779,2024-05-26,direct,3,4,0,0,0
3516,779,2024-05-26,email,4,4,0,0,1
3517,1100,2024-08-16,google_ads,1,5,0,0,12
3517,1100,2024-08-16,facebook_ads,2,5,0,0,8
3517,1100,2024-08-16,organic_search,3,5,0,0,0
3517,1100,2024-08-16,google_ads,4,5,0,0,12
3517,1100,2024-08-16,facebook_ads,5,5,0,0,8
3518,1711,2024-05-30,facebook_ads,1,3,0,0,8
3518,1711,2024-05-30,google_ads,2,3,0,0,12
3518,1711,2024-05-30,organic_search,3,3,0,0,0
3519,1962,2024-04-07,facebook_ads,1,2,0,0,8
3519,1962,2024-04-07,google_ads,2,2,0,0,12
3520,1894,2024-01-01,facebook_ads,1,5,0,0,8
3520,1894,2024-01-01,google_ads,2,5,0,0,12
3520,1894,2024-01-01,organic_search,3,5,0,0,0
3520,1894,2024-01-01,email,4,5,0,0,1
3520,1894,2024-01-01,google_ads,5,5,0,0,12
3521,1258,2024-05-26,google_ads,1,2,1,49,12
3521,1258,2024-05-26,referral,2,2,1,49,5
3522,1927,2024-02-14,facebook_ads,1,5,0,0,8
3522,1927,2024-02-14,facebook_ads,2,5,0,0,8
3522,1927,2024-02-14,referral,3,5,0,0,5
3522,1927,2024-02-14,email,4,5,0,0,1
3522,1927,2024-02-14,referral,5,5,0,0,5
3523,1959,2024-03-25,email,1,6,0,0,1
3523,1959,2024-03-25,referral,2,6,0,0,5
3523,1959,2024-03-25,google_ads,3,6,0,0,12
3523,1959,2024-03-25,google_ads,4,6,0,0,12
3523,1959,2024-03-25,direct,5,6,0,0,0
3523,1959,2024-03-25,email,6,6,0,0,1
3524,1977,2024-02-27,direct,1,2,0,0,0
3524,1977,2024-02-27,facebook_ads,2,2,0,0,8
3525,1678,2024-01-19,referral,1,6,0,0,5
3525,1678,2024-01-19,facebook_ads,2,6,0,0,8
3525,1678,2024-01-19,google_ads,3,6,0,0,12
3525,1678,2024-01-19,direct,4,6,0,0,0
3525,1678,2024-01-19,google_ads,5,6,0,0,12
3525,1678,2024-01-19,direct,6,6,0,0,0
3526,645,2024-02-15,email,1,3,1,99,1
3526,645,2024-02-15,organic_search,2,3,1,99,0
3526,645,2024-02-15,referral,3,3,1,99,5
3527,1263,2024-03-03,email,1,4,0,0,1
3527,1263,2024-03-03,organic_search,2,4,0,0,0
3527,1263,2024-03-03,google_ads,3,4,0,0,12
3527,1263,2024-03-03,facebook_ads,4,4,0,0,8
3528,1218,2024-06-11,organic_search,1,2,0,0,0
3528,1218,2024-06-11,referral,2,2,0,0,5
3529,193,2024-02-27,facebook_ads,1,3,0,0,8
3529,193,2024-02-27,facebook_ads,2,3,0,0,8
3529,193,2024-02-27,direct,3,3,0,0,0
3530,943,2024-06-18,google_ads,1,6,0,0,12
3530,943,2024-06-18,facebook_ads,2,6,0,0,8
3530,943,2024-06-18,google_ads,3,6,0,0,12
3530,943,2024-06-18,google_ads,4,6,0,0,12
3530,943,2024-06-18,referral,5,6,0,0,5
3530,943,2024-06-18,email,6,6,0,0,1
3531,651,2024-07-19,organic_search,1,3,0,0,0
3531,651,2024-07-19,direct,2,3,0,0,0
3531,651,2024-07-19,facebook_ads,3,3,0,0,8
3532,45,2024-04-15,organic_search,1,3,0,0,0
3532,45,2024-04-15,direct,2,3,0,0,0
3532,45,2024-04-15,facebook_ads,3,3,0,0,8
3533,1401,2024-09-22,email,1,3,0,0,1
3533,1401,2024-09-22,facebook_ads,2,3,0,0,8
3533,1401,2024-09-22,direct,3,3,0,0,0
3534,175,2024-06-08,direct,1,6,0,0,0
3534,175,2024-06-08,facebook_ads,2,6,0,0,8
3534,175,2024-06-08,google_ads,3,6,0,0,12
3534,175,2024-06-08,organic_search,4,6,0,0,0
3534,175,2024-06-08,organic_search,5,6,0,0,0
3534,175,2024-06-08,facebook_ads,6,6,0,0,8
3535,1699,2024-03-08,google_ads,1,5,0,0,12
3535,1699,2024-03-08,facebook_ads,2,5,0,0,8
3535,1699,2024-03-08,referral,3,5,0,0,5
3535,1699,2024-03-08,google_ads,4,5,0,0,12
3535,1699,2024-03-08,direct,5,5,0,0,0
3536,1943,2024-04-23,organic_search,1,6,0,0,0
3536,1943,2024-04-23,referral,2,6,0,0,5
3536,1943,2024-04-23,facebook_ads,3,6,0,0,8
3536,1943,2024-04-23,direct,4,6,0,0,0
3536,1943,2024-04-23,direct,5,6,0,0,0
3536,1943,2024-04-23,direct,6,6,0,0,0
3537,852,2024-09-21,email,1,1,0,0,1
3538,180,2024-01-02,email,1,5,0,0,1
3538,180,2024-01-02,facebook_ads,2,5,0,0,8
3538,180,2024-01-02,referral,3,5,0,0,5
3538,180,2024-01-02,direct,4,5,0,0,0
3538,180,2024-01-02,facebook_ads,5,5,0,0,8
3539,1056,2024-01-27,facebook_ads,1,4,0,0,8
3539,1056,2024-01-27,google_ads,2,4,0,0,12
3539,1056,2024-01-27,referral,3,4,0,0,5
3539,1056,2024-01-27,referral,4,4,0,0,5
3540,987,2024-06-09,direct,1,3,0,0,0
3540,987,2024-06-09,organic_search,2,3,0,0,0
3540,987,2024-06-09,referral,3,3,0,0,5
3541,1738,2024-09-13,facebook_ads,1,4,0,0,8
3541,1738,2024-09-13,google_ads,2,4,0,0,12
3541,1738,2024-09-13,referral,3,4,0,0,5
3541,1738,2024-09-13,organic_search,4,4,0,0,0
3542,664,2024-07-28,direct,1,1,0,0,0
3543,1793,2024-04-27,facebook_ads,1,1,0,0,8
3544,812,2024-04-11,facebook_ads,1,4,0,0,8
3544,812,2024-04-11,organic_search,2,4,0,0,0
3544,812,2024-04-11,direct,3,4,0,0,0
3544,812,2024-04-11,facebook_ads,4,4,0,0,8
3545,65,2024-08-13,referral,1,1,1,299,5
3546,1689,2024-05-30,organic_search,1,4,1,499,0
3546,1689,2024-05-30,direct,2,4,1,499,0
3546,1689,2024-05-30,facebook_ads,3,4,1,499,8
3546,1689,2024-05-30,referral,4,4,1,499,5
3547,1312,2024-03-02,direct,1,1,1,149,0
3548,1333,2024-05-25,organic_search,1,3,0,0,0
3548,1333,2024-05-25,referral,2,3,0,0,5
3548,1333,2024-05-25,direct,3,3,0,0,0
3549,1886,2024-08-15,direct,1,5,0,0,0
3549,1886,2024-08-15,email,2,5,0,0,1
3549,1886,2024-08-15,direct,3,5,0,0,0
3549,1886,2024-08-15,facebook_ads,4,5,0,0,8
3549,1886,2024-08-15,facebook_ads,5,5,0,0,8
3550,901,2024-05-27,organic_search,1,6,0,0,0
3550,901,2024-05-27,organic_search,2,6,0,0,0
3550,901,2024-05-27,google_ads,3,6,0,0,12
3550,901,2024-05-27,direct,4,6,0,0,0
3550,901,2024-05-27,direct,5,6,0,0,0
3550,901,2024-05-27,direct,6,6,0,0,0
3551,1496,2024-02-12,direct,1,6,0,0,0
3551,1496,2024-02-12,facebook_ads,2,6,0,0,8
3551,1496,2024-02-12,facebook_ads,3,6,0,0,8
3551,1496,2024-02-12,google_ads,4,6,0,0,12
3551,1496,2024-02-12,direct,5,6,0,0,0
3551,1496,2024-02-12,google_ads,6,6,0,0,12
3552,1196,2024-01-10,google_ads,1,2,0,0,12
3552,1196,2024-01-10,organic_search,2,2,0,0,0
3553,258,2024-07-04,facebook_ads,1,1,0,0,8
3554,1866,2024-05-26,referral,1,6,0,0,5
3554,1866,2024-05-26,google_ads,2,6,0,0,12
3554,1866,2024-05-26,google_ads,3,6,0,0,12
3554,1866,2024-05-26,email,4,6,0,0,1
3554,1866,2024-05-26,referral,5,6,0,0,5
3554,1866,2024-05-26,referral,6,6,0,0,5
3555,798,2024-02-02,facebook_ads,1,6,0,0,8
3555,798,2024-02-02,organic_search,2,6,0,0,0
3555,798,2024-02-02,organic_search,3,6,0,0,0
3555,798,2024-02-02,organic_search,4,6,0,0,0
3555,798,2024-02-02,referral,5,6,0,0,5
3555,798,2024-02-02,referral,6,6,0,0,5
3556,26,2024-08-03,organic_search,1,1,0,0,0
3557,322,2024-06-22,google_ads,1,6,0,0,12
3557,322,2024-06-22,referral,2,6,0,0,5
3557,322,2024-06-22,referral,3,6,0,0,5
3557,322,2024-06-22,email,4,6,0,0,1
3557,322,2024-06-22,email,5,6,0,0,1
3557,322,2024-06-22,facebook_ads,6,6,0,0,8
3558,476,2024-09-01,google_ads,1,5,0,0,12
3558,476,2024-09-01,direct,2,5,0,0,0
3558,476,2024-09-01,google_ads,3,5,0,0,12
3558,476,2024-09-01,email,4,5,0,0,1
3558,476,2024-09-01,organic_search,5,5,0,0,0
3559,808,2024-02-09,direct,1,1,0,0,0
3560,940,2024-03-02,facebook_ads,1,1,0,0,8
3561,1917,2024-03-29,google_ads,1,5,0,0,12
3561,1917,2024-03-29,google_ads,2,5,0,0,12
3561,1917,2024-03-29,facebook_ads,3,5,0,0,8
3561,1917,2024-03-29,facebook_ads,4,5,0,0,8
3561,1917,2024-03-29,organic_search,5,5,0,0,0
3562,1803,2024-03-09,email,1,5,0,0,1
3562,1803,2024-03-09,referral,2,5,0,0,5
3562,1803,2024-03-09,direct,3,5,0,0,0
3562,1803,2024-03-09,facebook_ads,4,5,0,0,8
3562,1803,2024-03-09,facebook_ads,5,5,0,0,8
3563,67,2024-01-27,direct,1,3,0,0,0
3563,67,2024-01-27,referral,2,3,0,0,5
3563,67,2024-01-27,organic_search,3,3,0,0,0
3564,764,2024-06-19,email,1,1,1,299,1
3565,829,2024-07-09,google_ads,1,2,0,0,12
3565,829,2024-07-09,google_ads,2,2,0,0,12
3566,1416,2024-09-08,facebook_ads,1,5,0,0,8
3566,1416,2024-09-08,referral,2,5,0,0,5
3566,1416,2024-09-08,organic_search,3,5,0,0,0
3566,1416,2024-09-08,google_ads,4,5,0,0,12
3566,1416,2024-09-08,google_ads,5,5,0,0,12
3567,1968,2024-05-27,email,1,6,0,0,1
3567,1968,2024-05-27,organic_search,2,6,0,0,0
3567,1968,2024-05-27,email,3,6,0,0,1
3567,1968,2024-05-27,facebook_ads,4,6,0,0,8
3567,1968,2024-05-27,organic_search,5,6,0,0,0
3567,1968,2024-05-27,referral,6,6,0,0,5
3568,1508,2024-07-10,direct,1,3,0,0,0
3568,1508,2024-07-10,referral,2,3,0,0,5
3568,1508,2024-07-10,facebook_ads,3,3,0,0,8
3569,1286,2024-03-12,email,1,2,0,0,1
3569,1286,2024-03-12,direct,2,2,0,0,0
3570,1350,2024-05-16,email,1,1,0,0,1
3571,1325,2024-03-23,email,1,4,0,0,1
3571,1325,2024-03-23,facebook_ads,2,4,0,0,8
3571,1325,2024-03-23,email,3,4,0,0,1
3571,1325,2024-03-23,email,4,4,0,0,1
3572,1188,2024-05-05,facebook_ads,1,1,0,0,8
3573,760,2024-09-04,facebook_ads,1,4,0,0,8
3573,760,2024-09-04,google_ads,2,4,0,0,12
3573,760,2024-09-04,facebook_ads,3,4,0,0,8
3573,760,2024-09-04,direct,4,4,0,0,0
3574,589,2024-02-27,organic_search,1,5,0,0,0
3574,589,2024-02-27,email,2,5,0,0,1
3574,589,2024-02-27,google_ads,3,5,0,0,12
3574,589,2024-02-27,direct,4,5,0,0,0
3574,589,2024-02-27,email,5,5,0,0,1
3575,1720,2024-04-19,organic_search,1,6,0,0,0
3575,1720,2024-04-19,google_ads,2,6,0,0,12
3575,1720,2024-04-19,referral,3,6,0,0,5
3575,1720,2024-04-19,referral,4,6,0,0,5
3575,1720,2024-04-19,organic_search,5,6,0,0,0
3575,1720,2024-04-19,facebook_ads,6,6,0,0,8
3576,70,2024-01-07,email,1,3,0,0,1
3576,70,2024-01-07,email,2,3,0,0,1
3576,70,2024-01-07,direct,3,3,0,0,0
3577,1443,2024-09-18,organic_search,1,3,0,0,0
3577,1443,2024-09-18,referral,2,3,0,0,5
3577,1443,2024-09-18,direct,3,3,0,0,0
3578,64,2024-04-15,referral,1,1,0,0,5
3579,940,2024-07-09,facebook_ads,1,1,0,0,8
3580,1610,2024-02-23,referral,1,5,0,0,5
3580,1610,2024-02-23,organic_search,2,5,0,0,0
3580,1610,2024-02-23,facebook_ads,3,5,0,0,8
3580,1610,2024-02-23,referral,4,5,0,0,5
3580,1610,2024-02-23,facebook_ads,5,5,0,0,8
3581,586,2024-09-05,google_ads,1,2,0,0,12
3581,586,2024-09-05,referral,2,2,0,0,5
3582,314,2024-04-11,google_ads,1,1,1,499,12
3583,1663,2024-03-13,facebook_ads,1,6,0,0,8
3583,1663,2024-03-13,google_ads,2,6,0,0,12
3583,1663,2024-03-13,organic_search,3,6,0,0,0
3583,1663,2024-03-13,direct,4,6,0,0,0
3583,1663,2024-03-13,google_ads,5,6,0,0,12
3583,1663,2024-03-13,email,6,6,0,0,1
3584,1481,2024-07-26,organic_search,1,2,0,0,0
3584,1481,2024-07-26,google_ads,2,2,0,0,12
3585,1859,2024-07-24,google_ads,1,2,0,0,12
3585,1859,2024-07-24,direct,2,2,0,0,0
3586,1720,2024-06-02,organic_search,1,3,1,49,0
3586,1720,2024-06-02,referral,2,3,1,49,5
3586,1720,2024-06-02,direct,3,3,1,49,0
3587,509,2024-01-03,referral,1,6,1,149,5
3587,509,2024-01-03,facebook_ads,2,6,1,149,8
3587,509,2024-01-03,email,3,6,1,149,1
3587,509,2024-01-03,google_ads,4,6,1,149,12
3587,509,2024-01-03,google_ads,5,6,1,149,12
3587,509,2024-01-03,direct,6,6,1,149,0
3588,14,2024-07-18,email,1,5,1,499,1
3588,14,2024-07-18,direct,2,5,1,499,0
3588,14,2024-07-18,direct,3,5,1,499,0
3588,14,2024-07-18,direct,4,5,1,499,0
3588,14,2024-07-18,email,5,5,1,499,1
3589,1957,2024-06-25,google_ads,1,5,0,0,12
3589,1957,2024-06-25,google_ads,2,5,0,0,12
3589,1957,2024-06-25,facebook_ads,3,5,0,0,8
3589,1957,2024-06-25,email,4,5,0,0,1
3589,1957,2024-06-25,direct,5,5,0,0,0
3590,104,2024-03-27,direct,1,1,0,0,0
3591,1117,2024-03-06,direct,1,2,1,149,0
3591,1117,2024-03-06,referral,2,2,1,149,5
3592,445,2024-08-20,google_ads,1,6,0,0,12
3592,445,2024-08-20,email,2,6,0,0,1
3592,445,2024-08-20,google_ads,3,6,0,0,12
3592,445,2024-08-20,google_ads,4,6,0,0,12
3592,445,2024-08-20,direct,5,6,0,0,0
3592,445,2024-08-20,facebook_ads,6,6,0,0,8
3593,375,2024-08-23,referral,1,3,0,0,5
3593,375,2024-08-23,facebook_ads,2,3,0,0,8
3593,375,2024-08-23,facebook_ads,3,3,0,0,8
3594,135,2024-07-20,facebook_ads,1,2,0,0,8
3594,135,2024-07-20,organic_search,2,2,0,0,0
3595,399,2024-07-19,referral,1,1,0,0,5
3596,1844,2024-08-03,referral,1,6,0,0,5
3596,1844,2024-08-03,facebook_ads,2,6,0,0,8
3596,1844,2024-08-03,google_ads,3,6,0,0,12
3596,1844,2024-08-03,email,4,6,0,0,1
3596,1844,2024-08-03,organic_search,5,6,0,0,0
3596,1844,2024-08-03,facebook_ads,6,6,0,0,8
3597,15,2024-03-31,facebook_ads,1,5,0,0,8
3597,15,2024-03-31,facebook_ads,2,5,0,0,8
3597,15,2024-03-31,facebook_ads,3,5,0,0,8
3597,15,2024-03-31,referral,4,5,0,0,5
3597,15,2024-03-31,email,5,5,0,0,1
3598,1800,2024-06-13,google_ads,1,6,0,0,12
3598,1800,2024-06-13,direct,2,6,0,0,0
3598,1800,2024-06-13,email,3,6,0,0,1
3598,1800,2024-06-13,organic_search,4,6,0,0,0
3598,1800,2024-06-13,organic_search,5,6,0,0,0
3598,1800,2024-06-13,referral,6,6,0,0,5
3599,310,2024-07-05,facebook_ads,1,4,0,0,8
3599,310,2024-07-05,referral,2,4,0,0,5
3599,310,2024-07-05,google_ads,3,4,0,0,12
3599,310,2024-07-05,facebook_ads,4,4,0,0,8
3600,1986,2024-02-23,direct,1,2,0,0,0
3600,1986,2024-02-23,google_ads,2,2,0,0,12
3601,1145,2024-04-04,referral,1,5,1,149,5
3601,1145,2024-04-04,facebook_ads,2,5,1,149,8
3601,1145,2024-04-04,google_ads,3,5,1,149,12
3601,1145,2024-04-04,referral,4,5,1,149,5
3601,1145,2024-04-04,referral,5,5,1,149,5
3602,1553,2024-06-01,direct,1,5,0,0,0
3602,1553,2024-06-01,facebook_ads,2,5,0,0,8
3602,1553,2024-06-01,referral,3,5,0,0,5
3602,1553,2024-06-01,organic_search,4,5,0,0,0
3602,1553,2024-06-01,organic_search,5,5,0,0,0
3603,1019,2024-07-02,direct,1,5,0,0,0
3603,1019,2024-07-02,direct,2,5,0,0,0
3603,1019,2024-07-02,facebook_ads,3,5,0,0,8
3603,1019,2024-07-02,referral,4,5,0,0,5
3603,1019,2024-07-02,email,5,5,0,0,1
3604,1673,2024-03-23,email,1,4,0,0,1
3604,1673,2024-03-23,organic_search,2,4,0,0,0
3604,1673,2024-03-23,direct,3,4,0,0,0
3604,1673,2024-03-23,referral,4,4,0,0,5
3605,235,2024-05-16,facebook_ads,1,5,0,0,8
3605,235,2024-05-16,google_ads,2,5,0,0,12
3605,235,2024-05-16,direct,3,5,0,0,0
3605,235,2024-05-16,organic_search,4,5,0,0,0
3605,235,2024-05-16,facebook_ads,5,5,0,0,8
3606,622,2024-01-09,email,1,4,1,99,1
3606,622,2024-01-09,email,2,4,1,99,1
3606,622,2024-01-09,facebook_ads,3,4,1,99,8
3606,622,2024-01-09,google_ads,4,4,1,99,12
3607,1328,2024-06-26,email,1,2,0,0,1
3607,1328,2024-06-26,referral,2,2,0,0,5
3608,279,2024-04-11,referral,1,6,1,99,5
3608,279,2024-04-11,facebook_ads,2,6,1,99,8
3608,279,2024-04-11,google_ads,3,6,1,99,12
3608,279,2024-04-11,google_ads,4,6,1,99,12
3608,279,2024-04-11,facebook_ads,5,6,1,99,8
3608,279,2024-04-11,email,6,6,1,99,1
3609,480,2024-05-22,facebook_ads,1,1,0,0,8
3610,1684,2024-02-24,referral,1,3,0,0,5
3610,1684,2024-02-24,email,2,3,0,0,1
3610,1684,2024-02-24,direct,3,3,0,0,0
3611,1001,2024-02-16,facebook_ads,1,4,0,0,8
3611,1001,2024-02-16,direct,2,4,0,0,0
3611,1001,2024-02-16,google_ads,3,4,0,0,12
3611,1001,2024-02-16,direct,4,4,0,0,0
3612,515,2024-01-09,google_ads,1,3,0,0,12
3612,515,2024-01-09,referral,2,3,0,0,5
3612,515,2024-01-09,organic_search,3,3,0,0,0
3613,1404,2024-04-13,referral,1,6,0,0,5
3613,1404,2024-04-13,organic_search,2,6,0,0,0
3613,1404,2024-04-13,organic_search,3,6,0,0,0
3613,1404,2024-04-13,organic_search,4,6,0,0,0
3613,1404,2024-04-13,facebook_ads,5,6,0,0,8
3613,1404,2024-04-13,direct,6,6,0,0,0
3614,213,2024-04-28,google_ads,1,6,0,0,12
3614,213,2024-04-28,email,2,6,0,0,1
3614,213,2024-04-28,referral,3,6,0,0,5
3614,213,2024-04-28,facebook_ads,4,6,0,0,8
3614,213,2024-04-28,organic_search,5,6,0,0,0
3614,213,2024-04-28,direct,6,6,0,0,0
3615,1698,2024-02-23,organic_search,1,2,0,0,0
3615,1698,2024-02-23,google_ads,2,2,0,0,12
3616,1722,2024-03-13,email,1,3,0,0,1
3616,1722,2024-03-13,email,2,3,0,0,1
3616,1722,2024-03-13,email,3,3,0,0,1
3617,184,2024-04-14,organic_search,1,2,0,0,0
3617,184,2024-04-14,email,2,2,0,0,1
3618,1829,2024-06-11,referral,1,2,0,0,5
3618,1829,2024-06-11,organic_search,2,2,0,0,0
3619,338,2024-09-04,direct,1,3,0,0,0
3619,338,2024-09-04,google_ads,2,3,0,0,12
3619,338,2024-09-04,email,3,3,0,0,1
3620,1153,2024-05-12,organic_search,1,2,0,0,0
3620,1153,2024-05-12,google_ads,2,2,0,0,12
3621,1753,2024-01-03,referral,1,6,0,0,5
3621,1753,2024-01-03,organic_search,2,6,0,0,0
3621,1753,2024-01-03,facebook_ads,3,6,0,0,8
3621,1753,2024-01-03,organic_search,4,6,0,0,0
3621,1753,2024-01-03,referral,5,6,0,0,5
3621,1753,2024-01-03,referral,6,6,0,0,5
3622,1397,2024-04-16,email,1,4,0,0,1
3622,1397,2024-04-16,google_ads,2,4,0,0,12
3622,1397,2024-04-16,referral,3,4,0,0,5
3622,1397,2024-04-16,organic_search,4,4,0,0,0
3623,212,2024-07-15,facebook_ads,1,4,1,49,8
3623,212,2024-07-15,referral,2,4,1,49,5
3623,212,2024-07-15,organic_search,3,4,1,49,0
3623,212,2024-07-15,referral,4,4,1,49,5
3624,774,2024-05-02,email,1,1,0,0,1
3625,1795,2024-08-16,google_ads,1,5,0,0,12
3625,1795,2024-08-16,referral,2,5,0,0,5
3625,1795,2024-08-16,facebook_ads,3,5,0,0,8
3625,1795,2024-08-16,email,4,5,0,0,1
3625,1795,2024-08-16,email,5,5,0,0,1
3626,1192,2024-06-14,google_ads,1,4,0,0,12
3626,1192,2024-06-14,google_ads,2,4,0,0,12
3626,1192,2024-06-14,google_ads,3,4,0,0,12
3626,1192,2024-06-14,direct,4,4,0,0,0
3627,750,2024-09-10,email,1,6,1,149,1
3627,750,2024-09-10,organic_search,2,6,1,149,0
3627,750,2024-09-10,direct,3,6,1,149,0
3627,750,2024-09-10,direct,4,6,1,149,0
3627,750,2024-09-10,facebook_ads,5,6,1,149,8
3627,750,2024-09-10,referral,6,6,1,149,5
3628,601,2024-07-03,email,1,4,0,0,1
3628,601,2024-07-03,organic_search,2,4,0,0,0
3628,601,2024-07-03,referral,3,4,0,0,5
3628,601,2024-07-03,facebook_ads,4,4,0,0,8
3629,905,2024-06-06,facebook_ads,1,5,0,0,8
3629,905,2024-06-06,facebook_ads,2,5,0,0,8
3629,905,2024-06-06,email,3,5,0,0,1
3629,905,2024-06-06,email,4,5,0,0,1
3629,905,2024-06-06,email,5,5,0,0,1
3630,83,2024-06-12,google_ads,1,6,1,299,12
3630,83,2024-06-12,email,2,6,1,299,1
3630,83,2024-06-12,email,3,6,1,299,1
3630,83,2024-06-12,referral,4,6,1,299,5
3630,83,2024-06-12,email,5,6,1,299,1
3630,83,2024-06-12,direct,6,6,1,299,0
3631,1265,2024-09-09,email,1,6,0,0,1
3631,1265,2024-09-09,referral,2,6,0,0,5
3631,1265,2024-09-09,referral,3,6,0,0,5
3631,1265,2024-09-09,google_ads,4,6,0,0,12
3631,1265,2024-09-09,email,5,6,0,0,1
3631,1265,2024-09-09,facebook_ads,6,6,0,0,8
3632,1832,2024-01-14,organic_search,1,3,0,0,0
3632,1832,2024-01-14,direct,2,3,0,0,0
3632,1832,2024-01-14,facebook_ads,3,3,0,0,8
3633,1483,2024-06-17,organic_search,1,3,0,0,0
3633,1483,2024-06-17,organic_search,2,3,0,0,0
3633,1483,2024-06-17,organic_search,3,3,0,0,0
3634,1961,2024-08-07,email,1,3,0,0,1
3634,1961,2024-08-07,google_ads,2,3,0,0,12
3634,1961,2024-08-07,organic_search,3,3,0,0,0
3635,892,2024-07-28,organic_search,1,3,0,0,0
3635,892,2024-07-28,google_ads,2,3,0,0,12
3635,892,2024-07-28,facebook_ads,3,3,0,0,8
3636,526,2024-01-13,google_ads,1,6,0,0,12
3636,526,2024-01-13,referral,2,6,0,0,5
3636,526,2024-01-13,referral,3,6,0,0,5
3636,526,2024-01-13,organic_search,4,6,0,0,0
3636,526,2024-01-13,email,5,6,0,0,1
3636,526,2024-01-13,google_ads,6,6,0,0,12
3637,1030,2024-05-12,facebook_ads,1,4,0,0,8
3637,1030,2024-05-12,google_ads,2,4,0,0,12
3637,1030,2024-05-12,facebook_ads,3,4,0,0,8
3637,1030,2024-05-12,google_ads,4,4,0,0,12
3638,329,2024-05-31,facebook_ads,1,3,0,0,8
3638,329,2024-05-31,organic_search,2,3,0,0,0
3638,329,2024-05-31,email,3,3,0,0,1
3639,1234,2024-04-26,email,1,2,1,149,1
3639,1234,2024-04-26,direct,2,2,1,149,0
3640,1349,2024-09-18,organic_search,1,4,0,0,0
3640,1349,2024-09-18,referral,2,4,0,0,5
3640,1349,2024-09-18,referral,3,4,0,0,5
3640,1349,2024-09-18,direct,4,4,0,0,0
3641,1440,2024-03-05,organic_search,1,4,1,49,0
3641,1440,2024-03-05,email,2,4,1,49,1
3641,1440,2024-03-05,direct,3,4,1,49,0
3641,1440,2024-03-05,email,4,4,1,49,1
3642,1765,2024-06-08,email,1,1,1,149,1
3643,1867,2024-07-15,direct,1,4,0,0,0
3643,1867,2024-07-15,facebook_ads,2,4,0,0,8
3643,1867,2024-07-15,direct,3,4,0,0,0
3643,1867,2024-07-15,google_ads,4,4,0,0,12
3644,59,2024-03-19,email,1,4,0,0,1
3644,59,2024-03-19,google_ads,2,4,0,0,12
3644,59,2024-03-19,organic_search,3,4,0,0,0
3644,59,2024-03-19,email,4,4,0,0,1
3645,428,2024-09-08,organic_search,1,3,0,0,0
3645,428,2024-09-08,organic_search,2,3,0,0,0
3645,428,2024-09-08,email,3,3,0,0,1
3646,1456,2024-09-17,organic_search,1,4,0,0,0
3646,1456,2024-09-17,facebook_ads,2,4,0,0,8
3646,1456,2024-09-17,organic_search,3,4,0,0,0
3646,1456,2024-09-17,facebook_ads,4,4,0,0,8
3647,604,2024-02-27,facebook_ads,1,2,0,0,8
3647,604,2024-02-27,organic_search,2,2,0,0,0
3648,1142,2024-07-26,organic_search,1,4,0,0,0
3648,1142,2024-07-26,organic_search,2,4,0,0,0
3648,1142,2024-07-26,email,3,4,0,0,1
3648,1142,2024-07-26,direct,4,4,0,0,0
3649,1234,2024-03-11,referral,1,2,0,0,5
3649,1234,2024-03-11,organic_search,2,2,0,0,0
3650,1767,2024-03-05,google_ads,1,5,0,0,12
3650,1767,2024-03-05,email,2,5,0,0,1
3650,1767,2024-03-05,direct,3,5,0,0,0
3650,1767,2024-03-05,email,4,5,0,0,1
3650,1767,2024-03-05,referral,5,5,0,0,5
3651,43,2024-04-09,email,1,3,0,0,1
3651,43,2024-04-09,direct,2,3,0,0,0
3651,43,2024-04-09,facebook_ads,3,3,0,0,8
3652,688,2024-01-25,email,1,1,0,0,1
3653,800,2024-05-26,email,1,1,0,0,1
3654,1593,2024-07-15,referral,1,6,0,0,5
3654,1593,2024-07-15,email,2,6,0,0,1
3654,1593,2024-07-15,google_ads,3,6,0,0,12
3654,1593,2024-07-15,direct,4,6,0,0,0
3654,1593,2024-07-15,referral,5,6,0,0,5
3654,1593,2024-07-15,email,6,6,0,0,1
3655,861,2024-07-03,facebook_ads,1,6,1,49,8
3655,861,2024-07-03,referral,2,6,1,49,5
3655,861,2024-07-03,referral,3,6,1,49,5
3655,861,2024-07-03,organic_search,4,6,1,49,0
3655,861,2024-07-03,facebook_ads,5,6,1,49,8
3655,861,2024-07-03,google_ads,6,6,1,49,12
3656,1578,2024-05-29,direct,1,4,0,0,0
3656,1578,2024-05-29,direct,2,4,0,0,0
3656,1578,2024-05-29,direct,3,4,0,0,0
3656,1578,2024-05-29,google_ads,4,4,0,0,12
3657,338,2024-02-15,google_ads,1,4,0,0,12
3657,338,2024-02-15,google_ads,2,4,0,0,12
3657,338,2024-02-15,facebook_ads,3,4,0,0,8
3657,338,2024-02-15,direct,4,4,0,0,0
3658,1213,2024-08-30,email,1,1,0,0,1
3659,1408,2024-04-22,google_ads,1,1,0,0,12
3660,1989,2024-07-28,referral,1,1,1,299,5
3661,1610,2024-07-09,organic_search,1,6,0,0,0
3661,1610,2024-07-09,facebook_ads,2,6,0,0,8
3661,1610,2024-07-09,referral,3,6,0,0,5
3661,1610,2024-07-09,google_ads,4,6,0,0,12
3661,1610,2024-07-09,organic_search,5,6,0,0,0
3661,1610,2024-07-09,facebook_ads,6,6,0,0,8
3662,713,2024-08-29,organic_search,1,5,0,0,0
3662,713,2024-08-29,referral,2,5,0,0,5
3662,713,2024-08-29,organic_search,3,5,0,0,0
3662,713,2024-08-29,facebook_ads,4,5,0,0,8
3662,713,2024-08-29,organic_search,5,5,0,0,0
3663,269,2024-05-09,organic_search,1,5,0,0,0
3663,269,2024-05-09,facebook_ads,2,5,0,0,8
3663,269,2024-05-09,referral,3,5,0,0,5
3663,269,2024-05-09,organic_search,4,5,0,0,0
3663,269,2024-05-09,email,5,5,0,0,1
3664,1986,2024-04-11,email,1,5,0,0,1
3664,1986,2024-04-11,organic_search,2,5,0,0,0
3664,1986,2024-04-11,organic_search,3,5,0,0,0
3664,1986,2024-04-11,direct,4,5,0,0,0
3664,1986,2024-04-11,organic_search,5,5,0,0,0
3665,1275,2024-09-27,direct,1,4,0,0,0
3665,1275,2024-09-27,referral,2,4,0,0,5
3665,1275,2024-09-27,direct,3,4,0,0,0
3665,1275,2024-09-27,organic_search,4,4,0,0,0
3666,442,2024-03-26,facebook_ads,1,1,0,0,8
3667,1428,2024-09-25,email,1,1,0,0,1
3668,1089,2024-03-06,facebook_ads,1,4,0,0,8
3668,1089,2024-03-06,email,2,4,0,0,1
3668,1089,2024-03-06,facebook_ads,3,4,0,0,8
3668,1089,2024-03-06,facebook_ads,4,4,0,0,8
3669,212,2024-05-01,referral,1,3,1,299,5
3669,212,2024-05-01,facebook_ads,2,3,1,299,8
3669,212,2024-05-01,facebook_ads,3,3,1,299,8
3670,1271,2024-08-24,direct,1,2,0,0,0
3670,1271,2024-08-24,referral,2,2,0,0,5
3671,3,2024-06-22,email,1,2,0,0,1
3671,3,2024-06-22,facebook_ads,2,2,0,0,8
3672,177,2024-01-22,referral,1,2,0,0,5
3672,177,2024-01-22,direct,2,2,0,0,0
3673,268,2024-07-27,facebook_ads,1,2,0,0,8
3673,268,2024-07-27,organic_search,2,2,0,0,0
3674,1602,2024-02-11,organic_search,1,4,0,0,0
3674,1602,2024-02-11,google_ads,2,4,0,0,12
3674,1602,2024-02-11,referral,3,4,0,0,5
3674,1602,2024-02-11,google_ads,4,4,0,0,12
3675,549,2024-08-03,organic_search,1,1,1,149,0
3676,1980,2024-01-08,direct,1,1,0,0,0
3677,1023,2024-08-01,direct,1,6,0,0,0
3677,1023,2024-08-01,organic_search,2,6,0,0,0
3677,1023,2024-08-01,google_ads,3,6,0,0,12
3677,1023,2024-08-01,direct,4,6,0,0,0
3677,1023,2024-08-01,facebook_ads,5,6,0,0,8
3677,1023,2024-08-01,direct,6,6,0,0,0
3678,801,2024-03-23,facebook_ads,1,1,0,0,8
3679,1812,2024-02-06,google_ads,1,3,0,0,12
3679,1812,2024-02-06,email,2,3,0,0,1
3679,1812,2024-02-06,direct,3,3,0,0,0
3680,271,2024-06-05,facebook_ads,1,6,0,0,8
3680,271,2024-06-05,direct,2,6,0,0,0
3680,271,2024-06-05,facebook_ads,3,6,0,0,8
3680,271,2024-06-05,direct,4,6,0,0,0
3680,271,2024-06-05,organic_search,5,6,0,0,0
3680,271,2024-06-05,facebook_ads,6,6,0,0,8
3681,218,2024-08-01,direct,1,5,0,0,0
3681,218,2024-08-01,direct,2,5,0,0,0
3681,218,2024-08-01,facebook_ads,3,5,0,0,8
3681,218,2024-08-01,direct,4,5,0,0,0
3681,218,2024-08-01,organic_search,5,5,0,0,0
3682,412,2024-05-17,email,1,3,1,49,1
3682,412,2024-05-17,direct,2,3,1,49,0
3682,412,2024-05-17,direct,3,3,1,49,0
3683,1252,2024-03-31,organic_search,1,5,0,0,0
3683,1252,2024-03-31,direct,2,5,0,0,0
3683,1252,2024-03-31,email,3,5,0,0,1
3683,1252,2024-03-31,referral,4,5,0,0,5
3683,1252,2024-03-31,google_ads,5,5,0,0,12
3684,1387,2024-06-15,email,1,6,0,0,1
3684,1387,2024-06-15,organic_search,2,6,0,0,0
3684,1387,2024-06-15,direct,3,6,0,0,0
3684,1387,2024-06-15,google_ads,4,6,0,0,12
3684,1387,2024-06-15,email,5,6,0,0,1
3684,1387,2024-06-15,google_ads,6,6,0,0,12
3685,1533,2024-06-16,referral,1,5,0,0,5
3685,1533,2024-06-16,direct,2,5,0,0,0
3685,1533,2024-06-16,organic_search,3,5,0,0,0
3685,1533,2024-06-16,referral,4,5,0,0,5
3685,1533,2024-06-16,referral,5,5,0,0,5
3686,130,2024-06-28,referral,1,1,0,0,5
3687,1337,2024-06-01,direct,1,5,0,0,0
3687,1337,2024-06-01,direct,2,5,0,0,0
3687,1337,2024-06-01,referral,3,5,0,0,5
3687,1337,2024-06-01,referral,4,5,0,0,5
3687,1337,2024-06-01,facebook_ads,5,5,0,0,8
3688,1916,2024-04-27,google_ads,1,4,0,0,12
3688,1916,2024-04-27,google_ads,2,4,0,0,12
3688,1916,2024-04-27,organic_search,3,4,0,0,0
3688,1916,2024-04-27,referral,4,4,0,0,5
3689,772,2024-05-25,email,1,1,0,0,1
3690,1436,2024-04-15,facebook_ads,1,4,0,0,8
3690,1436,2024-04-15,direct,2,4,0,0,0
3690,1436,2024-04-15,organic_search,3,4,0,0,0
3690,1436,2024-04-15,organic_search,4,4,0,0,0
3691,346,2024-02-23,email,1,1,0,0,1
3692,867,2024-07-12,organic_search,1,2,0,0,0
3692,867,2024-07-12,email,2,2,0,0,1
3693,1831,2024-05-18,facebook_ads,1,4,1,499,8
3693,1831,2024-05-18,google_ads,2,4,1,499,12
3693,1831,2024-05-18,google_ads,3,4,1,499,12
3693,1831,2024-05-18,facebook_ads,4,4,1,499,8
3694,103,2024-09-22,facebook_ads,1,1,0,0,8
3695,1408,2024-06-04,referral,1,2,0,0,5
3695,1408,2024-06-04,facebook_ads,2,2,0,0,8
3696,211,2024-08-02,email,1,6,1,99,1
3696,211,2024-08-02,organic_search,2,6,1,99,0
3696,211,2024-08-02,direct,3,6,1,99,0
3696,211,2024-08-02,google_ads,4,6,1,99,12
3696,211,2024-08-02,direct,5,6,1,99,0
3696,211,2024-08-02,facebook_ads,6,6,1,99,8
3697,1643,2024-01-09,email,1,1,0,0,1
3698,19,2024-02-01,referral,1,3,1,299,5
3698,19,2024-02-01,referral,2,3,1,299,5
3698,19,2024-02-01,facebook_ads,3,3,1,299,8
3699,1904,2024-06-24,direct,1,1,0,0,0
3700,1289,2024-01-07,referral,1,1,0,0,5
3701,835,2024-04-25,referral,1,1,0,0,5
3702,403,2024-05-29,organic_search,1,4,0,0,0
3702,403,2024-05-29,email,2,4,0,0,1
3702,403,2024-05-29,email,3,4,0,0,1
3702,403,2024-05-29,facebook_ads,4,4,0,0,8
3703,815,2024-02-01,referral,1,3,0,0,5
3703,815,2024-02-01,direct,2,3,0,0,0
3703,815,2024-02-01,facebook_ads,3,3,0,0,8
3704,1215,2024-01-19,organic_search,1,2,0,0,0
3704,1215,2024-01-19,google_ads,2,2,0,0,12
3705,1895,2024-08-11,direct,1,1,0,0,0
3706,73,2024-08-08,facebook_ads,1,6,0,0,8
3706,73,2024-08-08,organic_search,2,6,0,0,0
3706,73,2024-08-08,facebook_ads,3,6,0,0,8
3706,73,2024-08-08,facebook_ads,4,6,0,0,8
3706,73,2024-08-08,facebook_ads,5,6,0,0,8
3706,73,2024-08-08,referral,6,6,0,0,5
3707,486,2024-01-22,direct,1,6,0,0,0
3707,486,2024-01-22,email,2,6,0,0,1
3707,486,2024-01-22,facebook_ads,3,6,0,0,8
3707,486,2024-01-22,google_ads,4,6,0,0,12
3707,486,2024-01-22,email,5,6,0,0,1
3707,486,2024-01-22,referral,6,6,0,0,5
3708,428,2024-01-26,email,1,5,0,0,1
3708,428,2024-01-26,google_ads,2,5,0,0,12
3708,428,2024-01-26,google_ads,3,5,0,0,12
3708,428,2024-01-26,direct,4,5,0,0,0
3708,428,2024-01-26,direct,5,5,0,0,0
3709,1276,2024-03-19,referral,1,1,0,0,5
3710,1541,2024-06-14,facebook_ads,1,5,0,0,8
3710,1541,2024-06-14,google_ads,2,5,0,0,12
3710,1541,2024-06-14,direct,3,5,0,0,0
3710,1541,2024-06-14,referral,4,5,0,0,5
3710,1541,2024-06-14,email,5,5,0,0,1
3711,1538,2024-03-29,direct,1,4,0,0,0
3711,1538,2024-03-29,organic_search,2,4,0,0,0
3711,1538,2024-03-29,google_ads,3,4,0,0,12
3711,1538,2024-03-29,organic_search,4,4,0,0,0
3712,122,2024-04-16,email,1,1,1,149,1
3713,740,2024-05-23,direct,1,6,0,0,0
3713,740,2024-05-23,email,2,6,0,0,1
3713,740,2024-05-23,organic_search,3,6,0,0,0
3713,740,2024-05-23,facebook_ads,4,6,0,0,8
3713,740,2024-05-23,direct,5,6,0,0,0
3713,740,2024-05-23,direct,6,6,0,0,0
3714,541,2024-06-15,email,1,4,0,0,1
3714,541,2024-06-15,email,2,4,0,0,1
3714,541,2024-06-15,google_ads,3,4,0,0,12
3714,541,2024-06-15,organic_search,4,4,0,0,0
3715,637,2024-07-05,facebook_ads,1,4,1,149,8
3715,637,2024-07-05,organic_search,2,4,1,149,0
3715,637,2024-07-05,email,3,4,1,149,1
3715,637,2024-07-05,email,4,4,1,149,1
3716,117,2024-03-02,direct,1,2,0,0,0
3716,117,2024-03-02,facebook_ads,2,2,0,0,8
3717,283,2024-04-21,direct,1,3,0,0,0
3717,283,2024-04-21,direct,2,3,0,0,0
3717,283,2024-04-21,referral,3,3,0,0,5
3718,1817,2024-02-13,direct,1,2,0,0,0
3718,1817,2024-02-13,facebook_ads,2,2,0,0,8
3719,494,2024-07-24,organic_search,1,5,0,0,0
3719,494,2024-07-24,email,2,5,0,0,1
3719,494,2024-07-24,referral,3,5,0,0,5
3719,494,2024-07-24,organic_search,4,5,0,0,0
3719,494,2024-07-24,direct,5,5,0,0,0
3720,349,2024-07-29,email,1,3,0,0,1
3720,349,2024-07-29,direct,2,3,0,0,0
3720,349,2024-07-29,facebook_ads,3,3,0,0,8
3721,1774,2024-04-27,direct,1,6,0,0,0
3721,1774,2024-04-27,facebook_ads,2,6,0,0,8
3721,1774,2024-04-27,google_ads,3,6,0,0,12
3721,1774,2024-04-27,referral,4,6,0,0,5
3721,1774,2024-04-27,facebook_ads,5,6,0,0,8
3721,1774,2024-04-27,facebook_ads,6,6,0,0,8
3722,1698,2024-06-16,direct,1,5,0,0,0
3722,1698,2024-06-16,facebook_ads,2,5,0,0,8
3722,1698,2024-06-16,organic_search,3,5,0,0,0
3722,1698,2024-06-16,email,4,5,0,0,1
3722,1698,2024-06-16,google_ads,5,5,0,0,12
3723,376,2024-01-10,referral,1,5,0,0,5
3723,376,2024-01-10,organic_search,2,5,0,0,0
3723,376,2024-01-10,email,3,5,0,0,1
3723,376,2024-01-10,organic_search,4,5,0,0,0
3723,376,2024-01-10,facebook_ads,5,5,0,0,8
3724,912,2024-09-15,google_ads,1,3,0,0,12
3724,912,2024-09-15,organic_search,2,3,0,0,0
3724,912,2024-09-15,direct,3,3,0,0,0
3725,855,2024-01-10,referral,1,6,0,0,5
3725,855,2024-01-10,referral,2,6,0,0,5
3725,855,2024-01-10,direct,3,6,0,0,0
3725,855,2024-01-10,facebook_ads,4,6,0,0,8
3725,855,2024-01-10,organic_search,5,6,0,0,0
3725,855,2024-01-10,email,6,6,0,0,1
3726,1184,2024-01-29,organic_search,1,4,0,0,0
3726,1184,2024-01-29,direct,2,4,0,0,0
3726,1184,2024-01-29,referral,3,4,0,0,5
3726,1184,2024-01-29,email,4,4,0,0,1
3727,1729,2024-07-04,google_ads,1,4,0,0,12
3727,1729,2024-07-04,google_ads,2,4,0,0,12
3727,1729,2024-07-04,direct,3,4,0,0,0
3727,1729,2024-07-04,direct,4,4,0,0,0
3728,1140,2024-04-10,google_ads,1,2,0,0,12
3728,1140,2024-04-10,direct,2,2,0,0,0
3729,635,2024-02-02,organic_search,1,1,1,99,0
3730,1197,2024-03-15,referral,1,4,0,0,5
3730,1197,2024-03-15,organic_search,2,4,0,0,0
3730,1197,2024-03-15,organic_search,3,4,0,0,0
3730,1197,2024-03-15,facebook_ads,4,4,0,0,8
3731,1407,2024-04-05,direct,1,3,0,0,0
3731,1407,2024-04-05,organic_search,2,3,0,0,0
3731,1407,2024-04-05,facebook_ads,3,3,0,0,8
3732,1770,2024-07-07,direct,1,1,0,0,0
3733,778,2024-07-04,email,1,2,0,0,1
3733,778,2024-07-04,direct,2,2,0,0,0
3734,42,2024-06-08,email,1,1,0,0,1
3735,986,2024-06-27,google_ads,1,6,0,0,12
3735,986,2024-06-27,direct,2,6,0,0,0
3735,986,2024-06-27,facebook_ads,3,6,0,0,8
3735,986,2024-06-27,google_ads,4,6,0,0,12
3735,986,2024-06-27,email,5,6,0,0,1
3735,986,2024-06-27,google_ads,6,6,0,0,12
3736,1243,2024-03-03,google_ads,1,2,0,0,12
3736,1243,2024-03-03,facebook_ads,2,2,0,0,8
3737,110,2024-06-23,facebook_ads,1,1,1,99,8
3738,1242,2024-03-20,direct,1,3,1,99,0
3738,1242,2024-03-20,email,2,3,1,99,1
3738,1242,2024-03-20,email,3,3,1,99,1
3739,923,2024-03-28,facebook_ads,1,2,0,0,8
3739,923,2024-03-28,facebook_ads,2,2,0,0,8
3740,1301,2024-06-02,organic_search,1,4,0,0,0
3740,1301,2024-06-02,direct,2,4,0,0,0
3740,1301,2024-06-02,referral,3,4,0,0,5
3740,1301,2024-06-02,referral,4,4,0,0,5
3741,1248,2024-02-06,referral,1,4,0,0,5
3741,1248,2024-02-06,referral,2,4,0,0,5
3741,1248,2024-02-06,facebook_ads,3,4,0,0,8
3741,1248,2024-02-06,email,4,4,0,0,1
3742,71,2024-08-09,organic_search,1,4,0,0,0
3742,71,2024-08-09,referral,2,4,0,0,5
3742,71,2024-08-09,facebook_ads,3,4,0,0,8
3742,71,2024-08-09,referral,4,4,0,0,5
3743,1926,2024-03-20,facebook_ads,1,6,0,0,8
3743,1926,2024-03-20,organic_search,2,6,0,0,0
3743,1926,2024-03-20,email,3,6,0,0,1
3743,1926,2024-03-20,organic_search,4,6,0,0,0
3743,1926,2024-03-20,organic_search,5,6,0,0,0
3743,1926,2024-03-20,facebook_ads,6,6,0,0,8
3744,878,2024-02-05,referral,1,4,0,0,5
3744,878,2024-02-05,email,2,4,0,0,1
3744,878,2024-02-05,email,3,4,0,0,1
3744,878,2024-02-05,google_ads,4,4,0,0,12
3745,1967,2024-07-15,email,1,3,0,0,1
3745,1967,2024-07-15,referral,2,3,0,0,5
3745,1967,2024-07-15,organic_search,3,3,0,0,0
3746,143,2024-04-17,google_ads,1,3,0,0,12
3746,143,2024-04-17,organic_search,2,3,0,0,0
3746,143,2024-04-17,organic_search,3,3,0,0,0
3747,1698,2024-07-02,direct,1,1,0,0,0
3748,484,2024-01-26,direct,1,3,0,0,0
3748,484,2024-01-26,direct,2,3,0,0,0
3748,484,2024-01-26,google_ads,3,3,0,0,12
3749,1040,2024-07-26,direct,1,4,0,0,0
3749,1040,2024-07-26,direct,2,4,0,0,0
3749,1040,2024-07-26,email,3,4,0,0,1
3749,1040,2024-07-26,direct,4,4,0,0,0
3750,1831,2024-06-01,organic_search,1,4,0,0,0
3750,1831,2024-06-01,organic_search,2,4,0,0,0
3750,1831,2024-06-01,referral,3,4,0,0,5
3750,1831,2024-06-01,direct,4,4,0,0,0
3751,166,2024-01-20,google_ads,1,1,0,0,12
3752,951,2024-03-16,direct,1,3,0,0,0
3752,951,2024-03-16,organic_search,2,3,0,0,0
3752,951,2024-03-16,email,3,3,0,0,1
3753,1818,2024-02-16,direct,1,6,1,299,0
3753,1818,2024-02-16,facebook_ads,2,6,1,299,8
3753,1818,2024-02-16,email,3,6,1,299,1
3753,1818,2024-02-16,email,4,6,1,299,1
3753,1818,2024-02-16,facebook_ads,5,6,1,299,8
3753,1818,2024-02-16,direct,6,6,1,299,0
3754,566,2024-06-11,referral,1,6,0,0,5
3754,566,2024-06-11,referral,2,6,0,0,5
3754,566,2024-06-11,direct,3,6,0,0,0
3754,566,2024-06-11,email,4,6,0,0,1
3754,566,2024-06-11,organic_search,5,6,0,0,0
3754,566,2024-06-11,facebook_ads,6,6,0,0,8
3755,1616,2024-09-16,google_ads,1,3,0,0,12
3755,1616,2024-09-16,organic_search,2,3,0,0,0
3755,1616,2024-09-16,email,3,3,0,0,1
3756,1985,2024-06-28,referral,1,3,0,0,5
3756,1985,2024-06-28,email,2,3,0,0,1
3756,1985,2024-06-28,facebook_ads,3,3,0,0,8
3757,93,2024-01-19,referral,1,5,0,0,5
3757,93,2024-01-19,organic_search,2,5,0,0,0
3757,93,2024-01-19,referral,3,5,0,0,5
3757,93,2024-01-19,email,4,5,0,0,1
3757,93,2024-01-19,organic_search,5,5,0,0,0
3758,1635,2024-07-02,direct,1,3,0,0,0
3758,1635,2024-07-02,email,2,3,0,0,1
3758,1635,2024-07-02,direct,3,3,0,0,0
3759,70,2024-07-25,referral,1,3,0,0,5
3759,70,2024-07-25,email,2,3,0,0,1
3759,70,2024-07-25,facebook_ads,3,3,0,0,8
3760,1420,2024-03-30,email,1,4,0,0,1
3760,1420,2024-03-30,facebook_ads,2,4,0,0,8
3760,1420,2024-03-30,organic_search,3,4,0,0,0
3760,1420,2024-03-30,referral,4,4,0,0,5
3761,399,2024-04-02,direct,1,2,0,0,0
3761,399,2024-04-02,organic_search,2,2,0,0,0
3762,1985,2024-07-03,facebook_ads,1,5,0,0,8
3762,1985,2024-07-03,google_ads,2,5,0,0,12
3762,1985,2024-07-03,organic_search,3,5,0,0,0
3762,1985,2024-07-03,email,4,5,0,0,1
3762,1985,2024-07-03,referral,5,5,0,0,5
3763,244,2024-09-27,direct,1,6,0,0,0
3763,244,2024-09-27,google_ads,2,6,0,0,12
3763,244,2024-09-27,organic_search,3,6,0,0,0
3763,244,2024-09-27,direct,4,6,0,0,0
3763,244,2024-09-27,google_ads,5,6,0,0,12
3763,244,2024-09-27,google_ads,6,6,0,0,12
3764,1711,2024-08-18,referral,1,6,0,0,5
3764,1711,2024-08-18,direct,2,6,0,0,0
3764,1711,2024-08-18,email,3,6,0,0,1
3764,1711,2024-08-18,organic_search,4,6,0,0,0
3764,1711,2024-08-18,facebook_ads,5,6,0,0,8
3764,1711,2024-08-18,organic_search,6,6,0,0,0
3765,264,2024-05-27,referral,1,2,1,299,5
3765,264,2024-05-27,direct,2,2,1,299,0
3766,1484,2024-07-06,direct,1,3,0,0,0
3766,1484,2024-07-06,organic_search,2,3,0,0,0
3766,1484,2024-07-06,google_ads,3,3,0,0,12
3767,234,2024-09-11,email,1,2,0,0,1
3767,234,2024-09-11,facebook_ads,2,2,0,0,8
3768,1278,2024-05-30,google_ads,1,4,1,299,12
3768,1278,2024-05-30,direct,2,4,1,299,0
3768,1278,2024-05-30,direct,3,4,1,299,0
3768,1278,2024-05-30,referral,4,4,1,299,5
3769,1072,2024-09-22,google_ads,1,1,0,0,12
3770,518,2024-01-07,direct,1,4,0,0,0
3770,518,2024-01-07,email,2,4,0,0,1
3770,518,2024-01-07,email,3,4,0,0,1
3770,518,2024-01-07,direct,4,4,0,0,0
3771,1294,2024-05-07,organic_search,1,5,0,0,0
3771,1294,2024-05-07,organic_search,2,5,0,0,0
3771,1294,2024-05-07,organic_search,3,5,0,0,0
3771,1294,2024-05-07,organic_search,4,5,0,0,0
3771,1294,2024-05-07,google_ads,5,5,0,0,12
3772,1334,2024-03-26,referral,1,6,0,0,5
3772,1334,2024-03-26,email,2,6,0,0,1
3772,1334,2024-03-26,direct,3,6,0,0,0
3772,1334,2024-03-26,organic_search,4,6,0,0,0
3772,1334,2024-03-26,facebook_ads,5,6,0,0,8
3772,1334,2024-03-26,google_ads,6,6,0,0,12
3773,860,2024-08-04,google_ads,1,6,0,0,12
3773,860,2024-08-04,facebook_ads,2,6,0,0,8
3773,860,2024-08-04,organic_search,3,6,0,0,0
3773,860,2024-08-04,google_ads,4,6,0,0,12
3773,860,2024-08-04,organic_search,5,6,0,0,0
3773,860,2024-08-04,direct,6,6,0,0,0
3774,773,2024-08-19,google_ads,1,1,0,0,12
3775,516,2024-01-11,email,1,1,1,149,1
3776,607,2024-09-18,organic_search,1,6,0,0,0
3776,607,2024-09-18,direct,2,6,0,0,0
3776,607,2024-09-18,google_ads,3,6,0,0,12
3776,607,2024-09-18,google_ads,4,6,0,0,12
3776,607,2024-09-18,google_ads,5,6,0,0,12
3776,607,2024-09-18,facebook_ads,6,6,0,0,8
3777,762,2024-07-02,google_ads,1,4,0,0,12
3777,762,2024-07-02,email,2,4,0,0,1
3777,762,2024-07-02,direct,3,4,0,0,0
3777,762,2024-07-02,referral,4,4,0,0,5
3778,1416,2024-02-14,facebook_ads,1,3,0,0,8
3778,1416,2024-02-14,email,2,3,0,0,1
3778,1416,2024-02-14,facebook_ads,3,3,0,0,8
3779,363,2024-08-14,facebook_ads,1,4,0,0,8
3779,363,2024-08-14,google_ads,2,4,0,0,12
3779,363,2024-08-14,google_ads,3,4,0,0,12
3779,363,2024-08-14,google_ads,4,4,0,0,12
3780,516,2024-02-14,organic_search,1,3,1,149,0
3780,516,2024-02-14,email,2,3,1,149,1
3780,516,2024-02-14,referral,3,3,1,149,5
3781,886,2024-03-27,email,1,6,0,0,1
3781,886,2024-03-27,google_ads,2,6,0,0,12
3781,886,2024-03-27,direct,3,6,0,0,0
3781,886,2024-03-27,organic_search,4,6,0,0,0
3781,886,2024-03-27,google_ads,5,6,0,0,12
3781,886,2024-03-27,facebook_ads,6,6,0,0,8
3782,30,2024-03-23,organic_search,1,5,0,0,0
3782,30,2024-03-23,direct,2,5,0,0,0
3782,30,2024-03-23,direct,3,5,0,0,0
3782,30,2024-03-23,facebook_ads,4,5,0,0,8
3782,30,2024-03-23,referral,5,5,0,0,5
3783,860,2024-06-28,facebook_ads,1,5,0,0,8
3783,860,2024-06-28,organic_search,2,5,0,0,0
3783,860,2024-06-28,google_ads,3,5,0,0,12
3783,860,2024-06-28,email,4,5,0,0,1
3783,860,2024-06-28,email,5,5,0,0,1
3784,1082,2024-08-02,referral,1,6,0,0,5
3784,1082,2024-08-02,facebook_ads,2,6,0,0,8
3784,1082,2024-08-02,direct,3,6,0,0,0
3784,1082,2024-08-02,direct,4,6,0,0,0
3784,1082,2024-08-02,facebook_ads,5,6,0,0,8
3784,1082,2024-08-02,direct,6,6,0,0,0
3785,458,2024-09-04,email,1,2,0,0,1
3785,458,2024-09-04,email,2,2,0,0,1
3786,434,2024-09-01,direct,1,4,0,0,0
3786,434,2024-09-01,facebook_ads,2,4,0,0,8
3786,434,2024-09-01,direct,3,4,0,0,0
3786,434,2024-09-01,email,4,4,0,0,1
3787,686,2024-08-09,google_ads,1,1,1,49,12
3788,1718,2024-09-02,organic_search,1,5,0,0,0
3788,1718,2024-09-02,facebook_ads,2,5,0,0,8
3788,1718,2024-09-02,direct,3,5,0,0,0
3788,1718,2024-09-02,email,4,5,0,0,1
3788,1718,2024-09-02,organic_search,5,5,0,0,0
3789,1258,2024-01-30,facebook_ads,1,4,1,99,8
3789,1258,2024-01-30,organic_search,2,4,1,99,0
3789,1258,2024-01-30,organic_search,3,4,1,99,0
3789,1258,2024-01-30,email,4,4,1,99,1
3790,1588,2024-08-08,direct,1,3,0,0,0
3790,1588,2024-08-08,google_ads,2,3,0,0,12
3790,1588,2024-08-08,referral,3,3,0,0,5
3791,1296,2024-06-26,facebook_ads,1,1,0,0,8
3792,1139,2024-05-19,direct,1,2,1,499,0
3792,1139,2024-05-19,facebook_ads,2,2,1,499,8
3793,868,2024-01-20,facebook_ads,1,4,0,0,8
3793,868,2024-01-20,organic_search,2,4,0,0,0
3793,868,2024-01-20,direct,3,4,0,0,0
3793,868,2024-01-20,email,4,4,0,0,1
3794,691,2024-05-06,google_ads,1,3,1,149,12
3794,691,2024-05-06,direct,2,3,1,149,0
3794,691,2024-05-06,google_ads,3,3,1,149,12
3795,1088,2024-01-20,google_ads,1,2,0,0,12
3795,1088,2024-01-20,direct,2,2,0,0,0
3796,354,2024-07-14,facebook_ads,1,3,1,49,8
3796,354,2024-07-14,email,2,3,1,49,1
3796,354,2024-07-14,google_ads,3,3,1,49,12
3797,1983,2024-05-14,google_ads,1,5,1,499,12
3797,1983,2024-05-14,google_ads,2,5,1,499,12
3797,1983,2024-05-14,google_ads,3,5,1,499,12
3797,1983,2024-05-14,facebook_ads,4,5,1,499,8
3797,1983,2024-05-14,referral,5,5,1,499,5
3798,1509,2024-01-16,email,1,1,0,0,1
3799,1972,2024-02-22,email,1,5,0,0,1
3799,1972,2024-02-22,google_ads,2,5,0,0,12
3799,1972,2024-02-22,google_ads,3,5,0,0,12
3799,1972,2024-02-22,organic_search,4,5,0,0,0
3799,1972,2024-02-22,email,5,5,0,0,1
3800,570,2024-02-26,facebook_ads,1,4,0,0,8
3800,570,2024-02-26,organic_search,2,4,0,0,0
3800,570,2024-02-26,email,3,4,0,0,1
3800,570,2024-02-26,google_ads,4,4,0,0,12
3801,84,2024-03-11,referral,1,4,0,0,5
3801,84,2024-03-11,organic_search,2,4,0,0,0
3801,84,2024-03-11,direct,3,4,0,0,0
3801,84,2024-03-11,email,4,4,0,0,1
3802,1823,2024-09-10,referral,1,5,0,0,5
3802,1823,2024-09-10,organic_search,2,5,0,0,0
3802,1823,2024-09-10,google_ads,3,5,0,0,12
3802,1823,2024-09-10,organic_search,4,5,0,0,0
3802,1823,2024-09-10,facebook_ads,5,5,0,0,8
3803,1041,2024-03-03,facebook_ads,1,1,0,0,8
3804,1029,2024-09-08,referral,1,5,0,0,5
3804,1029,2024-09-08,facebook_ads,2,5,0,0,8
3804,1029,2024-09-08,direct,3,5,0,0,0
3804,1029,2024-09-08,organic_search,4,5,0,0,0
3804,1029,2024-09-08,referral,5,5,0,0,5
3805,1242,2024-04-10,google_ads,1,2,0,0,12
3805,1242,2024-04-10,email,2,2,0,0,1
3806,1015,2024-01-02,email,1,6,0,0,1
3806,1015,2024-01-02,google_ads,2,6,0,0,12
3806,1015,2024-01-02,direct,3,6,0,0,0
3806,1015,2024-01-02,email,4,6,0,0,1
3806,1015,2024-01-02,referral,5,6,0,0,5
3806,1015,2024-01-02,referral,6,6,0,0,5
3807,1560,2024-03-03,google_ads,1,2,0,0,12
3807,1560,2024-03-03,email,2,2,0,0,1
3808,1639,2024-05-31,direct,1,2,0,0,0
3808,1639,2024-05-31,facebook_ads,2,2,0,0,8
3809,1226,2024-09-15,organic_search,1,2,0,0,0
3809,1226,2024-09-15,organic_search,2,2,0,0,0
3810,609,2024-04-25,google_ads,1,6,0,0,12
3810,609,2024-04-25,organic_search,2,6,0,0,0
3810,609,2024-04-25,organic_search,3,6,0,0,0
3810,609,2024-04-25,google_ads,4,6,0,0,12
3810,609,2024-04-25,direct,5,6,0,0,0
3810,609,2024-04-25,direct,6,6,0,0,0
3811,1343,2024-03-11,facebook_ads,1,5,0,0,8
3811,1343,2024-03-11,facebook_ads,2,5,0,0,8
3811,1343,2024-03-11,email,3,5,0,0,1
3811,1343,2024-03-11,organic_search,4,5,0,0,0
3811,1343,2024-03-11,facebook_ads,5,5,0,0,8
3812,72,2024-03-26,google_ads,1,1,0,0,12
3813,229,2024-05-30,google_ads,1,1,0,0,12
3814,1426,2024-04-18,direct,1,4,0,0,0
3814,1426,2024-04-18,email,2,4,0,0,1
3814,1426,2024-04-18,organic_search,3,4,0,0,0
3814,1426,2024-04-18,email,4,4,0,0,1
3815,1331,2024-07-06,referral,1,1,1,49,5
3816,642,2024-01-06,direct,1,3,0,0,0
3816,642,2024-01-06,referral,2,3,0,0,5
3816,642,2024-01-06,facebook_ads,3,3,0,0,8
3817,1492,2024-01-08,organic_search,1,5,0,0,0
3817,1492,2024-01-08,google_ads,2,5,0,0,12
3817,1492,2024-01-08,google_ads,3,5,0,0,12
3817,1492,2024-01-08,email,4,5,0,0,1
3817,1492,2024-01-08,facebook_ads,5,5,0,0,8
3818,665,2024-05-03,referral,1,1,0,0,5
3819,1085,2024-04-04,organic_search,1,4,0,0,0
3819,1085,2024-04-04,facebook_ads,2,4,0,0,8
3819,1085,2024-04-04,email,3,4,0,0,1
3819,1085,2024-04-04,facebook_ads,4,4,0,0,8
3820,320,2024-06-26,facebook_ads,1,1,0,0,8
3821,406,2024-08-16,google_ads,1,3,0,0,12
3821,406,2024-08-16,email,2,3,0,0,1
3821,406,2024-08-16,email,3,3,0,0,1
3822,787,2024-05-22,referral,1,3,0,0,5
3822,787,2024-05-22,google_ads,2,3,0,0,12
3822,787,2024-05-22,direct,3,3,0,0,0
3823,388,2024-01-04,email,1,3,0,0,1
3823,388,2024-01-04,referral,2,3,0,0,5
3823,388,2024-01-04,direct,3,3,0,0,0
3824,757,2024-01-13,google_ads,1,1,1,149,12
3825,1537,2024-09-26,google_ads,1,4,0,0,12
3825,1537,2024-09-26,google_ads,2,4,0,0,12
3825,1537,2024-09-26,organic_search,3,4,0,0,0
3825,1537,2024-09-26,email,4,4,0,0,1
3826,1399,2024-08-15,google_ads,1,2,0,0,12
3826,1399,2024-08-15,email,2,2,0,0,1
3827,48,2024-01-31,facebook_ads,1,2,0,0,8
3827,48,2024-01-31,email,2,2,0,0,1
3828,128,2024-04-21,referral,1,5,0,0,5
3828,128,2024-04-21,referral,2,5,0,0,5
3828,128,2024-04-21,direct,3,5,0,0,0
3828,128,2024-04-21,google_ads,4,5,0,0,12
3828,128,2024-04-21,referral,5,5,0,0,5
3829,1470,2024-07-12,organic_search,1,2,0,0,0
3829,1470,2024-07-12,email,2,2,0,0,1
3830,1990,2024-02-27,direct,1,6,0,0,0
3830,1990,2024-02-27,direct,2,6,0,0,0
3830,1990,2024-02-27,facebook_ads,3,6,0,0,8
3830,1990,2024-02-27,email,4,6,0,0,1
3830,1990,2024-02-27,facebook_ads,5,6,0,0,8
3830,1990,2024-02-27,organic_search,6,6,0,0,0
3831,382,2024-01-23,email,1,4,0,0,1
3831,382,2024-01-23,organic_search,2,4,0,0,0
3831,382,2024-01-23,google_ads,3,4,0,0,12
3831,382,2024-01-23,email,4,4,0,0,1
3832,1217,2024-05-31,email,1,3,0,0,1
3832,1217,2024-05-31,facebook_ads,2,3,0,0,8
3832,1217,2024-05-31,facebook_ads,3,3,0,0,8
3833,203,2024-02-17,facebook_ads,1,6,0,0,8
3833,203,2024-02-17,referral,2,6,0,0,5
3833,203,2024-02-17,direct,3,6,0,0,0
3833,203,2024-02-17,direct,4,6,0,0,0
3833,203,2024-02-17,email,5,6,0,0,1
3833,203,2024-02-17,google_ads,6,6,0,0,12
3834,1981,2024-04-08,organic_search,1,2,0,0,0
3834,1981,2024-04-08,email,2,2,0,0,1
3835,620,2024-03-09,google_ads,1,3,0,0,12
3835,620,2024-03-09,email,2,3,0,0,1
3835,620,2024-03-09,organic_search,3,3,0,0,0
3836,1110,2024-05-15,google_ads,1,5,0,0,12
3836,1110,2024-05-15,direct,2,5,0,0,0
3836,1110,2024-05-15,facebook_ads,3,5,0,0,8
3836,1110,2024-05-15,facebook_ads,4,5,0,0,8
3836,1110,2024-05-15,direct,5,5,0,0,0
3837,838,2024-06-18,organic_search,1,2,1,49,0
3837,838,2024-06-18,organic_search,2,2,1,49,0
3838,1384,2024-03-16,organic_search,1,1,0,0,0
3839,821,2024-06-06,email,1,1,0,0,1
3840,811,2024-07-05,facebook_ads,1,1,0,0,8
3841,369,2024-09-24,direct,1,6,0,0,0
3841,369,2024-09-24,email,2,6,0,0,1
3841,369,2024-09-24,email,3,6,0,0,1
3841,369,2024-09-24,organic_search,4,6,0,0,0
3841,369,2024-09-24,organic_search,5,6,0,0,0
3841,369,2024-09-24,direct,6,6,0,0,0
3842,1612,2024-03-17,facebook_ads,1,4,0,0,8
3842,1612,2024-03-17,organic_search,2,4,0,0,0
3842,1612,2024-03-17,referral,3,4,0,0,5
3842,1612,2024-03-17,email,4,4,0,0,1
3843,519,2024-08-14,email,1,3,0,0,1
3843,519,2024-08-14,email,2,3,0,0,1
3843,519,2024-08-14,referral,3,3,0,0,5
3844,1901,2024-07-26,direct,1,1,0,0,0
3845,1252,2024-01-25,organic_search,1,2,0,0,0
3845,1252,2024-01-25,facebook_ads,2,2,0,0,8
3846,1111,2024-04-09,referral,1,4,0,0,5
3846,1111,2024-04-09,facebook_ads,2,4,0,0,8
3846,1111,2024-04-09,referral,3,4,0,0,5
3846,1111,2024-04-09,referral,4,4,0,0,5
3847,1252,2024-06-12,referral,1,3,0,0,5
3847,1252,2024-06-12,organic_search,2,3,0,0,0
3847,1252,2024-06-12,organic_search,3,3,0,0,0
3848,1800,2024-04-12,google_ads,1,2,0,0,12
3848,1800,2024-04-12,email,2,2,0,0,1
3849,1955,2024-03-10,email,1,5,0,0,1
3849,1955,2024-03-10,facebook_ads,2,5,0,0,8
3849,1955,2024-03-10,referral,3,5,0,0,5
3849,1955,2024-03-10,facebook_ads,4,5,0,0,8
3849,1955,2024-03-10,google_ads,5,5,0,0,12
3850,196,2024-03-21,referral,1,6,1,49,5
3850,196,2024-03-21,organic_search,2,6,1,49,0
3850,196,2024-03-21,referral,3,6,1,49,5
3850,196,2024-03-21,email,4,6,1,49,1
3850,196,2024-03-21,direct,5,6,1,49,0
3850,196,2024-03-21,google_ads,6,6,1,49,12
3851,532,2024-07-01,referral,1,4,0,0,5
3851,532,2024-07-01,organic_search,2,4,0,0,0
3851,532,2024-07-01,facebook_ads,3,4,0,0,8
3851,532,2024-07-01,email,4,4,0,0,1
3852,1067,2024-08-01,facebook_ads,1,1,0,0,8
3853,241,2024-04-10,facebook_ads,1,4,0,0,8
3853,241,2024-04-10,organic_search,2,4,0,0,0
3853,241,2024-04-10,direct,3,4,0,0,0
3853,241,2024-04-10,facebook_ads,4,4,0,0,8
3854,1274,2024-08-04,organic_search,1,6,0,0,0
3854,1274,2024-08-04,organic_search,2,6,0,0,0
3854,1274,2024-08-04,google_ads,3,6,0,0,12
3854,1274,2024-08-04,direct,4,6,0,0,0
3854,1274,2024-08-04,facebook_ads,5,6,0,0,8
3854,1274,2024-08-04,referral,6,6,0,0,5
3855,106,2024-04-10,email,1,1,0,0,1
3856,1481,2024-01-06,email,1,6,0,0,1
3856,1481,2024-01-06,organic_search,2,6,0,0,0
3856,1481,2024-01-06,email,3,6,0,0,1
3856,1481,2024-01-06,organic_search,4,6,0,0,0
3856,1481,2024-01-06,facebook_ads,5,6,0,0,8
3856,1481,2024-01-06,google_ads,6,6,0,0,12
3857,634,2024-07-28,email,1,5,0,0,1
3857,634,2024-07-28,google_ads,2,5,0,0,12
3857,634,2024-07-28,organic_search,3,5,0,0,0
3857,634,2024-07-28,google_ads,4,5,0,0,12
3857,634,2024-07-28,organic_search,5,5,0,0,0
3858,833,2024-02-16,email,1,3,1,99,1
3858,833,2024-02-16,organic_search,2,3,1,99,0
3858,833,2024-02-16,referral,3,3,1,99,5
3859,804,2024-04-16,facebook_ads,1,4,0,0,8
3859,804,2024-04-16,facebook_ads,2,4,0,0,8
3859,804,2024-04-16,direct,3,4,0,0,0
3859,804,2024-04-16,google_ads,4,4,0,0,12
3860,578,2024-06-27,direct,1,6,0,0,0
3860,578,2024-06-27,organic_search,2,6,0,0,0
3860,578,2024-06-27,direct,3,6,0,0,0
3860,578,2024-06-27,direct,4,6,0,0,0
3860,578,2024-06-27,organic_search,5,6,0,0,0
3860,578,2024-06-27,referral,6,6,0,0,5
3861,1368,2024-09-07,organic_search,1,6,0,0,0
3861,1368,2024-09-07,facebook_ads,2,6,0,0,8
3861,1368,2024-09-07,google_ads,3,6,0,0,12
3861,1368,2024-09-07,email,4,6,0,0,1
3861,1368,2024-09-07,google_ads,5,6,0,0,12
3861,1368,2024-09-07,referral,6,6,0,0,5
3862,453,2024-01-01,organic_search,1,4,0,0,0
3862,453,2024-01-01,organic_search,2,4,0,0,0
3862,453,2024-01-01,direct,3,4,0,0,0
3862,453,2024-01-01,organic_search,4,4,0,0,0
3863,1798,2024-09-16,direct,1,4,0,0,0
3863,1798,2024-09-16,facebook_ads,2,4,0,0,8
3863,1798,2024-09-16,direct,3,4,0,0,0
3863,1798,2024-09-16,organic_search,4,4,0,0,0
3864,1207,2024-08-25,facebook_ads,1,1,0,0,8
3865,1157,2024-04-06,direct,1,4,1,149,0
3865,1157,2024-04-06,referral,2,4,1,149,5
3865,1157,2024-04-06,referral,3,4,1,149,5
3865,1157,2024-04-06,email,4,4,1,149,1
3866,158,2024-08-15,direct,1,3,1,499,0
3866,158,2024-08-15,referral,2,3,1,499,5
3866,158,2024-08-15,google_ads,3,3,1,499,12
3867,510,2024-09-07,email,1,2,0,0,1
3867,510,2024-09-07,referral,2,2,0,0,5
3868,1824,2024-02-05,facebook_ads,1,4,0,0,8
3868,1824,2024-02-05,referral,2,4,0,0,5
3868,1824,2024-02-05,google_ads,3,4,0,0,12
3868,1824,2024-02-05,facebook_ads,4,4,0,0,8
3869,738,2024-07-20,facebook_ads,1,3,0,0,8
3869,738,2024-07-20,email,2,3,0,0,1
3869,738,2024-07-20,organic_search,3,3,0,0,0
3870,791,2024-02-16,email,1,4,0,0,1
3870,791,2024-02-16,facebook_ads,2,4,0,0,8
3870,791,2024-02-16,email,3,4,0,0,1
3870,791,2024-02-16,direct,4,4,0,0,0
3871,424,2024-03-03,organic_search,1,4,0,0,0
3871,424,2024-03-03,direct,2,4,0,0,0
3871,424,2024-03-03,google_ads,3,4,0,0,12
3871,424,2024-03-03,facebook_ads,4,4,0,0,8
3872,1427,2024-03-08,email,1,3,1,49,1
3872,1427,2024-03-08,direct,2,3,1,49,0
3872,1427,2024-03-08,organic_search,3,3,1,49,0
3873,65,2024-08-28,referral,1,2,0,0,5
3873,65,2024-08-28,google_ads,2,2,0,0,12
3874,1893,2024-03-07,facebook_ads,1,5,0,0,8
3874,1893,2024-03-07,email,2,5,0,0,1
3874,1893,2024-03-07,organic_search,3,5,0,0,0
3874,1893,2024-03-07,organic_search,4,5,0,0,0
3874,1893,2024-03-07,facebook_ads,5,5,0,0,8
3875,1724,2024-08-23,facebook_ads,1,1,0,0,8
3876,1197,2024-08-29,organic_search,1,1,0,0,0
3877,280,2024-07-08,organic_search,1,1,0,0,0
3878,243,2024-07-30,facebook_ads,1,2,1,49,8
3878,243,2024-07-30,organic_search,2,2,1,49,0
3879,1521,2024-03-05,google_ads,1,5,0,0,12
3879,1521,2024-03-05,email,2,5,0,0,1
3879,1521,2024-03-05,direct,3,5,0,0,0
3879,1521,2024-03-05,referral,4,5,0,0,5
3879,1521,2024-03-05,organic_search,5,5,0,0,0
3880,521,2024-05-23,direct,1,6,1,49,0
3880,521,2024-05-23,google_ads,2,6,1,49,12
3880,521,2024-05-23,referral,3,6,1,49,5
3880,521,2024-05-23,referral,4,6,1,49,5
3880,521,2024-05-23,google_ads,5,6,1,49,12
3880,521,2024-05-23,google_ads,6,6,1,49,12
3881,498,2024-02-15,direct,1,5,1,99,0
3881,498,2024-02-15,direct,2,5,1,99,0
3881,498,2024-02-15,google_ads,3,5,1,99,12
3881,498,2024-02-15,google_ads,4,5,1,99,12
3881,498,2024-02-15,referral,5,5,1,99,5
3882,1182,2024-06-09,facebook_ads,1,5,1,299,8
3882,1182,2024-06-09,organic_search,2,5,1,299,0
3882,1182,2024-06-09,organic_search,3,5,1,299,0
3882,1182,2024-06-09,referral,4,5,1,299,5
3882,1182,2024-06-09,organic_search,5,5,1,299,0
3883,456,2024-06-05,google_ads,1,4,0,0,12
3883,456,2024-06-05,email,2,4,0,0,1
3883,456,2024-06-05,facebook_ads,3,4,0,0,8
3883,456,2024-06-05,direct,4,4,0,0,0
3884,23,2024-07-22,google_ads,1,2,0,0,12
3884,23,2024-07-22,facebook_ads,2,2,0,0,8
3885,1794,2024-07-16,direct,1,6,1,299,0
3885,1794,2024-07-16,email,2,6,1,299,1
3885,1794,2024-07-16,referral,3,6,1,299,5
3885,1794,2024-07-16,facebook_ads,4,6,1,299,8
3885,1794,2024-07-16,facebook_ads,5,6,1,299,8
3885,1794,2024-07-16,organic_search,6,6,1,299,0
3886,1770,2024-06-30,email,1,4,0,0,1
3886,1770,2024-06-30,organic_search,2,4,0,0,0
3886,1770,2024-06-30,email,3,4,0,0,1
3886,1770,2024-06-30,email,4,4,0,0,1
3887,443,2024-07-05,email,1,3,1,149,1
3887,443,2024-07-05,email,2,3,1,149,1
3887,443,2024-07-05,referral,3,3,1,149,5
3888,114,2024-09-23,direct,1,4,0,0,0
3888,114,2024-09-23,organic_search,2,4,0,0,0
3888,114,2024-09-23,facebook_ads,3,4,0,0,8
3888,114,2024-09-23,direct,4,4,0,0,0
3889,1954,2024-02-25,google_ads,1,5,0,0,12
3889,1954,2024-02-25,facebook_ads,2,5,0,0,8
3889,1954,2024-02-25,email,3,5,0,0,1
3889,1954,2024-02-25,organic_search,4,5,0,0,0
3889,1954,2024-02-25,facebook_ads,5,5,0,0,8
3890,154,2024-02-02,email,1,6,0,0,1
3890,154,2024-02-02,organic_search,2,6,0,0,0
3890,154,2024-02-02,facebook_ads,3,6,0,0,8
3890,154,2024-02-02,organic_search,4,6,0,0,0
3890,154,2024-02-02,email,5,6,0,0,1
3890,154,2024-02-02,organic_search,6,6,0,0,0
3891,813,2024-06-24,google_ads,1,2,0,0,12
3891,813,2024-06-24,email,2,2,0,0,1
3892,1135,2024-02-29,facebook_ads,1,6,0,0,8
3892,1135,2024-02-29,referral,2,6,0,0,5
3892,1135,2024-02-29,email,3,6,0,0,1
3892,1135,2024-02-29,referral,4,6,0,0,5
3892,1135,2024-02-29,referral,5,6,0,0,5
3892,1135,2024-02-29,google_ads,6,6,0,0,12
3893,857,2024-08-30,facebook_ads,1,5,0,0,8
3893,857,2024-08-30,organic_search,2,5,0,0,0
3893,857,2024-08-30,direct,3,5,0,0,0
3893,857,2024-08-30,organic_search,4,5,0,0,0
3893,857,2024-08-30,email,5,5,0,0,1
3894,168,2024-05-06,google_ads,1,3,0,0,12
3894,168,2024-05-06,referral,2,3,0,0,5
3894,168,2024-05-06,google_ads,3,3,0,0,12
3895,787,2024-05-15,referral,1,3,0,0,5
3895,787,2024-05-15,facebook_ads,2,3,0,0,8
3895,787,2024-05-15,referral,3,3,0,0,5
3896,1110,2024-08-26,google_ads,1,3,0,0,12
3896,1110,2024-08-26,email,2,3,0,0,1
3896,1110,2024-08-26,email,3,3,0,0,1
3897,570,2024-02-15,organic_search,1,3,0,0,0
3897,570,2024-02-15,direct,2,3,0,0,0
3897,570,2024-02-15,google_ads,3,3,0,0,12
3898,815,2024-06-23,referral,1,5,0,0,5
3898,815,2024-06-23,google_ads,2,5,0,0,12
3898,815,2024-06-23,google_ads,3,5,0,0,12
3898,815,2024-06-23,direct,4,5,0,0,0
3898,815,2024-06-23,facebook_ads,5,5,0,0,8
3899,247,2024-03-16,referral,1,2,1,49,5
3899,247,2024-03-16,referral,2,2,1,49,5
3900,453,2024-09-23,email,1,1,0,0,1
3901,750,2024-04-02,organic_search,1,6,0,0,0
3901,750,2024-04-02,direct,2,6,0,0,0
3901,750,2024-04-02,google_ads,3,6,0,0,12
3901,750,2024-04-02,email,4,6,0,0,1
3901,750,2024-04-02,facebook_ads,5,6,0,0,8
3901,750,2024-04-02,google_ads,6,6,0,0,12
3902,797,2024-08-22,facebook_ads,1,1,0,0,8
3903,1277,2024-04-09,email,1,1,1,49,1
3904,1409,2024-04-17,referral,1,1,1,499,5
3905,1308,2024-06-30,google_ads,1,5,0,0,12
3905,1308,2024-06-30,direct,2,5,0,0,0
3905,1308,2024-06-30,referral,3,5,0,0,5
3905,1308,2024-06-30,email,4,5,0,0,1
3905,1308,2024-06-30,google_ads,5,5,0,0,12
3906,675,2024-09-04,direct,1,1,0,0,0
3907,223,2024-02-22,organic_search,1,6,1,49,0
3907,223,2024-02-22,facebook_ads,2,6,1,49,8
3907,223,2024-02-22,google_ads,3,6,1,49,12
3907,223,2024-02-22,organic_search,4,6,1,49,0
3907,223,2024-02-22,google_ads,5,6,1,49,12
3907,223,2024-02-22,facebook_ads,6,6,1,49,8
3908,1541,2024-01-21,email,1,5,0,0,1
3908,1541,2024-01-21,google_ads,2,5,0,0,12
3908,1541,2024-01-21,direct,3,5,0,0,0
3908,1541,2024-01-21,referral,4,5,0,0,5
3908,1541,2024-01-21,referral,5,5,0,0,5
3909,1189,2024-07-30,direct,1,1,0,0,0
3910,929,2024-05-10,organic_search,1,1,0,0,0
3911,648,2024-09-22,facebook_ads,1,6,0,0,8
3911,648,2024-09-22,google_ads,2,6,0,0,12
3911,648,2024-09-22,organic_search,3,6,0,0,0
3911,648,2024-09-22,organic_search,4,6,0,0,0
3911,648,2024-09-22,email,5,6,0,0,1
3911,648,2024-09-22,facebook_ads,6,6,0,0,8
3912,1281,2024-06-30,facebook_ads,1,2,0,0,8
3912,1281,2024-06-30,facebook_ads,2,2,0,0,8
3913,349,2024-06-06,referral,1,6,0,0,5
3913,349,2024-06-06,email,2,6,0,0,1
3913,349,2024-06-06,facebook_ads,3,6,0,0,8
3913,349,2024-06-06,organic_search,4,6,0,0,0
3913,349,2024-06-06,google_ads,5,6,0,0,12
3913,349,2024-06-06,email,6,6,0,0,1
3914,892,2024-04-09,direct,1,6,0,0,0
3914,892,2024-04-09,organic_search,2,6,0,0,0
3914,892,2024-04-09,facebook_ads,3,6,0,0,8
3914,892,2024-04-09,organic_search,4,6,0,0,0
3914,892,2024-04-09,direct,5,6,0,0,0
3914,892,2024-04-09,direct,6,6,0,0,0
3915,1287,2024-09-16,email,1,5,0,0,1
3915,1287,2024-09-16,referral,2,5,0,0,5
3915,1287,2024-09-16,referral,3,5,0,0,5
3915,1287,2024-09-16,google_ads,4,5,0,0,12
3915,1287,2024-09-16,organic_search,5,5,0,0,0
3916,214,2024-03-06,direct,1,5,0,0,0
3916,214,2024-03-06,organic_search,2,5,0,0,0
3916,214,2024-03-06,facebook_ads,3,5,0,0,8
3916,214,2024-03-06,email,4,5,0,0,1
3916,214,2024-03-06,direct,5,5,0,0,0
3917,364,2024-02-04,organic_search,1,4,0,0,0
3917,364,2024-02-04,referral,2,4,0,0,5
3917,364,2024-02-04,facebook_ads,3,4,0,0,8
3917,364,2024-02-04,google_ads,4,4,0,0,12
3918,1883,2024-01-18,organic_search,1,3,1,99,0
3918,1883,2024-01-18,email,2,3,1,99,1
3918,1883,2024-01-18,direct,3,3,1,99,0
3919,912,2024-03-25,facebook_ads,1,2,1,49,8
3919,912,2024-03-25,organic_search,2,2,1,49,0
3920,302,2024-05-05,organic_search,1,4,0,0,0
3920,302,2024-05-05,google_ads,2,4,0,0,12
3920,302,2024-05-05,direct,3,4,0,0,0
3920,302,2024-05-05,direct,4,4,0,0,0
3921,1086,2024-07-07,direct,1,4,0,0,0
3921,1086,2024-07-07,email,2,4,0,0,1
3921,1086,2024-07-07,facebook_ads,3,4,0,0,8
3921,1086,2024-07-07,direct,4,4,0,0,0
3922,358,2024-07-16,facebook_ads,1,2,0,0,8
3922,358,2024-07-16,referral,2,2,0,0,5
3923,1630,2024-06-26,organic_search,1,2,0,0,0
3923,1630,2024-06-26,direct,2,2,0,0,0
3924,49,2024-04-29,organic_search,1,6,0,0,0
3924,49,2024-04-29,google_ads,2,6,0,0,12
3924,49,2024-04-29,referral,3,6,0,0,5
3924,49,2024-04-29,referral,4,6,0,0,5
3924,49,2024-04-29,referral,5,6,0,0,5
3924,49,2024-04-29,email,6,6,0,0,1
3925,795,2024-08-02,facebook_ads,1,4,0,0,8
3925,795,2024-08-02,facebook_ads,2,4,0,0,8
3925,795,2024-08-02,facebook_ads,3,4,0,0,8
3925,795,2024-08-02,google_ads,4,4,0,0,12
3926,1299,2024-03-13,facebook_ads,1,6,0,0,8
3926,1299,2024-03-13,referral,2,6,0,0,5
3926,1299,2024-03-13,email,3,6,0,0,1
3926,1299,2024-03-13,facebook_ads,4,6,0,0,8
3926,1299,2024-03-13,direct,5,6,0,0,0
3926,1299,2024-03-13,google_ads,6,6,0,0,12
3927,874,2024-09-26,referral,1,2,0,0,5
3927,874,2024-09-26,organic_search,2,2,0,0,0
3928,1750,2024-08-23,email,1,5,0,0,1
3928,1750,2024-08-23,organic_search,2,5,0,0,0
3928,1750,2024-08-23,direct,3,5,0,0,0
3928,1750,2024-08-23,organic_search,4,5,0,0,0
3928,1750,2024-08-23,email,5,5,0,0,1
3929,203,2024-02-07,email,1,2,0,0,1
3929,203,2024-02-07,facebook_ads,2,2,0,0,8
3930,902,2024-01-01,direct,1,3,0,0,0
3930,902,2024-01-01,direct,2,3,0,0,0
3930,902,2024-01-01,referral,3,3,0,0,5
3931,1120,2024-05-04,google_ads,1,5,1,99,12
3931,1120,2024-05-04,direct,2,5,1,99,0
3931,1120,2024-05-04,organic_search,3,5,1,99,0
3931,1120,2024-05-04,direct,4,5,1,99,0
3931,1120,2024-05-04,referral,5,5,1,99,5
3932,531,2024-09-06,email,1,6,0,0,1
3932,531,2024-09-06,direct,2,6,0,0,0
3932,531,2024-09-06,google_ads,3,6,0,0,12
3932,531,2024-09-06,referral,4,6,0,0,5
3932,531,2024-09-06,facebook_ads,5,6,0,0,8
3932,531,2024-09-06,facebook_ads,6,6,0,0,8
3933,591,2024-02-14,organic_search,1,5,0,0,0
3933,591,2024-02-14,google_ads,2,5,0,0,12
3933,591,2024-02-14,organic_search,3,5,0,0,0
3933,591,2024-02-14,facebook_ads,4,5,0,0,8
3933,591,2024-02-14,referral,5,5,0,0,5
3934,1750,2024-02-21,organic_search,1,3,0,0,0
3934,1750,2024-02-21,google_ads,2,3,0,0,12
3934,1750,2024-02-21,facebook_ads,3,3,0,0,8
3935,1977,2024-01-27,google_ads,1,3,0,0,12
3935,1977,2024-01-27,google_ads,2,3,0,0,12
3935,1977,2024-01-27,referral,3,3,0,0,5
3936,1226,2024-06-02,organic_search,1,3,0,0,0
3936,1226,2024-06-02,referral,2,3,0,0,5
3936,1226,2024-06-02,organic_search,3,3,0,0,0
3937,1641,2024-06-04,referral,1,1,0,0,5
3938,1064,2024-08-01,organic_search,1,6,0,0,0
3938,1064,2024-08-01,email,2,6,0,0,1
3938,1064,2024-08-01,direct,3,6,0,0,0
3938,1064,2024-08-01,organic_search,4,6,0,0,0
3938,1064,2024-08-01,email,5,6,0,0,1
3938,1064,2024-08-01,organic_search,6,6,0,0,0
3939,594,2024-07-05,referral,1,3,1,299,5
3939,594,2024-07-05,direct,2,3,1,299,0
3939,594,2024-07-05,google_ads,3,3,1,299,12
3940,399,2024-07-16,direct,1,5,1,499,0
3940,399,2024-07-16,facebook_ads,2,5,1,499,8
3940,399,2024-07-16,facebook_ads,3,5,1,499,8
3940,399,2024-07-16,facebook_ads,4,5,1,499,8
3940,399,2024-07-16,referral,5,5,1,499,5
3941,1186,2024-03-04,facebook_ads,1,3,0,0,8
3941,1186,2024-03-04,email,2,3,0,0,1
3941,1186,2024-03-04,direct,3,3,0,0,0
3942,181,2024-09-02,email,1,1,0,0,1
3943,555,2024-07-25,referral,1,2,0,0,5
3943,555,2024-07-25,organic_search,2,2,0,0,0
3944,1629,2024-04-30,organic_search,1,2,0,0,0
3944,1629,2024-04-30,email,2,2,0,0,1
3945,1758,2024-05-07,organic_search,1,4,0,0,0
3945,1758,2024-05-07,facebook_ads,2,4,0,0,8
3945,1758,2024-05-07,organic_search,3,4,0,0,0
3945,1758,2024-05-07,email,4,4,0,0,1
3946,120,2024-05-26,email,1,3,0,0,1
3946,120,2024-05-26,referral,2,3,0,0,5
3946,120,2024-05-26,referral,3,3,0,0,5
3947,293,2024-01-31,facebook_ads,1,3,0,0,8
3947,293,2024-01-31,google_ads,2,3,0,0,12
3947,293,2024-01-31,organic_search,3,3,0,0,0
3948,640,2024-08-11,referral,1,4,0,0,5
3948,640,2024-08-11,google_ads,2,4,0,0,12
3948,640,2024-08-11,organic_search,3,4,0,0,0
3948,640,2024-08-11,organic_search,4,4,0,0,0
3949,1825,2024-09-26,facebook_ads,1,2,0,0,8
3949,1825,2024-09-26,organic_search,2,2,0,0,0
3950,208,2024-02-01,email,1,2,0,0,1
3950,208,2024-02-01,organic_search,2,2,0,0,0
3951,80,2024-04-16,email,1,5,0,0,1
3951,80,2024-04-16,email,2,5,0,0,1
3951,80,2024-04-16,google_ads,3,5,0,0,12
3951,80,2024-04-16,facebook_ads,4,5,0,0,8
3951,80,2024-04-16,organic_search,5,5,0,0,0
3952,1781,2024-07-26,organic_search,1,2,0,0,0
3952,1781,2024-07-26,google_ads,2,2,0,0,12
3953,1643,2024-03-02,facebook_ads,1,1,0,0,8
3954,1567,2024-06-01,facebook_ads,1,4,0,0,8
3954,1567,2024-06-01,email,2,4,0,0,1
3954,1567,2024-06-01,facebook_ads,3,4,0,0,8
3954,1567,2024-06-01,direct,4,4,0,0,0
3955,1511,2024-09-03,email,1,1,0,0,1
3956,414,2024-07-17,direct,1,5,0,0,0
3956,414,2024-07-17,google_ads,2,5,0,0,12
3956,414,2024-07-17,facebook_ads,3,5,0,0,8
3956,414,2024-07-17,email,4,5,0,0,1
3956,414,2024-07-17,organic_search,5,5,0,0,0
3957,735,2024-03-09,direct,1,4,0,0,0
3957,735,2024-03-09,referral,2,4,0,0,5
3957,735,2024-03-09,referral,3,4,0,0,5
3957,735,2024-03-09,referral,4,4,0,0,5
3958,1032,2024-07-12,direct,1,2,0,0,0
3958,1032,2024-07-12,referral,2,2,0,0,5
3959,789,2024-06-10,organic_search,1,4,0,0,0
3959,789,2024-06-10,referral,2,4,0,0,5
3959,789,2024-06-10,facebook_ads,3,4,0,0,8
3959,789,2024-06-10,organic_search,4,4,0,0,0
3960,91,2024-01-02,referral,1,6,0,0,5
3960,91,2024-01-02,organic_search,2,6,0,0,0
3960,91,2024-01-02,direct,3,6,0,0,0
3960,91,2024-01-02,google_ads,4,6,0,0,12
3960,91,2024-01-02,referral,5,6,0,0,5
3960,91,2024-01-02,direct,6,6,0,0,0
3961,426,2024-03-01,google_ads,1,5,0,0,12
3961,426,2024-03-01,organic_search,2,5,0,0,0
3961,426,2024-03-01,direct,3,5,0,0,0
3961,426,2024-03-01,referral,4,5,0,0,5
3961,426,2024-03-01,facebook_ads,5,5,0,0,8
3962,1340,2024-03-22,email,1,1,0,0,1
3963,1239,2024-08-26,email,1,5,0,0,1
3963,1239,2024-08-26,referral,2,5,0,0,5
3963,1239,2024-08-26,referral,3,5,0,0,5
3963,1239,2024-08-26,referral,4,5,0,0,5
3963,1239,2024-08-26,email,5,5,0,0,1
3964,212,2024-03-24,google_ads,1,3,0,0,12
3964,212,2024-03-24,organic_search,2,3,0,0,0
3964,212,2024-03-24,google_ads,3,3,0,0,12
3965,585,2024-05-19,direct,1,1,0,0,0
3966,1319,2024-08-27,organic_search,1,3,1,49,0
3966,1319,2024-08-27,referral,2,3,1,49,5
3966,1319,2024-08-27,organic_search,3,3,1,49,0
3967,257,2024-06-01,direct,1,3,0,0,0
3967,257,2024-06-01,referral,2,3,0,0,5
3967,257,2024-06-01,direct,3,3,0,0,0
3968,336,2024-05-17,facebook_ads,1,4,0,0,8
3968,336,2024-05-17,email,2,4,0,0,1
3968,336,2024-05-17,organic_search,3,4,0,0,0
3968,336,2024-05-17,referral,4,4,0,0,5
3969,321,2024-01-24,google_ads,1,1,0,0,12
3970,1871,2024-08-18,referral,1,3,0,0,5
3970,1871,2024-08-18,direct,2,3,0,0,0
3970,1871,2024-08-18,organic_search,3,3,0,0,0
3971,1212,2024-08-10,google_ads,1,6,0,0,12
3971,1212,2024-08-10,organic_search,2,6,0,0,0
3971,1212,2024-08-10,google_ads,3,6,0,0,12
3971,1212,2024-08-10,organic_search,4,6,0,0,0
3971,1212,2024-08-10,google_ads,5,6,0,0,12
3971,1212,2024-08-10,facebook_ads,6,6,0,0,8
3972,430,2024-04-23,referral,1,1,1,149,5
3973,607,2024-06-25,organic_search,1,6,0,0,0
3973,607,2024-06-25,facebook_ads,2,6,0,0,8
3973,607,2024-06-25,google_ads,3,6,0,0,12
3973,607,2024-06-25,organic_search,4,6,0,0,0
3973,607,2024-06-25,email,5,6,0,0,1
3973,607,2024-06-25,google_ads,6,6,0,0,12
3974,1921,2024-07-06,email,1,5,0,0,1
3974,1921,2024-07-06,organic_search,2,5,0,0,0
3974,1921,2024-07-06,organic_search,3,5,0,0,0
3974,1921,2024-07-06,organic_search,4,5,0,0,0
3974,1921,2024-07-06,google_ads,5,5,0,0,12
3975,1915,2024-04-22,google_ads,1,1,0,0,12
3976,274,2024-02-27,google_ads,1,3,0,0,12
3976,274,2024-02-27,organic_search,2,3,0,0,0
3976,274,2024-02-27,organic_search,3,3,0,0,0
3977,1547,2024-08-19,facebook_ads,1,4,0,0,8
3977,1547,2024-08-19,facebook_ads,2,4,0,0,8
3977,1547,2024-08-19,organic_search,3,4,0,0,0
3977,1547,2024-08-19,referral,4,4,0,0,5
3978,700,2024-07-18,organic_search,1,5,0,0,0
3978,700,2024-07-18,google_ads,2,5,0,0,12
3978,700,2024-07-18,referral,3,5,0,0,5
3978,700,2024-07-18,organic_search,4,5,0,0,0
3978,700,2024-07-18,google_ads,5,5,0,0,12
3979,229,2024-01-31,google_ads,1,6,0,0,12
3979,229,2024-01-31,organic_search,2,6,0,0,0
3979,229,2024-01-31,email,3,6,0,0,1
3979,229,2024-01-31,google_ads,4,6,0,0,12
3979,229,2024-01-31,direct,5,6,0,0,0
3979,229,2024-01-31,direct,6,6,0,0,0
3980,224,2024-08-02,email,1,5,0,0,1
3980,224,2024-08-02,direct,2,5,0,0,0
3980,224,2024-08-02,google_ads,3,5,0,0,12
3980,224,2024-08-02,facebook_ads,4,5,0,0,8
3980,224,2024-08-02,facebook_ads,5,5,0,0,8
3981,831,2024-07-17,facebook_ads,1,3,0,0,8
3981,831,2024-07-17,google_ads,2,3,0,0,12
3981,831,2024-07-17,referral,3,3,0,0,5
3982,1108,2024-02-22,email,1,5,0,0,1
3982,1108,2024-02-22,google_ads,2,5,0,0,12
3982,1108,2024-02-22,email,3,5,0,0,1
3982,1108,2024-02-22,facebook_ads,4,5,0,0,8
3982,1108,2024-02-22,organic_search,5,5,0,0,0
3983,676,2024-05-08,direct,1,2,0,0,0
3983,676,2024-05-08,direct,2,2,0,0,0
3984,791,2024-09-23,facebook_ads,1,3,1,49,8
3984,791,2024-09-23,referral,2,3,1,49,5
3984,791,2024-09-23,google_ads,3,3,1,49,12
3985,1665,2024-09-12,direct,1,1,1,49,0
3986,859,2024-09-14,google_ads,1,2,0,0,12
3986,859,2024-09-14,facebook_ads,2,2,0,0,8
3987,733,2024-04-25,direct,1,4,0,0,0
3987,733,2024-04-25,organic_search,2,4,0,0,0
3987,733,2024-04-25,organic_search,3,4,0,0,0
3987,733,2024-04-25,email,4,4,0,0,1
3988,859,2024-05-09,organic_search,1,2,0,0,0
3988,859,2024-05-09,google_ads,2,2,0,0,12
3989,1945,2024-07-05,facebook_ads,1,1,0,0,8
3990,1649,2024-09-18,email,1,6,0,0,1
3990,1649,2024-09-18,organic_search,2,6,0,0,0
3990,1649,2024-09-18,organic_search,3,6,0,0,0
3990,1649,2024-09-18,facebook_ads,4,6,0,0,8
3990,1649,2024-09-18,referral,5,6,0,0,5
3990,1649,2024-09-18,facebook_ads,6,6,0,0,8
3991,263,2024-04-16,facebook_ads,1,6,0,0,8
3991,263,2024-04-16,direct,2,6,0,0,0
3991,263,2024-04-16,email,3,6,0,0,1
3991,263,2024-04-16,google_ads,4,6,0,0,12
3991,263,2024-04-16,facebook_ads,5,6,0,0,8
3991,263,2024-04-16,facebook_ads,6,6,0,0,8
3992,486,2024-07-03,referral,1,3,0,0,5
3992,486,2024-07-03,google_ads,2,3,0,0,12
3992,486,2024-07-03,referral,3,3,0,0,5
3993,1368,2024-05-11,email,1,1,0,0,1
3994,986,2024-05-06,email,1,2,0,0,1
3994,986,2024-05-06,google_ads,2,2,0,0,12
3995,459,2024-09-07,organic_search,1,2,0,0,0
3995,459,2024-09-07,organic_search,2,2,0,0,0
3996,1617,2024-05-12,google_ads,1,2,0,0,12
3996,1617,2024-05-12,referral,2,2,0,0,5
3997,894,2024-09-05,organic_search,1,2,0,0,0
3997,894,2024-09-05,facebook_ads,2,2,0,0,8
3998,44,2024-05-29,facebook_ads,1,2,0,0,8
3998,44,2024-05-29,referral,2,2,0,0,5
3999,1912,2024-06-14,referral,1,3,0,0,5
3999,1912,2024-06-14,referral,2,3,0,0,5
3999,1912,2024-06-14,google_ads,3,3,0,0,12
4000,1785,2024-07-03,google_ads,1,1,0,0,12
4001,679,2024-02-17,google_ads,1,2,0,0,12
4001,679,2024-02-17,direct,2,2,0,0,0
4002,8,2024-03-19,direct,1,3,0,0,0
4002,8,2024-03-19,email,2,3,0,0,1
4002,8,2024-03-19,facebook_ads,3,3,0,0,8
4003,1003,2024-06-11,facebook_ads,1,3,0,0,8
4003,1003,2024-06-11,google_ads,2,3,0,0,12
4003,1003,2024-06-11,email,3,3,0,0,1
4004,1488,2024-06-04,email,1,3,1,299,1
4004,1488,2024-06-04,email,2,3,1,299,1
4004,1488,2024-06-04,facebook_ads,3,3,1,299,8
4005,1525,2024-02-19,referral,1,4,0,0,5
4005,1525,2024-02-19,google_ads,2,4,0,0,12
4005,1525,2024-02-19,direct,3,4,0,0,0
4005,1525,2024-02-19,referral,4,4,0,0,5
4006,601,2024-04-22,email,1,2,0,0,1
4006,601,2024-04-22,direct,2,2,0,0,0
4007,211,2024-07-09,email,1,2,0,0,1
4007,211,2024-07-09,facebook_ads,2,2,0,0,8
4008,220,2024-01-06,google_ads,1,6,0,0,12
4008,220,2024-01-06,facebook_ads,2,6,0,0,8
4008,220,2024-01-06,organic_search,3,6,0,0,0
4008,220,2024-01-06,facebook_ads,4,6,0,0,8
4008,220,2024-01-06,organic_search,5,6,0,0,0
4008,220,2024-01-06,google_ads,6,6,0,0,12
4009,1623,2024-04-11,google_ads,1,3,0,0,12
4009,1623,2024-04-11,facebook_ads,2,3,0,0,8
4009,1623,2024-04-11,email,3,3,0,0,1
4010,767,2024-07-18,email,1,4,0,0,1
4010,767,2024-07-18,referral,2,4,0,0,5
4010,767,2024-07-18,google_ads,3,4,0,0,12
4010,767,2024-07-18,google_ads,4,4,0,0,12
4011,680,2024-08-17,email,1,4,0,0,1
4011,680,2024-08-17,organic_search,2,4,0,0,0
4011,680,2024-08-17,direct,3,4,0,0,0
4011,680,2024-08-17,facebook_ads,4,4,0,0,8
4012,302,2024-07-15,referral,1,6,0,0,5
4012,302,2024-07-15,facebook_ads,2,6,0,0,8
4012,302,2024-07-15,direct,3,6,0,0,0
4012,302,2024-07-15,direct,4,6,0,0,0
4012,302,2024-07-15,organic_search,5,6,0,0,0
4012,302,2024-07-15,facebook_ads,6,6,0,0,8
4013,253,2024-06-30,referral,1,6,0,0,5
4013,253,2024-06-30,email,2,6,0,0,1
4013,253,2024-06-30,organic_search,3,6,0,0,0
4013,253,2024-06-30,referral,4,6,0,0,5
4013,253,2024-06-30,referral,5,6,0,0,5
4013,253,2024-06-30,facebook_ads,6,6,0,0,8
4014,79,2024-05-17,facebook_ads,1,4,0,0,8
4014,79,2024-05-17,referral,2,4,0,0,5
4014,79,2024-05-17,facebook_ads,3,4,0,0,8
4014,79,2024-05-17,direct,4,4,0,0,0
4015,1230,2024-04-23,organic_search,1,4,0,0,0
4015,1230,2024-04-23,organic_search,2,4,0,0,0
4015,1230,2024-04-23,email,3,4,0,0,1
4015,1230,2024-04-23,google_ads,4,4,0,0,12
4016,1183,2024-06-21,facebook_ads,1,1,0,0,8
4017,1457,2024-03-19,referral,1,5,0,0,5
4017,1457,2024-03-19,email,2,5,0,0,1
4017,1457,2024-03-19,referral,3,5,0,0,5
4017,1457,2024-03-19,email,4,5,0,0,1
4017,1457,2024-03-19,organic_search,5,5,0,0,0
4018,438,2024-08-29,organic_search,1,6,0,0,0
4018,438,2024-08-29,google_ads,2,6,0,0,12
4018,438,2024-08-29,facebook_ads,3,6,0,0,8
4018,438,2024-08-29,facebook_ads,4,6,0,0,8
4018,438,2024-08-29,facebook_ads,5,6,0,0,8
4018,438,2024-08-29,email,6,6,0,0,1
4019,264,2024-07-08,email,1,4,0,0,1
4019,264,2024-07-08,facebook_ads,2,4,0,0,8
4019,264,2024-07-08,facebook_ads,3,4,0,0,8
4019,264,2024-07-08,email,4,4,0,0,1
4020,542,2024-08-07,google_ads,1,1,0,0,12
4021,776,2024-04-03,direct,1,6,0,0,0
4021,776,2024-04-03,google_ads,2,6,0,0,12
4021,776,2024-04-03,email,3,6,0,0,1
4021,776,2024-04-03,organic_search,4,6,0,0,0
4021,776,2024-04-03,referral,5,6,0,0,5
4021,776,2024-04-03,direct,6,6,0,0,0
4022,1446,2024-05-04,organic_search,1,1,0,0,0
4023,1306,2024-01-18,organic_search,1,3,0,0,0
4023,1306,2024-01-18,google_ads,2,3,0,0,12
4023,1306,2024-01-18,email,3,3,0,0,1
4024,1053,2024-03-28,google_ads,1,1,0,0,12
4025,23,2024-03-23,referral,1,3,0,0,5
4025,23,2024-03-23,email,2,3,0,0,1
4025,23,2024-03-23,email,3,3,0,0,1
4026,142,2024-02-05,facebook_ads,1,2,0,0,8
4026,142,2024-02-05,organic_search,2,2,0,0,0
4027,786,2024-04-22,direct,1,1,0,0,0
4028,1305,2024-01-04,facebook_ads,1,6,0,0,8
4028,1305,2024-01-04,direct,2,6,0,0,0
4028,1305,2024-01-04,direct,3,6,0,0,0
4028,1305,2024-01-04,google_ads,4,6,0,0,12
4028,1305,2024-01-04,organic_search,5,6,0,0,0
4028,1305,2024-01-04,organic_search,6,6,0,0,0
4029,1597,2024-06-02,email,1,6,0,0,1
4029,1597,2024-06-02,organic_search,2,6,0,0,0
4029,1597,2024-06-02,direct,3,6,0,0,0
4029,1597,2024-06-02,facebook_ads,4,6,0,0,8
4029,1597,2024-06-02,direct,5,6,0,0,0
4029,1597,2024-06-02,direct,6,6,0,0,0
4030,335,2024-09-24,google_ads,1,2,0,0,12
4030,335,2024-09-24,email,2,2,0,0,1
4031,886,2024-04-29,referral,1,3,0,0,5
4031,886,2024-04-29,referral,2,3,0,0,5
4031,886,2024-04-29,email,3,3,0,0,1
4032,1394,2024-01-10,referral,1,5,0,0,5
4032,1394,2024-01-10,google_ads,2,5,0,0,12
4032,1394,2024-01-10,facebook_ads,3,5,0,0,8
4032,1394,2024-01-10,google_ads,4,5,0,0,12
4032,1394,2024-01-10,email,5,5,0,0,1
4033,767,2024-01-14,email,1,5,0,0,1
4033,767,2024-01-14,organic_search,2,5,0,0,0
4033,767,2024-01-14,google_ads,3,5,0,0,12
4033,767,2024-01-14,organic_search,4,5,0,0,0
4033,767,2024-01-14,email,5,5,0,0,1
4034,1125,2024-04-29,facebook_ads,1,2,1,49,8
4034,1125,2024-04-29,organic_search,2,2,1,49,0
4035,1500,2024-05-29,direct,1,6,0,0,0
4035,1500,2024-05-29,direct,2,6,0,0,0
4035,1500,2024-05-29,google_ads,3,6,0,0,12
4035,1500,2024-05-29,email,4,6,0,0,1
4035,1500,2024-05-29,organic_search,5,6,0,0,0
4035,1500,2024-05-29,direct,6,6,0,0,0
4036,231,2024-07-08,referral,1,1,0,0,5
4037,1637,2024-04-20,referral,1,2,0,0,5
4037,1637,2024-04-20,organic_search,2,2,0,0,0
4038,110,2024-07-26,referral,1,5,0,0,5
4038,110,2024-07-26,direct,2,5,0,0,0
4038,110,2024-07-26,organic_search,3,5,0,0,0
4038,110,2024-07-26,email,4,5,0,0,1
4038,110,2024-07-26,referral,5,5,0,0,5
4039,1494,2024-08-25,email,1,1,0,0,1
4040,919,2024-09-15,google_ads,1,2,0,0,12
4040,919,2024-09-15,organic_search,2,2,0,0,0
4041,1258,2024-09-25,organic_search,1,1,0,0,0
4042,955,2024-01-14,facebook_ads,1,2,0,0,8
4042,955,2024-01-14,direct,2,2,0,0,0
4043,993,2024-06-29,direct,1,1,0,0,0
4044,1778,2024-06-29,google_ads,1,5,1,299,12
4044,1778,2024-06-29,organic_search,2,5,1,299,0
4044,1778,2024-06-29,email,3,5,1,299,1
4044,1778,2024-06-29,email,4,5,1,299,1
4044,1778,2024-06-29,direct,5,5,1,299,0
4045,1186,2024-07-06,referral,1,1,0,0,5
4046,747,2024-04-30,facebook_ads,1,1,0,0,8
4047,1881,2024-03-07,organic_search,1,5,0,0,0
4047,1881,2024-03-07,referral,2,5,0,0,5
4047,1881,2024-03-07,facebook_ads,3,5,0,0,8
4047,1881,2024-03-07,facebook_ads,4,5,0,0,8
4047,1881,2024-03-07,referral,5,5,0,0,5
4048,484,2024-08-28,facebook_ads,1,3,0,0,8
4048,484,2024-08-28,referral,2,3,0,0,5
4048,484,2024-08-28,organic_search,3,3,0,0,0
4049,1571,2024-04-01,referral,1,6,0,0,5
4049,1571,2024-04-01,google_ads,2,6,0,0,12
4049,1571,2024-04-01,facebook_ads,3,6,0,0,8
4049,1571,2024-04-01,facebook_ads,4,6,0,0,8
4049,1571,2024-04-01,google_ads,5,6,0,0,12
4049,1571,2024-04-01,referral,6,6,0,0,5
4050,1056,2024-01-22,facebook_ads,1,5,0,0,8
4050,1056,2024-01-22,referral,2,5,0,0,5
4050,1056,2024-01-22,facebook_ads,3,5,0,0,8
4050,1056,2024-01-22,google_ads,4,5,0,0,12
4050,1056,2024-01-22,facebook_ads,5,5,0,0,8
4051,458,2024-04-23,google_ads,1,1,1,149,12
4052,1526,2024-08-22,facebook_ads,1,3,1,149,8
4052,1526,2024-08-22,referral,2,3,1,149,5
4052,1526,2024-08-22,referral,3,3,1,149,5
4053,1770,2024-07-03,email,1,2,0,0,1
4053,1770,2024-07-03,organic_search,2,2,0,0,0
4054,542,2024-02-20,direct,1,2,0,0,0
4054,542,2024-02-20,organic_search,2,2,0,0,0
4055,947,2024-09-24,email,1,5,0,0,1
4055,947,2024-09-24,email,2,5,0,0,1
4055,947,2024-09-24,referral,3,5,0,0,5
4055,947,2024-09-24,email,4,5,0,0,1
4055,947,2024-09-24,organic_search,5,5,0,0,0
4056,211,2024-03-15,direct,1,2,0,0,0
4056,211,2024-03-15,google_ads,2,2,0,0,12
4057,1248,2024-01-07,organic_search,1,4,0,0,0
4057,1248,2024-01-07,email,2,4,0,0,1
4057,1248,2024-01-07,referral,3,4,0,0,5
4057,1248,2024-01-07,direct,4,4,0,0,0
4058,1705,2024-02-04,google_ads,1,1,0,0,12
4059,440,2024-01-09,email,1,6,0,0,1
4059,440,2024-01-09,email,2,6,0,0,1
4059,440,2024-01-09,email,3,6,0,0,1
4059,440,2024-01-09,referral,4,6,0,0,5
4059,440,2024-01-09,google_ads,5,6,0,0,12
4059,440,2024-01-09,google_ads,6,6,0,0,12
4060,1013,2024-09-23,facebook_ads,1,5,0,0,8
4060,1013,2024-09-23,organic_search,2,5,0,0,0
4060,1013,2024-09-23,google_ads,3,5,0,0,12
4060,1013,2024-09-23,referral,4,5,0,0,5
4060,1013,2024-09-23,email,5,5,0,0,1
4061,783,2024-01-18,direct,1,5,0,0,0
4061,783,2024-01-18,direct,2,5,0,0,0
4061,783,2024-01-18,referral,3,5,0,0,5
4061,783,2024-01-18,organic_search,4,5,0,0,0
4061,783,2024-01-18,google_ads,5,5,0,0,12
4062,1954,2024-01-10,email,1,4,0,0,1
4062,1954,2024-01-10,facebook_ads,2,4,0,0,8
4062,1954,2024-01-10,facebook_ads,3,4,0,0,8
4062,1954,2024-01-10,direct,4,4,0,0,0
4063,446,2024-01-20,google_ads,1,6,1,99,12
4063,446,2024-01-20,google_ads,2,6,1,99,12
4063,446,2024-01-20,email,3,6,1,99,1
4063,446,2024-01-20,google_ads,4,6,1,99,12
4063,446,2024-01-20,email,5,6,1,99,1
4063,446,2024-01-20,email,6,6,1,99,1
4064,579,2024-02-05,google_ads,1,6,0,0,12
4064,579,2024-02-05,referral,2,6,0,0,5
4064,579,2024-02-05,google_ads,3,6,0,0,12
4064,579,2024-02-05,referral,4,6,0,0,5
4064,579,2024-02-05,organic_search,5,6,0,0,0
4064,579,2024-02-05,facebook_ads,6,6,0,0,8
4065,790,2024-07-09,organic_search,1,3,0,0,0
4065,790,2024-07-09,referral,2,3,0,0,5
4065,790,2024-07-09,direct,3,3,0,0,0
4066,1103,2024-09-02,referral,1,2,0,0,5
4066,1103,2024-09-02,email,2,2,0,0,1
4067,537,2024-01-25,referral,1,1,1,149,5
4068,1487,2024-01-31,facebook_ads,1,3,0,0,8
4068,1487,2024-01-31,referral,2,3,0,0,5
4068,1487,2024-01-31,organic_search,3,3,0,0,0
4069,22,2024-09-21,email,1,2,0,0,1
4069,22,2024-09-21,facebook_ads,2,2,0,0,8
4070,206,2024-04-08,organic_search,1,6,0,0,0
4070,206,2024-04-08,organic_search,2,6,0,0,0
4070,206,2024-04-08,direct,3,6,0,0,0
4070,206,2024-04-08,google_ads,4,6,0,0,12
4070,206,2024-04-08,email,5,6,0,0,1
4070,206,2024-04-08,direct,6,6,0,0,0
4071,182,2024-02-18,referral,1,5,0,0,5
4071,182,2024-02-18,organic_search,2,5,0,0,0
4071,182,2024-02-18,direct,3,5,0,0,0
4071,182,2024-02-18,referral,4,5,0,0,5
4071,182,2024-02-18,organic_search,5,5,0,0,0
4072,1504,2024-09-24,referral,1,3,0,0,5
4072,1504,2024-09-24,referral,2,3,0,0,5
4072,1504,2024-09-24,email,3,3,0,0,1
4073,1671,2024-02-27,facebook_ads,1,3,1,49,8
4073,1671,2024-02-27,email,2,3,1,49,1
4073,1671,2024-02-27,facebook_ads,3,3,1,49,8
4074,783,2024-06-17,google_ads,1,4,0,0,12
4074,783,2024-06-17,google_ads,2,4,0,0,12
4074,783,2024-06-17,referral,3,4,0,0,5
4074,783,2024-06-17,referral,4,4,0,0,5
4075,1422,2024-07-23,direct,1,5,1,149,0
4075,1422,2024-07-23,email,2,5,1,149,1
4075,1422,2024-07-23,organic_search,3,5,1,149,0
4075,1422,2024-07-23,organic_search,4,5,1,149,0
4075,1422,2024-07-23,facebook_ads,5,5,1,149,8
4076,1979,2024-04-28,referral,1,1,0,0,5
4077,146,2024-02-25,organic_search,1,4,0,0,0
4077,146,2024-02-25,email,2,4,0,0,1
4077,146,2024-02-25,facebook_ads,3,4,0,0,8
4077,146,2024-02-25,google_ads,4,4,0,0,12
4078,881,2024-09-26,organic_search,1,3,0,0,0
4078,881,2024-09-26,google_ads,2,3,0,0,12
4078,881,2024-09-26,direct,3,3,0,0,0
4079,1387,2024-02-05,email,1,2,0,0,1
4079,1387,2024-02-05,direct,2,2,0,0,0
4080,1299,2024-09-02,referral,1,6,0,0,5
4080,1299,2024-09-02,referral,2,6,0,0,5
4080,1299,2024-09-02,email,3,6,0,0,1
4080,1299,2024-09-02,facebook_ads,4,6,0,0,8
4080,1299,2024-09-02,direct,5,6,0,0,0
4080,1299,2024-09-02,google_ads,6,6,0,0,12
4081,1145,2024-04-22,direct,1,6,0,0,0
4081,1145,2024-04-22,google_ads,2,6,0,0,12
4081,1145,2024-04-22,referral,3,6,0,0,5
4081,1145,2024-04-22,google_ads,4,6,0,0,12
4081,1145,2024-04-22,direct,5,6,0,0,0
4081,1145,2024-04-22,google_ads,6,6,0,0,12
4082,1154,2024-07-01,google_ads,1,3,0,0,12
4082,1154,2024-07-01,google_ads,2,3,0,0,12
4082,1154,2024-07-01,facebook_ads,3,3,0,0,8
4083,581,2024-07-11,referral,1,4,0,0,5
4083,581,2024-07-11,facebook_ads,2,4,0,0,8
4083,581,2024-07-11,facebook_ads,3,4,0,0,8
4083,581,2024-07-11,referral,4,4,0,0,5
4084,390,2024-01-17,referral,1,1,0,0,5
4085,1230,2024-05-05,organic_search,1,5,0,0,0
4085,1230,2024-05-05,organic_search,2,5,0,0,0
4085,1230,2024-05-05,referral,3,5,0,0,5
4085,1230,2024-05-05,referral,4,5,0,0,5
4085,1230,2024-05-05,google_ads,5,5,0,0,12
4086,1785,2024-03-01,google_ads,1,6,0,0,12
4086,1785,2024-03-01,email,2,6,0,0,1
4086,1785,2024-03-01,direct,3,6,0,0,0
4086,1785,2024-03-01,referral,4,6,0,0,5
4086,1785,2024-03-01,referral,5,6,0,0,5
4086,1785,2024-03-01,organic_search,6,6,0,0,0
4087,57,2024-05-21,direct,1,4,0,0,0
4087,57,2024-05-21,google_ads,2,4,0,0,12
4087,57,2024-05-21,facebook_ads,3,4,0,0,8
4087,57,2024-05-21,direct,4,4,0,0,0
4088,1953,2024-06-15,facebook_ads,1,5,0,0,8
4088,1953,2024-06-15,facebook_ads,2,5,0,0,8
4088,1953,2024-06-15,facebook_ads,3,5,0,0,8
4088,1953,2024-06-15,direct,4,5,0,0,0
4088,1953,2024-06-15,google_ads,5,5,0,0,12
4089,1479,2024-02-25,google_ads,1,6,0,0,12
4089,1479,2024-02-25,google_ads,2,6,0,0,12
4089,1479,2024-02-25,email,3,6,0,0,1
4089,1479,2024-02-25,organic_search,4,6,0,0,0
4089,1479,2024-02-25,email,5,6,0,0,1
4089,1479,2024-02-25,google_ads,6,6,0,0,12
4090,1969,2024-03-22,google_ads,1,4,0,0,12
4090,1969,2024-03-22,referral,2,4,0,0,5
4090,1969,2024-03-22,referral,3,4,0,0,5
4090,1969,2024-03-22,google_ads,4,4,0,0,12
4091,173,2024-08-09,google_ads,1,4,0,0,12
4091,173,2024-08-09,direct,2,4,0,0,0
4091,173,2024-08-09,google_ads,3,4,0,0,12
4091,173,2024-08-09,google_ads,4,4,0,0,12
4092,1340,2024-05-09,direct,1,1,0,0,0
4093,1015,2024-09-25,referral,1,1,0,0,5
4094,907,2024-04-21,organic_search,1,4,0,0,0
4094,907,2024-04-21,facebook_ads,2,4,0,0,8
4094,907,2024-04-21,facebook_ads,3,4,0,0,8
4094,907,2024-04-21,email,4,4,0,0,1
4095,246,2024-05-31,facebook_ads,1,3,1,499,8
4095,246,2024-05-31,google_ads,2,3,1,499,12
4095,246,2024-05-31,email,3,3,1,499,1
4096,32,2024-04-06,google_ads,1,4,0,0,12
4096,32,2024-04-06,email,2,4,0,0,1
4096,32,2024-04-06,organic_search,3,4,0,0,0
4096,32,2024-04-06,facebook_ads,4,4,0,0,8
4097,1654,2024-01-01,organic_search,1,3,0,0,0
4097,1654,2024-01-01,google_ads,2,3,0,0,12
4097,1654,2024-01-01,email,3,3,0,0,1
4098,1226,2024-04-05,email,1,2,0,0,1
4098,1226,2024-04-05,organic_search,2,2,0,0,0
4099,291,2024-07-05,direct,1,3,0,0,0
4099,291,2024-07-05,organic_search,2,3,0,0,0
4099,291,2024-07-05,email,3,3,0,0,1
4100,990,2024-04-30,organic_search,1,2,0,0,0
4100,990,2024-04-30,facebook_ads,2,2,0,0,8
4101,1863,2024-02-28,organic_search,1,4,1,149,0
4101,1863,2024-02-28,organic_search,2,4,1,149,0
4101,1863,2024-02-28,direct,3,4,1,149,0
4101,1863,2024-02-28,email,4,4,1,149,1
4102,1588,2024-07-04,direct,1,4,0,0,0
4102,1588,2024-07-04,organic_search,2,4,0,0,0
4102,1588,2024-07-04,direct,3,4,0,0,0
4102,1588,2024-07-04,organic_search,4,4,0,0,0
4103,1481,2024-03-11,direct,1,4,0,0,0
4103,1481,2024-03-11,organic_search,2,4,0,0,0
4103,1481,2024-03-11,direct,3,4,0,0,0
4103,1481,2024-03-11,facebook_ads,4,4,0,0,8
4104,24,2024-06-23,referral,1,6,1,99,5
4104,24,2024-06-23,organic_search,2,6,1,99,0
4104,24,2024-06-23,facebook_ads,3,6,1,99,8
4104,24,2024-06-23,facebook_ads,4,6,1,99,8
4104,24,2024-06-23,organic_search,5,6,1,99,0
4104,24,2024-06-23,google_ads,6,6,1,99,12
4105,1081,2024-05-03,direct,1,1,0,0,0
4106,1653,2024-03-08,organic_search,1,5,1,99,0
4106,1653,2024-03-08,organic_search,2,5,1,99,0
4106,1653,2024-03-08,facebook_ads,3,5,1,99,8
4106,1653,2024-03-08,email,4,5,1,99,1
4106,1653,2024-03-08,referral,5,5,1,99,5
4107,1777,2024-09-19,referral,1,2,0,0,5
4107,1777,2024-09-19,email,2,2,0,0,1
4108,1215,2024-02-16,facebook_ads,1,2,0,0,8
4108,1215,2024-02-16,referral,2,2,0,0,5
4109,564,2024-03-15,google_ads,1,3,0,0,12
4109,564,2024-03-15,facebook_ads,2,3,0,0,8
4109,564,2024-03-15,direct,3,3,0,0,0
4110,970,2024-08-26,google_ads,1,6,0,0,12
4110,970,2024-08-26,google_ads,2,6,0,0,12
4110,970,2024-08-26,organic_search,3,6,0,0,0
4110,970,2024-08-26,referral,4,6,0,0,5
4110,970,2024-08-26,google_ads,5,6,0,0,12
4110,970,2024-08-26,email,6,6,0,0,1
4111,962,2024-03-12,facebook_ads,1,3,0,0,8
4111,962,2024-03-12,direct,2,3,0,0,0
4111,962,2024-03-12,referral,3,3,0,0,5
4112,838,2024-01-24,google_ads,1,3,0,0,12
4112,838,2024-01-24,organic_search,2,3,0,0,0
4112,838,2024-01-24,direct,3,3,0,0,0
4113,1598,2024-09-04,organic_search,1,5,0,0,0
4113,1598,2024-09-04,referral,2,5,0,0,5
4113,1598,2024-09-04,organic_search,3,5,0,0,0
4113,1598,2024-09-04,organic_search,4,5,0,0,0
4113,1598,2024-09-04,direct,5,5,0,0,0
4114,919,2024-09-23,organic_search,1,3,0,0,0
4114,919,2024-09-23,google_ads,2,3,0,0,12
4114,919,2024-09-23,referral,3,3,0,0,5
4115,457,2024-01-29,facebook_ads,1,2,1,49,8
4115,457,2024-01-29,organic_search,2,2,1,49,0
4116,1407,2024-08-07,organic_search,1,6,0,0,0
4116,1407,2024-08-07,organic_search,2,6,0,0,0
4116,1407,2024-08-07,google_ads,3,6,0,0,12
4116,1407,2024-08-07,organic_search,4,6,0,0,0
4116,1407,2024-08-07,referral,5,6,0,0,5
4116,1407,2024-08-07,email,6,6,0,0,1
4117,27,2024-08-10,facebook_ads,1,1,0,0,8
4118,1752,2024-01-13,organic_search,1,3,0,0,0
4118,1752,2024-01-13,referral,2,3,0,0,5
4118,1752,2024-01-13,email,3,3,0,0,1
4119,1568,2024-05-03,email,1,2,0,0,1
4119,1568,2024-05-03,organic_search,2,2,0,0,0
4120,1097,2024-09-02,email,1,4,0,0,1
4120,1097,2024-09-02,referral,2,4,0,0,5
4120,1097,2024-09-02,direct,3,4,0,0,0
4120,1097,2024-09-02,email,4,4,0,0,1
4121,1417,2024-07-05,direct,1,2,0,0,0
4121,1417,2024-07-05,facebook_ads,2,2,0,0,8
4122,1382,2024-08-22,referral,1,1,0,0,5
4123,1467,2024-08-30,google_ads,1,3,0,0,12
4123,1467,2024-08-30,email,2,3,0,0,1
4123,1467,2024-08-30,email,3,3,0,0,1
4124,1864,2024-02-09,google_ads,1,5,0,0,12
4124,1864,2024-02-09,direct,2,5,0,0,0
4124,1864,2024-02-09,email,3,5,0,0,1
4124,1864,2024-02-09,email,4,5,0,0,1
4124,1864,2024-02-09,organic_search,5,5,0,0,0
4125,283,2024-06-10,organic_search,1,5,0,0,0
4125,283,2024-06-10,facebook_ads,2,5,0,0,8
4125,283,2024-06-10,facebook_ads,3,5,0,0,8
4125,283,2024-06-10,direct,4,5,0,0,0
4125,283,2024-06-10,google_ads,5,5,0,0,12
4126,1413,2024-07-27,organic_search,1,5,0,0,0
4126,1413,2024-07-27,facebook_ads,2,5,0,0,8
4126,1413,2024-07-27,email,3,5,0,0,1
4126,1413,2024-07-27,organic_search,4,5,0,0,0
4126,1413,2024-07-27,facebook_ads,5,5,0,0,8
4127,242,2024-05-31,direct,1,6,0,0,0
4127,242,2024-05-31,facebook_ads,2,6,0,0,8
4127,242,2024-05-31,direct,3,6,0,0,0
4127,242,2024-05-31,organic_search,4,6,0,0,0
4127,242,2024-05-31,organic_search,5,6,0,0,0
4127,242,2024-05-31,google_ads,6,6,0,0,12
4128,506,2024-06-26,google_ads,1,2,1,499,12
4128,506,2024-06-26,email,2,2,1,499,1
4129,1571,2024-01-24,email,1,5,0,0,1
4129,1571,2024-01-24,facebook_ads,2,5,0,0,8
4129,1571,2024-01-24,organic_search,3,5,0,0,0
4129,1571,2024-01-24,facebook_ads,4,5,0,0,8
4129,1571,2024-01-24,facebook_ads,5,5,0,0,8
4130,864,2024-08-25,google_ads,1,2,0,0,12
4130,864,2024-08-25,google_ads,2,2,0,0,12
4131,1687,2024-08-20,google_ads,1,4,0,0,12
4131,1687,2024-08-20,email,2,4,0,0,1
4131,1687,2024-08-20,google_ads,3,4,0,0,12
4131,1687,2024-08-20,facebook_ads,4,4,0,0,8
4132,66,2024-08-23,referral,1,1,0,0,5
4133,1929,2024-07-10,facebook_ads,1,1,0,0,8
4134,1465,2024-04-18,google_ads,1,2,0,0,12
4134,1465,2024-04-18,email,2,2,0,0,1
4135,1349,2024-08-19,organic_search,1,3,0,0,0
4135,1349,2024-08-19,facebook_ads,2,3,0,0,8
4135,1349,2024-08-19,facebook_ads,3,3,0,0,8
4136,127,2024-07-12,referral,1,3,0,0,5
4136,127,2024-07-12,email,2,3,0,0,1
4136,127,2024-07-12,organic_search,3,3,0,0,0
4137,1006,2024-02-24,direct,1,2,0,0,0
4137,1006,2024-02-24,facebook_ads,2,2,0,0,8
4138,1831,2024-06-16,email,1,3,0,0,1
4138,1831,2024-06-16,referral,2,3,0,0,5
4138,1831,2024-06-16,facebook_ads,3,3,0,0,8
4139,220,2024-07-19,google_ads,1,4,0,0,12
4139,220,2024-07-19,facebook_ads,2,4,0,0,8
4139,220,2024-07-19,referral,3,4,0,0,5
4139,220,2024-07-19,google_ads,4,4,0,0,12
4140,719,2024-06-08,direct,1,6,1,99,0
4140,719,2024-06-08,referral,2,6,1,99,5
4140,719,2024-06-08,direct,3,6,1,99,0
4140,719,2024-06-08,facebook_ads,4,6,1,99,8
4140,719,2024-06-08,direct,5,6,1,99,0
4140,719,2024-06-08,organic_search,6,6,1,99,0
4141,5,2024-03-17,google_ads,1,4,0,0,12
4141,5,2024-03-17,google_ads,2,4,0,0,12
4141,5,2024-03-17,facebook_ads,3,4,0,0,8
4141,5,2024-03-17,email,4,4,0,0,1
4142,1434,2024-07-24,referral,1,2,0,0,5
4142,1434,2024-07-24,organic_search,2,2,0,0,0
4143,958,2024-03-14,referral,1,1,0,0,5
4144,1750,2024-09-23,referral,1,3,0,0,5
4144,1750,2024-09-23,facebook_ads,2,3,0,0,8
4144,1750,2024-09-23,direct,3,3,0,0,0
4145,100,2024-06-26,email,1,6,0,0,1
4145,100,2024-06-26,organic_search,2,6,0,0,0
4145,100,2024-06-26,google_ads,3,6,0,0,12
4145,100,2024-06-26,direct,4,6,0,0,0
4145,100,2024-06-26,google_ads,5,6,0,0,12
4145,100,2024-06-26,facebook_ads,6,6,0,0,8
4146,1400,2024-03-18,google_ads,1,2,0,0,12
4146,1400,2024-03-18,direct,2,2,0,0,0
4147,459,2024-02-23,google_ads,1,2,0,0,12
4147,459,2024-02-23,facebook_ads,2,2,0,0,8
4148,1596,2024-06-17,direct,1,6,1,99,0
4148,1596,2024-06-17,google_ads,2,6,1,99,12
4148,1596,2024-06-17,email,3,6,1,99,1
4148,1596,2024-06-17,referral,4,6,1,99,5
4148,1596,2024-06-17,facebook_ads,5,6,1,99,8
4148,1596,2024-06-17,referral,6,6,1,99,5
4149,1715,2024-01-27,google_ads,1,4,0,0,12
4149,1715,2024-01-27,direct,2,4,0,0,0
4149,1715,2024-01-27,google_ads,3,4,0,0,12
4149,1715,2024-01-27,direct,4,4,0,0,0
4150,1087,2024-03-06,referral,1,3,0,0,5
4150,1087,2024-03-06,organic_search,2,3,0,0,0
4150,1087,2024-03-06,google_ads,3,3,0,0,12
4151,414,2024-03-13,email,1,1,0,0,1
4152,1085,2024-02-23,referral,1,5,0,0,5
4152,1085,2024-02-23,organic_search,2,5,0,0,0
4152,1085,2024-02-23,organic_search,3,5,0,0,0
4152,1085,2024-02-23,direct,4,5,0,0,0
4152,1085,2024-02-23,direct,5,5,0,0,0
4153,217,2024-01-27,direct,1,3,0,0,0
4153,217,2024-01-27,organic_search,2,3,0,0,0
4153,217,2024-01-27,organic_search,3,3,0,0,0
4154,830,2024-03-18,referral,1,3,0,0,5
4154,830,2024-03-18,organic_search,2,3,0,0,0
4154,830,2024-03-18,facebook_ads,3,3,0,0,8
4155,1654,2024-01-09,facebook_ads,1,1,0,0,8
4156,1121,2024-07-21,referral,1,5,1,299,5
4156,1121,2024-07-21,google_ads,2,5,1,299,12
4156,1121,2024-07-21,organic_search,3,5,1,299,0
4156,1121,2024-07-21,facebook_ads,4,5,1,299,8
4156,1121,2024-07-21,google_ads,5,5,1,299,12
4157,726,2024-09-26,organic_search,1,2,0,0,0
4157,726,2024-09-26,referral,2,2,0,0,5
4158,1795,2024-05-30,direct,1,1,0,0,0
4159,587,2024-03-26,google_ads,1,2,0,0,12
4159,587,2024-03-26,google_ads,2,2,0,0,12
4160,1815,2024-02-02,referral,1,2,0,0,5
4160,1815,2024-02-02,organic_search,2,2,0,0,0
4161,600,2024-07-05,referral,1,3,0,0,5
4161,600,2024-07-05,referral,2,3,0,0,5
4161,600,2024-07-05,email,3,3,0,0,1
4162,525,2024-05-09,google_ads,1,5,1,499,12
4162,525,2024-05-09,google_ads,2,5,1,499,12
4162,525,2024-05-09,facebook_ads,3,5,1,499,8
4162,525,2024-05-09,referral,4,5,1,499,5
4162,525,2024-05-09,google_ads,5,5,1,499,12
4163,752,2024-09-20,email,1,2,0,0,1
4163,752,2024-09-20,direct,2,2,0,0,0
4164,1919,2024-03-11,direct,1,1,0,0,0
4165,1098,2024-03-03,facebook_ads,1,1,0,0,8
4166,529,2024-09-23,email,1,4,0,0,1
4166,529,2024-09-23,direct,2,4,0,0,0
4166,529,2024-09-23,email,3,4,0,0,1
4166,529,2024-09-23,email,4,4,0,0,1
4167,1508,2024-03-08,email,1,5,0,0,1
4167,1508,2024-03-08,referral,2,5,0,0,5
4167,1508,2024-03-08,organic_search,3,5,0,0,0
4167,1508,2024-03-08,referral,4,5,0,0,5
4167,1508,2024-03-08,direct,5,5,0,0,0
4168,1309,2024-06-13,facebook_ads,1,4,0,0,8
4168,1309,2024-06-13,referral,2,4,0,0,5
4168,1309,2024-06-13,direct,3,4,0,0,0
4168,1309,2024-06-13,email,4,4,0,0,1
4169,221,2024-06-15,google_ads,1,5,1,99,12
4169,221,2024-06-15,referral,2,5,1,99,5
4169,221,2024-06-15,facebook_ads,3,5,1,99,8
4169,221,2024-06-15,direct,4,5,1,99,0
4169,221,2024-06-15,email,5,5,1,99,1
4170,1874,2024-05-27,google_ads,1,1,0,0,12
4171,252,2024-01-16,referral,1,6,0,0,5
4171,252,2024-01-16,organic_search,2,6,0,0,0
4171,252,2024-01-16,google_ads,3,6,0,0,12
4171,252,2024-01-16,organic_search,4,6,0,0,0
4171,252,2024-01-16,email,5,6,0,0,1
4171,252,2024-01-16,email,6,6,0,0,1
4172,614,2024-08-18,facebook_ads,1,1,0,0,8
4173,164,2024-03-07,organic_search,1,6,0,0,0
4173,164,2024-03-07,organic_search,2,6,0,0,0
4173,164,2024-03-07,facebook_ads,3,6,0,0,8
4173,164,2024-03-07,referral,4,6,0,0,5
4173,164,2024-03-07,referral,5,6,0,0,5
4173,164,2024-03-07,google_ads,6,6,0,0,12
4174,1408,2024-06-01,google_ads,1,4,0,0,12
4174,1408,2024-06-01,email,2,4,0,0,1
4174,1408,2024-06-01,google_ads,3,4,0,0,12
4174,1408,2024-06-01,organic_search,4,4,0,0,0
4175,684,2024-01-25,organic_search,1,6,0,0,0
4175,684,2024-01-25,direct,2,6,0,0,0
4175,684,2024-01-25,referral,3,6,0,0,5
4175,684,2024-01-25,organic_search,4,6,0,0,0
4175,684,2024-01-25,google_ads,5,6,0,0,12
4175,684,2024-01-25,google_ads,6,6,0,0,12
4176,1039,2024-08-21,google_ads,1,4,1,499,12
4176,1039,2024-08-21,facebook_ads,2,4,1,499,8
4176,1039,2024-08-21,organic_search,3,4,1,499,0
4176,1039,2024-08-21,email,4,4,1,499,1
4177,1483,2024-04-04,email,1,2,0,0,1
4177,1483,2024-04-04,google_ads,2,2,0,0,12
4178,1697,2024-03-22,google_ads,1,5,1,99,12
4178,1697,2024-03-22,email,2,5,1,99,1
4178,1697,2024-03-22,referral,3,5,1,99,5
4178,1697,2024-03-22,direct,4,5,1,99,0
4178,1697,2024-03-22,google_ads,5,5,1,99,12
4179,22,2024-01-12,google_ads,1,2,0,0,12
4179,22,2024-01-12,facebook_ads,2,2,0,0,8
4180,1351,2024-05-28,google_ads,1,2,0,0,12
4180,1351,2024-05-28,facebook_ads,2,2,0,0,8
4181,1560,2024-03-13,google_ads,1,1,0,0,12
4182,1583,2024-07-04,referral,1,3,0,0,5
4182,1583,2024-07-04,organic_search,2,3,0,0,0
4182,1583,2024-07-04,direct,3,3,0,0,0
4183,1208,2024-09-05,google_ads,1,4,1,99,12
4183,1208,2024-09-05,direct,2,4,1,99,0
4183,1208,2024-09-05,google_ads,3,4,1,99,12
4183,1208,2024-09-05,direct,4,4,1,99,0
4184,977,2024-06-04,organic_search,1,6,0,0,0
4184,977,2024-06-04,referral,2,6,0,0,5
4184,977,2024-06-04,referral,3,6,0,0,5
4184,977,2024-06-04,referral,4,6,0,0,5
4184,977,2024-06-04,email,5,6,0,0,1
4184,977,2024-06-04,referral,6,6,0,0,5
4185,1518,2024-01-29,direct,1,6,0,0,0
4185,1518,2024-01-29,email,2,6,0,0,1
4185,1518,2024-01-29,facebook_ads,3,6,0,0,8
4185,1518,2024-01-29,organic_search,4,6,0,0,0
4185,1518,2024-01-29,organic_search,5,6,0,0,0
4185,1518,2024-01-29,google_ads,6,6,0,0,12
4186,81,2024-03-02,facebook_ads,1,5,1,99,8
4186,81,2024-03-02,direct,2,5,1,99,0
4186,81,2024-03-02,direct,3,5,1,99,0
4186,81,2024-03-02,referral,4,5,1,99,5
4186,81,2024-03-02,direct,5,5,1,99,0
4187,1826,2024-09-19,organic_search,1,2,0,0,0
4187,1826,2024-09-19,facebook_ads,2,2,0,0,8
4188,1110,2024-02-13,email,1,2,0,0,1
4188,1110,2024-02-13,facebook_ads,2,2,0,0,8
4189,1701,2024-07-25,referral,1,2,0,0,5
4189,1701,2024-07-25,email,2,2,0,0,1
4190,1404,2024-04-14,direct,1,3,0,0,0
4190,1404,2024-04-14,facebook_ads,2,3,0,0,8
4190,1404,2024-04-14,direct,3,3,0,0,0
4191,31,2024-06-13,direct,1,5,0,0,0
4191,31,2024-06-13,google_ads,2,5,0,0,12
4191,31,2024-06-13,referral,3,5,0,0,5
4191,31,2024-06-13,organic_search,4,5,0,0,0
4191,31,2024-06-13,google_ads,5,5,0,0,12
4192,1080,2024-08-26,referral,1,3,0,0,5
4192,1080,2024-08-26,referral,2,3,0,0,5
4192,1080,2024-08-26,google_ads,3,3,0,0,12
4193,494,2024-06-24,organic_search,1,2,1,149,0
4193,494,2024-06-24,google_ads,2,2,1,149,12
4194,1806,2024-02-01,organic_search,1,5,0,0,0
4194,1806,2024-02-01,referral,2,5,0,0,5
4194,1806,2024-02-01,email,3,5,0,0,1
4194,1806,2024-02-01,facebook_ads,4,5,0,0,8
4194,1806,2024-02-01,facebook_ads,5,5,0,0,8
4195,847,2024-02-26,organic_search,1,4,0,0,0
4195,847,2024-02-26,organic_search,2,4,0,0,0
4195,847,2024-02-26,facebook_ads,3,4,0,0,8
4195,847,2024-02-26,organic_search,4,4,0,0,0
4196,1292,2024-02-03,email,1,6,0,0,1
4196,1292,2024-02-03,referral,2,6,0,0,5
4196,1292,2024-02-03,email,3,6,0,0,1
4196,1292,2024-02-03,organic_search,4,6,0,0,0
4196,1292,2024-02-03,referral,5,6,0,0,5
4196,1292,2024-02-03,facebook_ads,6,6,0,0,8
4197,1139,2024-04-14,direct,1,4,0,0,0
4197,1139,2024-04-14,facebook_ads,2,4,0,0,8
4197,1139,2024-04-14,google_ads,3,4,0,0,12
4197,1139,2024-04-14,organic_search,4,4,0,0,0
4198,1894,2024-05-23,referral,1,1,0,0,5
4199,419,2024-04-17,direct,1,2,0,0,0
4199,419,2024-04-17,email,2,2,0,0,1
4200,123,2024-04-20,direct,1,1,0,0,0
4201,1788,2024-05-04,facebook_ads,1,2,0,0,8
4201,1788,2024-05-04,direct,2,2,0,0,0
4202,790,2024-05-21,google_ads,1,2,0,0,12
4202,790,2024-05-21,organic_search,2,2,0,0,0
4203,742,2024-05-24,facebook_ads,1,1,0,0,8
4204,392,2024-01-11,facebook_ads,1,6,0,0,8
4204,392,2024-01-11,referral,2,6,0,0,5
4204,392,2024-01-11,direct,3,6,0,0,0
4204,392,2024-01-11,referral,4,6,0,0,5
4204,392,2024-01-11,organic_search,5,6,0,0,0
4204,392,2024-01-11,email,6,6,0,0,1
4205,1753,2024-06-07,email,1,3,0,0,1
4205,1753,2024-06-07,referral,2,3,0,0,5
4205,1753,2024-06-07,organic_search,3,3,0,0,0
4206,1650,2024-08-23,facebook_ads,1,5,0,0,8
4206,1650,2024-08-23,organic_search,2,5,0,0,0
4206,1650,2024-08-23,organic_search,3,5,0,0,0
4206,1650,2024-08-23,referral,4,5,0,0,5
4206,1650,2024-08-23,email,5,5,0,0,1
4207,512,2024-08-10,email,1,2,0,0,1
4207,512,2024-08-10,google_ads,2,2,0,0,12
4208,1516,2024-05-22,direct,1,4,0,0,0
4208,1516,2024-05-22,referral,2,4,0,0,5
4208,1516,2024-05-22,direct,3,4,0,0,0
4208,1516,2024-05-22,organic_search,4,4,0,0,0
4209,1444,2024-04-30,direct,1,2,0,0,0
4209,1444,2024-04-30,facebook_ads,2,2,0,0,8
4210,605,2024-02-24,referral,1,3,0,0,5
4210,605,2024-02-24,facebook_ads,2,3,0,0,8
4210,605,2024-02-24,referral,3,3,0,0,5
4211,703,2024-06-14,facebook_ads,1,4,0,0,8
4211,703,2024-06-14,referral,2,4,0,0,5
4211,703,2024-06-14,referral,3,4,0,0,5
4211,703,2024-06-14,facebook_ads,4,4,0,0,8
4212,1229,2024-09-13,referral,1,1,0,0,5
4213,1767,2024-02-23,google_ads,1,3,0,0,12
4213,1767,2024-02-23,direct,2,3,0,0,0
4213,1767,2024-02-23,organic_search,3,3,0,0,0
4214,574,2024-09-27,google_ads,1,5,0,0,12
4214,574,2024-09-27,direct,2,5,0,0,0
4214,574,2024-09-27,facebook_ads,3,5,0,0,8
4214,574,2024-09-27,email,4,5,0,0,1
4214,574,2024-09-27,email,5,5,0,0,1
4215,801,2024-09-21,google_ads,1,1,1,99,12
4216,78,2024-02-22,organic_search,1,1,0,0,0
4217,1270,2024-02-14,organic_search,1,4,1,99,0
4217,1270,2024-02-14,direct,2,4,1,99,0
4217,1270,2024-02-14,referral,3,4,1,99,5
4217,1270,2024-02-14,email,4,4,1,99,1
4218,70,2024-01-23,direct,1,5,1,49,0
4218,70,2024-01-23,facebook_ads,2,5,1,49,8
4218,70,2024-01-23,email,3,5,1,49,1
4218,70,2024-01-23,email,4,5,1,49,1
4218,70,2024-01-23,organic_search,5,5,1,49,0
4219,1775,2024-01-31,organic_search,1,2,0,0,0
4219,1775,2024-01-31,facebook_ads,2,2,0,0,8
4220,3,2024-05-02,direct,1,4,1,299,0
4220,3,2024-05-02,referral,2,4,1,299,5
4220,3,2024-05-02,referral,3,4,1,299,5
4220,3,2024-05-02,organic_search,4,4,1,299,0
4221,362,2024-02-10,facebook_ads,1,3,0,0,8
4221,362,2024-02-10,direct,2,3,0,0,0
4221,362,2024-02-10,organic_search,3,3,0,0,0
4222,31,2024-08-22,google_ads,1,1,0,0,12
4223,1423,2024-07-29,organic_search,1,3,0,0,0
4223,1423,2024-07-29,google_ads,2,3,0,0,12
4223,1423,2024-07-29,direct,3,3,0,0,0
4224,1351,2024-05-10,google_ads,1,6,0,0,12
4224,1351,2024-05-10,referral,2,6,0,0,5
4224,1351,2024-05-10,referral,3,6,0,0,5
4224,1351,2024-05-10,organic_search,4,6,0,0,0
4224,1351,2024-05-10,direct,5,6,0,0,0
4224,1351,2024-05-10,referral,6,6,0,0,5
4225,823,2024-01-04,facebook_ads,1,4,0,0,8
4225,823,2024-01-04,facebook_ads,2,4,0,0,8
4225,823,2024-01-04,google_ads,3,4,0,0,12
4225,823,2024-01-04,facebook_ads,4,4,0,0,8
4226,1975,2024-03-03,direct,1,1,0,0,0
4227,36,2024-03-28,referral,1,4,0,0,5
4227,36,2024-03-28,referral,2,4,0,0,5
4227,36,2024-03-28,referral,3,4,0,0,5
4227,36,2024-03-28,direct,4,4,0,0,0
4228,1524,2024-05-07,organic_search,1,5,0,0,0
4228,1524,2024-05-07,direct,2,5,0,0,0
4228,1524,2024-05-07,facebook_ads,3,5,0,0,8
4228,1524,2024-05-07,organic_search,4,5,0,0,0
4228,1524,2024-05-07,organic_search,5,5,0,0,0
4229,212,2024-06-23,referral,1,5,0,0,5
4229,212,2024-06-23,facebook_ads,2,5,0,0,8
4229,212,2024-06-23,facebook_ads,3,5,0,0,8
4229,212,2024-06-23,email,4,5,0,0,1
4229,212,2024-06-23,organic_search,5,5,0,0,0
4230,129,2024-02-17,email,1,4,0,0,1
4230,129,2024-02-17,organic_search,2,4,0,0,0
4230,129,2024-02-17,organic_search,3,4,0,0,0
4230,129,2024-02-17,facebook_ads,4,4,0,0,8
4231,86,2024-01-23,referral,1,1,0,0,5
4232,155,2024-09-15,referral,1,1,0,0,5
4233,1768,2024-07-05,email,1,1,0,0,1
4234,1053,2024-09-07,organic_search,1,1,0,0,0
4235,1262,2024-02-20,facebook_ads,1,4,0,0,8
4235,1262,2024-02-20,referral,2,4,0,0,5
4235,1262,2024-02-20,direct,3,4,0,0,0
4235,1262,2024-02-20,email,4,4,0,0,1
4236,1922,2024-07-28,direct,1,5,0,0,0
4236,1922,2024-07-28,referral,2,5,0,0,5
4236,1922,2024-07-28,referral,3,5,0,0,5
4236,1922,2024-07-28,facebook_ads,4,5,0,0,8
4236,1922,2024-07-28,direct,5,5,0,0,0
4237,1541,2024-03-14,email,1,5,1,149,1
4237,1541,2024-03-14,direct,2,5,1,149,0
4237,1541,2024-03-14,direct,3,5,1,149,0
4237,1541,2024-03-14,facebook_ads,4,5,1,149,8
4237,1541,2024-03-14,organic_search,5,5,1,149,0
4238,497,2024-01-28,organic_search,1,5,0,0,0
4238,497,2024-01-28,google_ads,2,5,0,0,12
4238,497,2024-01-28,referral,3,5,0,0,5
4238,497,2024-01-28,referral,4,5,0,0,5
4238,497,2024-01-28,email,5,5,0,0,1
4239,685,2024-06-10,facebook_ads,1,1,0,0,8
4240,416,2024-01-18,direct,1,1,1,299,0
4241,1251,2024-06-21,email,1,6,0,0,1
4241,1251,2024-06-21,direct,2,6,0,0,0
4241,1251,2024-06-21,google_ads,3,6,0,0,12
4241,1251,2024-06-21,referral,4,6,0,0,5
4241,1251,2024-06-21,direct,5,6,0,0,0
4241,1251,2024-06-21,facebook_ads,6,6,0,0,8
4242,1197,2024-01-03,google_ads,1,3,1,149,12
4242,1197,2024-01-03,referral,2,3,1,149,5
4242,1197,2024-01-03,google_ads,3,3,1,149,12
4243,1067,2024-02-29,referral,1,2,0,0,5
4243,1067,2024-02-29,google_ads,2,2,0,0,12
4244,1649,2024-01-05,referral,1,4,0,0,5
4244,1649,2024-01-05,facebook_ads,2,4,0,0,8
4244,1649,2024-01-05,referral,3,4,0,0,5
4244,1649,2024-01-05,google_ads,4,4,0,0,12
4245,538,2024-04-16,organic_search,1,5,0,0,0
4245,538,2024-04-16,google_ads,2,5,0,0,12
4245,538,2024-04-16,organic_search,3,5,0,0,0
4245,538,2024-04-16,email,4,5,0,0,1
4245,538,2024-04-16,referral,5,5,0,0,5
4246,626,2024-08-04,facebook_ads,1,6,0,0,8
4246,626,2024-08-04,google_ads,2,6,0,0,12
4246,626,2024-08-04,email,3,6,0,0,1
4246,626,2024-08-04,google_ads,4,6,0,0,12
4246,626,2024-08-04,facebook_ads,5,6,0,0,8
4246,626,2024-08-04,google_ads,6,6,0,0,12
4247,1014,2024-03-21,google_ads,1,3,0,0,12
4247,1014,2024-03-21,organic_search,2,3,0,0,0
4247,1014,2024-03-21,organic_search,3,3,0,0,0
4248,1839,2024-08-22,google_ads,1,3,0,0,12
4248,1839,2024-08-22,direct,2,3,0,0,0
4248,1839,2024-08-22,google_ads,3,3,0,0,12
4249,466,2024-07-16,referral,1,4,0,0,5
4249,466,2024-07-16,direct,2,4,0,0,0
4249,466,2024-07-16,direct,3,4,0,0,0
4249,466,2024-07-16,referral,4,4,0,0,5
4250,1875,2024-04-05,direct,1,6,0,0,0
4250,1875,2024-04-05,google_ads,2,6,0,0,12
4250,1875,2024-04-05,organic_search,3,6,0,0,0
4250,1875,2024-04-05,email,4,6,0,0,1
4250,1875,2024-04-05,facebook_ads,5,6,0,0,8
4250,1875,2024-04-05,organic_search,6,6,0,0,0
4251,799,2024-02-21,email,1,2,0,0,1
4251,799,2024-02-21,facebook_ads,2,2,0,0,8
4252,1234,2024-09-06,referral,1,6,0,0,5
4252,1234,2024-09-06,google_ads,2,6,0,0,12
4252,1234,2024-09-06,google_ads,3,6,0,0,12
4252,1234,2024-09-06,email,4,6,0,0,1
4252,1234,2024-09-06,google_ads,5,6,0,0,12
4252,1234,2024-09-06,organic_search,6,6,0,0,0
4253,1124,2024-06-03,google_ads,1,3,0,0,12
4253,1124,2024-06-03,direct,2,3,0,0,0
4253,1124,2024-06-03,google_ads,3,3,0,0,12
4254,1256,2024-05-17,google_ads,1,3,0,0,12
4254,1256,2024-05-17,facebook_ads,2,3,0,0,8
4254,1256,2024-05-17,organic_search,3,3,0,0,0
4255,808,2024-01-23,direct,1,5,0,0,0
4255,808,2024-01-23,referral,2,5,0,0,5
4255,808,2024-01-23,organic_search,3,5,0,0,0
4255,808,2024-01-23,direct,4,5,0,0,0
4255,808,2024-01-23,google_ads,5,5,0,0,12
4256,1228,2024-09-20,google_ads,1,5,0,0,12
4256,1228,2024-09-20,direct,2,5,0,0,0
4256,1228,2024-09-20,referral,3,5,0,0,5
4256,1228,2024-09-20,referral,4,5,0,0,5
4256,1228,2024-09-20,email,5,5,0,0,1
4257,1715,2024-08-15,direct,1,1,0,0,0
4258,747,2024-04-20,organic_search,1,4,0,0,0
4258,747,2024-04-20,email,2,4,0,0,1
4258,747,2024-04-20,email,3,4,0,0,1
4258,747,2024-04-20,direct,4,4,0,0,0
4259,1233,2024-08-25,referral,1,1,0,0,5
4260,1472,2024-08-03,email,1,3,0,0,1
4260,1472,2024-08-03,direct,2,3,0,0,0
4260,1472,2024-08-03,email,3,3,0,0,1
4261,602,2024-05-11,facebook_ads,1,6,0,0,8
4261,602,2024-05-11,email,2,6,0,0,1
4261,602,2024-05-11,email,3,6,0,0,1
4261,602,2024-05-11,organic_search,4,6,0,0,0
4261,602,2024-05-11,google_ads,5,6,0,0,12
4261,602,2024-05-11,facebook_ads,6,6,0,0,8
4262,339,2024-02-02,organic_search,1,2,0,0,0
4262,339,2024-02-02,direct,2,2,0,0,0
4263,577,2024-07-28,google_ads,1,5,0,0,12
4263,577,2024-07-28,google_ads,2,5,0,0,12
4263,577,2024-07-28,referral,3,5,0,0,5
4263,577,2024-07-28,direct,4,5,0,0,0
4263,577,2024-07-28,email,5,5,0,0,1
4264,303,2024-06-15,direct,1,6,0,0,0
4264,303,2024-06-15,google_ads,2,6,0,0,12
4264,303,2024-06-15,email,3,6,0,0,1
4264,303,2024-06-15,google_ads,4,6,0,0,12
4264,303,2024-06-15,email,5,6,0,0,1
4264,303,2024-06-15,google_ads,6,6,0,0,12
4265,31,2024-03-21,referral,1,4,1,499,5
4265,31,2024-03-21,organic_search,2,4,1,499,0
4265,31,2024-03-21,organic_search,3,4,1,499,0
4265,31,2024-03-21,referral,4,4,1,499,5
4266,296,2024-06-03,direct,1,6,0,0,0
4266,296,2024-06-03,direct,2,6,0,0,0
4266,296,2024-06-03,email,3,6,0,0,1
4266,296,2024-06-03,direct,4,6,0,0,0
4266,296,2024-06-03,referral,5,6,0,0,5
4266,296,2024-06-03,direct,6,6,0,0,0
4267,566,2024-04-22,facebook_ads,1,4,0,0,8
4267,566,2024-04-22,referral,2,4,0,0,5
4267,566,2024-04-22,email,3,4,0,0,1
4267,566,2024-04-22,facebook_ads,4,4,0,0,8
4268,1440,2024-04-02,direct,1,5,0,0,0
4268,1440,2024-04-02,email,2,5,0,0,1
4268,1440,2024-04-02,referral,3,5,0,0,5
4268,1440,2024-04-02,direct,4,5,0,0,0
4268,1440,2024-04-02,google_ads,5,5,0,0,12
4269,1085,2024-02-18,organic_search,1,6,1,299,0
4269,1085,2024-02-18,direct,2,6,1,299,0
4269,1085,2024-02-18,facebook_ads,3,6,1,299,8
4269,1085,2024-02-18,organic_search,4,6,1,299,0
4269,1085,2024-02-18,direct,5,6,1,299,0
4269,1085,2024-02-18,organic_search,6,6,1,299,0
4270,974,2024-08-27,organic_search,1,3,0,0,0
4270,974,2024-08-27,referral,2,3,0,0,5
4270,974,2024-08-27,referral,3,3,0,0,5
4271,31,2024-01-07,direct,1,6,0,0,0
4271,31,2024-01-07,google_ads,2,6,0,0,12
4271,31,2024-01-07,facebook_ads,3,6,0,0,8
4271,31,2024-01-07,referral,4,6,0,0,5
4271,31,2024-01-07,email,5,6,0,0,1
4271,31,2024-01-07,direct,6,6,0,0,0
4272,1446,2024-07-26,facebook_ads,1,2,0,0,8
4272,1446,2024-07-26,direct,2,2,0,0,0
4273,579,2024-08-31,direct,1,1,0,0,0
4274,664,2024-04-16,facebook_ads,1,4,1,99,8
4274,664,2024-04-16,organic_search,2,4,1,99,0
4274,664,2024-04-16,direct,3,4,1,99,0
4274,664,2024-04-16,email,4,4,1,99,1
4275,429,2024-01-24,facebook_ads,1,1,0,0,8
4276,878,2024-02-10,google_ads,1,5,0,0,12
4276,878,2024-02-10,google_ads,2,5,0,0,12
4276,878,2024-02-10,email,3,5,0,0,1
4276,878,2024-02-10,facebook_ads,4,5,0,0,8
4276,878,2024-02-10,organic_search,5,5,0,0,0
4277,733,2024-01-11,organic_search,1,2,1,499,0
4277,733,2024-01-11,direct,2,2,1,499,0
4278,633,2024-03-22,facebook_ads,1,3,0,0,8
4278,633,2024-03-22,organic_search,2,3,0,0,0
4278,633,2024-03-22,organic_search,3,3,0,0,0
4279,942,2024-01-10,organic_search,1,5,0,0,0
4279,942,2024-01-10,organic_search,2,5,0,0,0
4279,942,2024-01-10,referral,3,5,0,0,5
4279,942,2024-01-10,google_ads,4,5,0,0,12
4279,942,2024-01-10,email,5,5,0,0,1
4280,4,2024-08-13,direct,1,6,0,0,0
4280,4,2024-08-13,organic_search,2,6,0,0,0
4280,4,2024-08-13,google_ads,3,6,0,0,12
4280,4,2024-08-13,direct,4,6,0,0,0
4280,4,2024-08-13,email,5,6,0,0,1
4280,4,2024-08-13,direct,6,6,0,0,0
4281,747,2024-05-03,direct,1,4,0,0,0
4281,747,2024-05-03,organic_search,2,4,0,0,0
4281,747,2024-05-03,direct,3,4,0,0,0
4281,747,2024-05-03,direct,4,4,0,0,0
4282,90,2024-08-04,email,1,4,0,0,1
4282,90,2024-08-04,google_ads,2,4,0,0,12
4282,90,2024-08-04,organic_search,3,4,0,0,0
4282,90,2024-08-04,referral,4,4,0,0,5
4283,1530,2024-04-16,email,1,5,0,0,1
4283,1530,2024-04-16,direct,2,5,0,0,0
4283,1530,2024-04-16,email,3,5,0,0,1
4283,1530,2024-04-16,google_ads,4,5,0,0,12
4283,1530,2024-04-16,facebook_ads,5,5,0,0,8
4284,322,2024-02-02,google_ads,1,2,0,0,12
4284,322,2024-02-02,email,2,2,0,0,1
4285,79,2024-02-10,facebook_ads,1,6,0,0,8
4285,79,2024-02-10,referral,2,6,0,0,5
4285,79,2024-02-10,organic_search,3,6,0,0,0
4285,79,2024-02-10,organic_search,4,6,0,0,0
4285,79,2024-02-10,referral,5,6,0,0,5
4285,79,2024-02-10,google_ads,6,6,0,0,12
4286,416,2024-07-29,facebook_ads,1,1,0,0,8
4287,1840,2024-09-04,google_ads,1,6,0,0,12
4287,1840,2024-09-04,email,2,6,0,0,1
4287,1840,2024-09-04,google_ads,3,6,0,0,12
4287,1840,2024-09-04,email,4,6,0,0,1
4287,1840,2024-09-04,facebook_ads,5,6,0,0,8
4287,1840,2024-09-04,organic_search,6,6,0,0,0
4288,1013,2024-06-04,google_ads,1,1,0,0,12
4289,1601,2024-04-06,google_ads,1,6,0,0,12
4289,1601,2024-04-06,organic_search,2,6,0,0,0
4289,1601,2024-04-06,referral,3,6,0,0,5
4289,1601,2024-04-06,facebook_ads,4,6,0,0,8
4289,1601,2024-04-06,facebook_ads,5,6,0,0,8
4289,1601,2024-04-06,direct,6,6,0,0,0
4290,1616,2024-09-23,direct,1,2,0,0,0
4290,1616,2024-09-23,facebook_ads,2,2,0,0,8
4291,1050,2024-01-20,organic_search,1,5,0,0,0
4291,1050,2024-01-20,google_ads,2,5,0,0,12
4291,1050,2024-01-20,facebook_ads,3,5,0,0,8
4291,1050,2024-01-20,organic_search,4,5,0,0,0
4291,1050,2024-01-20,email,5,5,0,0,1
4292,158,2024-05-08,direct,1,6,1,299,0
4292,158,2024-05-08,google_ads,2,6,1,299,12
4292,158,2024-05-08,organic_search,3,6,1,299,0
4292,158,2024-05-08,email,4,6,1,299,1
4292,158,2024-05-08,referral,5,6,1,299,5
4292,158,2024-05-08,organic_search,6,6,1,299,0
4293,1142,2024-06-27,direct,1,6,0,0,0
4293,1142,2024-06-27,facebook_ads,2,6,0,0,8
4293,1142,2024-06-27,direct,3,6,0,0,0
4293,1142,2024-06-27,organic_search,4,6,0,0,0
4293,1142,2024-06-27,referral,5,6,0,0,5
4293,1142,2024-06-27,referral,6,6,0,0,5
4294,527,2024-05-22,email,1,4,1,299,1
4294,527,2024-05-22,email,2,4,1,299,1
4294,527,2024-05-22,referral,3,4,1,299,5
4294,527,2024-05-22,organic_search,4,4,1,299,0
4295,649,2024-06-02,facebook_ads,1,6,0,0,8
4295,649,2024-06-02,email,2,6,0,0,1
4295,649,2024-06-02,referral,3,6,0,0,5
4295,649,2024-06-02,facebook_ads,4,6,0,0,8
4295,649,2024-06-02,direct,5,6,0,0,0
4295,649,2024-06-02,email,6,6,0,0,1
4296,698,2024-01-28,facebook_ads,1,2,0,0,8
4296,698,2024-01-28,facebook_ads,2,2,0,0,8
4297,1643,2024-07-24,google_ads,1,5,0,0,12
4297,1643,2024-07-24,organic_search,2,5,0,0,0
4297,1643,2024-07-24,facebook_ads,3,5,0,0,8
4297,1643,2024-07-24,direct,4,5,0,0,0
4297,1643,2024-07-24,google_ads,5,5,0,0,12
4298,273,2024-02-05,direct,1,5,0,0,0
4298,273,2024-02-05,direct,2,5,0,0,0
4298,273,2024-02-05,direct,3,5,0,0,0
4298,273,2024-02-05,google_ads,4,5,0,0,12
4298,273,2024-02-05,facebook_ads,5,5,0,0,8
4299,1385,2024-08-16,email,1,4,0,0,1
4299,1385,2024-08-16,google_ads,2,4,0,0,12
4299,1385,2024-08-16,organic_search,3,4,0,0,0
4299,1385,2024-08-16,email,4,4,0,0,1
4300,139,2024-04-07,direct,1,4,0,0,0
4300,139,2024-04-07,organic_search,2,4,0,0,0
4300,139,2024-04-07,organic_search,3,4,0,0,0
4300,139,2024-04-07,email,4,4,0,0,1
4301,1576,2024-06-29,facebook_ads,1,2,0,0,8
4301,1576,2024-06-29,google_ads,2,2,0,0,12
4302,940,2024-09-04,email,1,2,0,0,1
4302,940,2024-09-04,facebook_ads,2,2,0,0,8
4303,1227,2024-03-02,organic_search,1,4,1,499,0
4303,1227,2024-03-02,google_ads,2,4,1,499,12
4303,1227,2024-03-02,facebook_ads,3,4,1,499,8
4303,1227,2024-03-02,referral,4,4,1,499,5
4304,422,2024-01-15,google_ads,1,3,1,99,12
4304,422,2024-01-15,organic_search,2,3,1,99,0
4304,422,2024-01-15,organic_search,3,3,1,99,0
4305,330,2024-08-16,organic_search,1,6,0,0,0
4305,330,2024-08-16,facebook_ads,2,6,0,0,8
4305,330,2024-08-16,organic_search,3,6,0,0,0
4305,330,2024-08-16,referral,4,6,0,0,5
4305,330,2024-08-16,google_ads,5,6,0,0,12
4305,330,2024-08-16,referral,6,6,0,0,5
4306,566,2024-01-04,referral,1,1,1,499,5
4307,1902,2024-06-10,organic_search,1,5,1,99,0
4307,1902,2024-06-10,email,2,5,1,99,1
4307,1902,2024-06-10,referral,3,5,1,99,5
4307,1902,2024-06-10,facebook_ads,4,5,1,99,8
4307,1902,2024-06-10,direct,5,5,1,99,0
4308,876,2024-06-14,referral,1,1,0,0,5
4309,419,2024-08-09,google_ads,1,2,0,0,12
4309,419,2024-08-09,facebook_ads,2,2,0,0,8
4310,654,2024-03-08,email,1,1,0,0,1
4311,1203,2024-01-26,facebook_ads,1,6,0,0,8
4311,1203,2024-01-26,google_ads,2,6,0,0,12
4311,1203,2024-01-26,email,3,6,0,0,1
4311,1203,2024-01-26,referral,4,6,0,0,5
4311,1203,2024-01-26,organic_search,5,6,0,0,0
4311,1203,2024-01-26,facebook_ads,6,6,0,0,8
4312,277,2024-01-31,organic_search,1,3,0,0,0
4312,277,2024-01-31,email,2,3,0,0,1
4312,277,2024-01-31,facebook_ads,3,3,0,0,8
4313,1496,2024-01-28,google_ads,1,2,0,0,12
4313,1496,2024-01-28,organic_search,2,2,0,0,0
4314,906,2024-02-15,google_ads,1,5,0,0,12
4314,906,2024-02-15,google_ads,2,5,0,0,12
4314,906,2024-02-15,email,3,5,0,0,1
4314,906,2024-02-15,facebook_ads,4,5,0,0,8
4314,906,2024-02-15,google_ads,5,5,0,0,12
4315,1077,2024-01-12,email,1,4,1,99,1
4315,1077,2024-01-12,referral,2,4,1,99,5
4315,1077,2024-01-12,email,3,4,1,99,1
4315,1077,2024-01-12,email,4,4,1,99,1
4316,1301,2024-07-26,email,1,4,0,0,1
4316,1301,2024-07-26,referral,2,4,0,0,5
4316,1301,2024-07-26,referral,3,4,0,0,5
4316,1301,2024-07-26,organic_search,4,4,0,0,0
4317,1478,2024-07-25,google_ads,1,6,0,0,12
4317,1478,2024-07-25,direct,2,6,0,0,0
4317,1478,2024-07-25,email,3,6,0,0,1
4317,1478,2024-07-25,referral,4,6,0,0,5
4317,1478,2024-07-25,referral,5,6,0,0,5
4317,1478,2024-07-25,facebook_ads,6,6,0,0,8
4318,287,2024-09-12,facebook_ads,1,6,0,0,8
4318,287,2024-09-12,direct,2,6,0,0,0
4318,287,2024-09-12,referral,3,6,0,0,5
4318,287,2024-09-12,email,4,6,0,0,1
4318,287,2024-09-12,email,5,6,0,0,1
4318,287,2024-09-12,referral,6,6,0,0,5
4319,1706,2024-09-01,organic_search,1,6,0,0,0
4319,1706,2024-09-01,referral,2,6,0,0,5
4319,1706,2024-09-01,referral,3,6,0,0,5
4319,1706,2024-09-01,facebook_ads,4,6,0,0,8
4319,1706,2024-09-01,email,5,6,0,0,1
4319,1706,2024-09-01,organic_search,6,6,0,0,0
4320,428,2024-04-11,facebook_ads,1,3,0,0,8
4320,428,2024-04-11,email,2,3,0,0,1
4320,428,2024-04-11,direct,3,3,0,0,0
4321,1917,2024-03-13,organic_search,1,4,0,0,0
4321,1917,2024-03-13,facebook_ads,2,4,0,0,8
4321,1917,2024-03-13,email,3,4,0,0,1
4321,1917,2024-03-13,direct,4,4,0,0,0
4322,251,2024-05-10,facebook_ads,1,1,0,0,8
4323,250,2024-01-30,referral,1,3,0,0,5
4323,250,2024-01-30,facebook_ads,2,3,0,0,8
4323,250,2024-01-30,email,3,3,0,0,1
4324,1267,2024-06-27,facebook_ads,1,1,0,0,8
4325,1445,2024-02-07,facebook_ads,1,4,0,0,8
4325,1445,2024-02-07,direct,2,4,0,0,0
4325,1445,2024-02-07,facebook_ads,3,4,0,0,8
4325,1445,2024-02-07,direct,4,4,0,0,0
4326,593,2024-03-02,referral,1,3,0,0,5
4326,593,2024-03-02,organic_search,2,3,0,0,0
4326,593,2024-03-02,email,3,3,0,0,1
4327,1477,2024-03-26,organic_search,1,1,0,0,0
4328,996,2024-04-03,organic_search,1,6,0,0,0
4328,996,2024-04-03,organic_search,2,6,0,0,0
4328,996,2024-04-03,google_ads,3,6,0,0,12
4328,996,2024-04-03,direct,4,6,0,0,0
4328,996,2024-04-03,organic_search,5,6,0,0,0
4328,996,2024-04-03,google_ads,6,6,0,0,12
4329,1749,2024-08-30,google_ads,1,1,0,0,12
4330,358,2024-03-08,google_ads,1,2,0,0,12
4330,358,2024-03-08,facebook_ads,2,2,0,0,8
4331,18,2024-03-12,google_ads,1,2,0,0,12
4331,18,2024-03-12,referral,2,2,0,0,5
4332,778,2024-05-09,email,1,1,0,0,1
4333,1411,2024-03-17,google_ads,1,6,0,0,12
4333,1411,2024-03-17,organic_search,2,6,0,0,0
4333,1411,2024-03-17,organic_search,3,6,0,0,0
4333,1411,2024-03-17,facebook_ads,4,6,0,0,8
4333,1411,2024-03-17,google_ads,5,6,0,0,12
4333,1411,2024-03-17,referral,6,6,0,0,5
4334,1738,2024-08-05,organic_search,1,2,0,0,0
4334,1738,2024-08-05,referral,2,2,0,0,5
4335,1150,2024-08-17,organic_search,1,5,0,0,0
4335,1150,2024-08-17,email,2,5,0,0,1
4335,1150,2024-08-17,direct,3,5,0,0,0
4335,1150,2024-08-17,facebook_ads,4,5,0,0,8
4335,1150,2024-08-17,google_ads,5,5,0,0,12
4336,413,2024-09-15,organic_search,1,5,1,499,0
4336,413,2024-09-15,email,2,5,1,499,1
4336,413,2024-09-15,referral,3,5,1,499,5
4336,413,2024-09-15,organic_search,4,5,1,499,0
4336,413,2024-09-15,email,5,5,1,499,1
4337,310,2024-06-01,direct,1,5,0,0,0
4337,310,2024-06-01,email,2,5,0,0,1
4337,310,2024-06-01,referral,3,5,0,0,5
4337,310,2024-06-01,google_ads,4,5,0,0,12
4337,310,2024-06-01,direct,5,5,0,0,0
4338,1415,2024-08-26,organic_search,1,6,0,0,0
4338,1415,2024-08-26,facebook_ads,2,6,0,0,8
4338,1415,2024-08-26,facebook_ads,3,6,0,0,8
4338,1415,2024-08-26,organic_search,4,6,0,0,0
4338,1415,2024-08-26,email,5,6,0,0,1
4338,1415,2024-08-26,facebook_ads,6,6,0,0,8
4339,109,2024-08-14,facebook_ads,1,3,0,0,8
4339,109,2024-08-14,google_ads,2,3,0,0,12
4339,109,2024-08-14,direct,3,3,0,0,0
4340,507,2024-01-23,google_ads,1,3,0,0,12
4340,507,2024-01-23,referral,2,3,0,0,5
4340,507,2024-01-23,google_ads,3,3,0,0,12
4341,412,2024-06-22,facebook_ads,1,6,0,0,8
4341,412,2024-06-22,facebook_ads,2,6,0,0,8
4341,412,2024-06-22,direct,3,6,0,0,0
4341,412,2024-06-22,google_ads,4,6,0,0,12
4341,412,2024-06-22,direct,5,6,0,0,0
4341,412,2024-06-22,facebook_ads,6,6,0,0,8
4342,1260,2024-08-25,google_ads,1,1,1,149,12
4343,1489,2024-04-12,facebook_ads,1,6,1,49,8
4343,1489,2024-04-12,direct,2,6,1,49,0
4343,1489,2024-04-12,email,3,6,1,49,1
4343,1489,2024-04-12,email,4,6,1,49,1
4343,1489,2024-04-12,organic_search,5,6,1,49,0
4343,1489,2024-04-12,organic_search,6,6,1,49,0
4344,1434,2024-06-01,organic_search,1,2,0,0,0
4344,1434,2024-06-01,google_ads,2,2,0,0,12
4345,342,2024-08-07,google_ads,1,4,0,0,12
4345,342,2024-08-07,google_ads,2,4,0,0,12
4345,342,2024-08-07,direct,3,4,0,0,0
4345,342,2024-08-07,direct,4,4,0,0,0
4346,231,2024-02-05,facebook_ads,1,6,0,0,8
4346,231,2024-02-05,direct,2,6,0,0,0
4346,231,2024-02-05,google_ads,3,6,0,0,12
4346,231,2024-02-05,direct,4,6,0,0,0
4346,231,2024-02-05,google_ads,5,6,0,0,12
4346,231,2024-02-05,organic_search,6,6,0,0,0
4347,1422,2024-08-11,referral,1,1,1,149,5
4348,1033,2024-03-11,organic_search,1,6,0,0,0
4348,1033,2024-03-11,email,2,6,0,0,1
4348,1033,2024-03-11,facebook_ads,3,6,0,0,8
4348,1033,2024-03-11,organic_search,4,6,0,0,0
4348,1033,2024-03-11,facebook_ads,5,6,0,0,8
4348,1033,2024-03-11,referral,6,6,0,0,5
4349,866,2024-05-08,email,1,2,0,0,1
4349,866,2024-05-08,referral,2,2,0,0,5
4350,703,2024-05-23,direct,1,3,0,0,0
4350,703,2024-05-23,direct,2,3,0,0,0
4350,703,2024-05-23,direct,3,3,0,0,0
4351,1617,2024-07-14,referral,1,2,0,0,5
4351,1617,2024-07-14,direct,2,2,0,0,0
4352,1013,2024-04-21,direct,1,3,0,0,0
4352,1013,2024-04-21,facebook_ads,2,3,0,0,8
4352,1013,2024-04-21,google_ads,3,3,0,0,12
4353,885,2024-03-04,email,1,3,0,0,1
4353,885,2024-03-04,facebook_ads,2,3,0,0,8
4353,885,2024-03-04,google_ads,3,3,0,0,12
4354,933,2024-01-20,organic_search,1,5,0,0,0
4354,933,2024-01-20,referral,2,5,0,0,5
4354,933,2024-01-20,google_ads,3,5,0,0,12
4354,933,2024-01-20,email,4,5,0,0,1
4354,933,2024-01-20,google_ads,5,5,0,0,12
4355,1216,2024-02-05,direct,1,5,0,0,0
4355,1216,2024-02-05,facebook_ads,2,5,0,0,8
4355,1216,2024-02-05,direct,3,5,0,0,0
4355,1216,2024-02-05,referral,4,5,0,0,5
4355,1216,2024-02-05,referral,5,5,0,0,5
4356,1329,2024-03-23,direct,1,1,0,0,0
4357,24,2024-01-28,facebook_ads,1,2,0,0,8
4357,24,2024-01-28,facebook_ads,2,2,0,0,8
4358,659,2024-07-10,referral,1,4,0,0,5
4358,659,2024-07-10,referral,2,4,0,0,5
4358,659,2024-07-10,facebook_ads,3,4,0,0,8
4358,659,2024-07-10,email,4,4,0,0,1
4359,97,2024-03-01,organic_search,1,3,0,0,0
4359,97,2024-03-01,google_ads,2,3,0,0,12
4359,97,2024-03-01,referral,3,3,0,0,5
4360,1007,2024-07-08,email,1,6,0,0,1
4360,1007,2024-07-08,email,2,6,0,0,1
4360,1007,2024-07-08,direct,3,6,0,0,0
4360,1007,2024-07-08,google_ads,4,6,0,0,12
4360,1007,2024-07-08,facebook_ads,5,6,0,0,8
4360,1007,2024-07-08,facebook_ads,6,6,0,0,8
4361,1101,2024-03-08,email,1,5,0,0,1
4361,1101,2024-03-08,organic_search,2,5,0,0,0
4361,1101,2024-03-08,facebook_ads,3,5,0,0,8
4361,1101,2024-03-08,facebook_ads,4,5,0,0,8
4361,1101,2024-03-08,facebook_ads,5,5,0,0,8
4362,175,2024-02-17,google_ads,1,3,0,0,12
4362,175,2024-02-17,organic_search,2,3,0,0,0
4362,175,2024-02-17,email,3,3,0,0,1
4363,984,2024-06-08,referral,1,4,1,99,5
4363,984,2024-06-08,email,2,4,1,99,1
4363,984,2024-06-08,organic_search,3,4,1,99,0
4363,984,2024-06-08,email,4,4,1,99,1
4364,1832,2024-04-04,direct,1,5,0,0,0
4364,1832,2024-04-04,facebook_ads,2,5,0,0,8
4364,1832,2024-04-04,referral,3,5,0,0,5
4364,1832,2024-04-04,referral,4,5,0,0,5
4364,1832,2024-04-04,organic_search,5,5,0,0,0
4365,525,2024-05-26,referral,1,3,0,0,5
4365,525,2024-05-26,direct,2,3,0,0,0
4365,525,2024-05-26,email,3,3,0,0,1
4366,579,2024-09-25,email,1,1,0,0,1
4367,1951,2024-02-03,direct,1,6,0,0,0
4367,1951,2024-02-03,email,2,6,0,0,1
4367,1951,2024-02-03,organic_search,3,6,0,0,0
4367,1951,2024-02-03,google_ads,4,6,0,0,12
4367,1951,2024-02-03,email,5,6,0,0,1
4367,1951,2024-02-03,organic_search,6,6,0,0,0
4368,936,2024-05-27,facebook_ads,1,3,0,0,8
4368,936,2024-05-27,facebook_ads,2,3,0,0,8
4368,936,2024-05-27,google_ads,3,3,0,0,12
4369,203,2024-07-21,direct,1,3,1,499,0
4369,203,2024-07-21,google_ads,2,3,1,499,12
4369,203,2024-07-21,google_ads,3,3,1,499,12
4370,1953,2024-05-01,facebook_ads,1,3,0,0,8
4370,1953,2024-05-01,direct,2,3,0,0,0
4370,1953,2024-05-01,google_ads,3,3,0,0,12
4371,1320,2024-04-23,referral,1,4,1,99,5
4371,1320,2024-04-23,organic_search,2,4,1,99,0
4371,1320,2024-04-23,facebook_ads,3,4,1,99,8
4371,1320,2024-04-23,direct,4,4,1,99,0
4372,1891,2024-02-19,organic_search,1,3,0,0,0
4372,1891,2024-02-19,referral,2,3,0,0,5
4372,1891,2024-02-19,referral,3,3,0,0,5
4373,1533,2024-01-04,email,1,4,0,0,1
4373,1533,2024-01-04,email,2,4,0,0,1
4373,1533,2024-01-04,referral,3,4,0,0,5
4373,1533,2024-01-04,direct,4,4,0,0,0
4374,1779,2024-06-08,direct,1,3,0,0,0
4374,1779,2024-06-08,email,2,3,0,0,1
4374,1779,2024-06-08,google_ads,3,3,0,0,12
4375,1009,2024-01-01,email,1,1,0,0,1
4376,758,2024-02-06,organic_search,1,3,0,0,0
4376,758,2024-02-06,referral,2,3,0,0,5
4376,758,2024-02-06,facebook_ads,3,3,0,0,8
4377,1019,2024-07-01,email,1,3,1,99,1
4377,1019,2024-07-01,email,2,3,1,99,1
4377,1019,2024-07-01,organic_search,3,3,1,99,0
4378,1098,2024-09-08,referral,1,6,0,0,5
4378,1098,2024-09-08,organic_search,2,6,0,0,0
4378,1098,2024-09-08,direct,3,6,0,0,0
4378,1098,2024-09-08,email,4,6,0,0,1
4378,1098,2024-09-08,email,5,6,0,0,1
4378,1098,2024-09-08,referral,6,6,0,0,5
4379,1386,2024-01-10,direct,1,1,0,0,0
4380,684,2024-05-08,direct,1,4,0,0,0
4380,684,2024-05-08,referral,2,4,0,0,5
4380,684,2024-05-08,direct,3,4,0,0,0
4380,684,2024-05-08,facebook_ads,4,4,0,0,8
4381,1379,2024-07-24,direct,1,6,0,0,0
4381,1379,2024-07-24,direct,2,6,0,0,0
4381,1379,2024-07-24,facebook_ads,3,6,0,0,8
4381,1379,2024-07-24,referral,4,6,0,0,5
4381,1379,2024-07-24,direct,5,6,0,0,0
4381,1379,2024-07-24,direct,6,6,0,0,0
4382,203,2024-02-06,organic_search,1,1,0,0,0
4383,1832,2024-01-16,facebook_ads,1,5,1,499,8
4383,1832,2024-01-16,organic_search,2,5,1,499,0
4383,1832,2024-01-16,facebook_ads,3,5,1,499,8
4383,1832,2024-01-16,referral,4,5,1,499,5
4383,1832,2024-01-16,referral,5,5,1,499,5
4384,1115,2024-03-18,email,1,2,0,0,1
4384,1115,2024-03-18,facebook_ads,2,2,0,0,8
4385,1268,2024-01-06,organic_search,1,3,0,0,0
4385,1268,2024-01-06,email,2,3,0,0,1
4385,1268,2024-01-06,facebook_ads,3,3,0,0,8
4386,1286,2024-07-15,organic_search,1,5,0,0,0
4386,1286,2024-07-15,referral,2,5,0,0,5
4386,1286,2024-07-15,google_ads,3,5,0,0,12
4386,1286,2024-07-15,facebook_ads,4,5,0,0,8
4386,1286,2024-07-15,facebook_ads,5,5,0,0,8
4387,828,2024-09-23,email,1,4,0,0,1
4387,828,2024-09-23,facebook_ads,2,4,0,0,8
4387,828,2024-09-23,direct,3,4,0,0,0
4387,828,2024-09-23,google_ads,4,4,0,0,12
4388,615,2024-07-15,facebook_ads,1,1,0,0,8
4389,264,2024-04-07,email,1,5,1,499,1
4389,264,2024-04-07,organic_search,2,5,1,499,0
4389,264,2024-04-07,google_ads,3,5,1,499,12
4389,264,2024-04-07,google_ads,4,5,1,499,12
4389,264,2024-04-07,referral,5,5,1,499,5
4390,388,2024-01-08,direct,1,2,0,0,0
4390,388,2024-01-08,referral,2,2,0,0,5
4391,1000,2024-09-06,google_ads,1,4,1,49,12
4391,1000,2024-09-06,email,2,4,1,49,1
4391,1000,2024-09-06,direct,3,4,1,49,0
4391,1000,2024-09-06,referral,4,4,1,49,5
4392,1507,2024-01-31,organic_search,1,6,0,0,0
4392,1507,2024-01-31,referral,2,6,0,0,5
4392,1507,2024-01-31,google_ads,3,6,0,0,12
4392,1507,2024-01-31,direct,4,6,0,0,0
4392,1507,2024-01-31,google_ads,5,6,0,0,12
4392,1507,2024-01-31,direct,6,6,0,0,0
4393,1725,2024-06-30,email,1,1,1,49,1
4394,278,2024-01-09,referral,1,6,0,0,5
4394,278,2024-01-09,organic_search,2,6,0,0,0
4394,278,2024-01-09,facebook_ads,3,6,0,0,8
4394,278,2024-01-09,facebook_ads,4,6,0,0,8
4394,278,2024-01-09,google_ads,5,6,0,0,12
4394,278,2024-01-09,organic_search,6,6,0,0,0
4395,1070,2024-04-03,facebook_ads,1,4,0,0,8
4395,1070,2024-04-03,direct,2,4,0,0,0
4395,1070,2024-04-03,email,3,4,0,0,1
4395,1070,2024-04-03,organic_search,4,4,0,0,0
4396,1491,2024-04-04,organic_search,1,4,0,0,0
4396,1491,2024-04-04,google_ads,2,4,0,0,12
4396,1491,2024-04-04,referral,3,4,0,0,5
4396,1491,2024-04-04,organic_search,4,4,0,0,0
4397,476,2024-01-28,direct,1,3,0,0,0
4397,476,2024-01-28,email,2,3,0,0,1
4397,476,2024-01-28,referral,3,3,0,0,5
4398,1994,2024-02-23,email,1,2,0,0,1
4398,1994,2024-02-23,email,2,2,0,0,1
4399,390,2024-09-01,facebook_ads,1,4,0,0,8
4399,390,2024-09-01,organic_search,2,4,0,0,0
4399,390,2024-09-01,google_ads,3,4,0,0,12
4399,390,2024-09-01,email,4,4,0,0,1
4400,630,2024-07-27,organic_search,1,1,0,0,0
4401,907,2024-07-19,direct,1,5,0,0,0
4401,907,2024-07-19,direct,2,5,0,0,0
4401,907,2024-07-19,direct,3,5,0,0,0
4401,907,2024-07-19,facebook_ads,4,5,0,0,8
4401,907,2024-07-19,referral,5,5,0,0,5
4402,839,2024-01-30,referral,1,5,0,0,5
4402,839,2024-01-30,facebook_ads,2,5,0,0,8
4402,839,2024-01-30,organic_search,3,5,0,0,0
4402,839,2024-01-30,facebook_ads,4,5,0,0,8
4402,839,2024-01-30,google_ads,5,5,0,0,12
4403,935,2024-07-09,email,1,4,0,0,1
4403,935,2024-07-09,referral,2,4,0,0,5
4403,935,2024-07-09,organic_search,3,4,0,0,0
4403,935,2024-07-09,email,4,4,0,0,1
4404,605,2024-09-26,email,1,6,0,0,1
4404,605,2024-09-26,organic_search,2,6,0,0,0
4404,605,2024-09-26,referral,3,6,0,0,5
4404,605,2024-09-26,facebook_ads,4,6,0,0,8
4404,605,2024-09-26,facebook_ads,5,6,0,0,8
4404,605,2024-09-26,email,6,6,0,0,1
4405,245,2024-08-29,facebook_ads,1,1,0,0,8
4406,325,2024-04-07,organic_search,1,6,0,0,0
4406,325,2024-04-07,organic_search,2,6,0,0,0
4406,325,2024-04-07,referral,3,6,0,0,5
4406,325,2024-04-07,email,4,6,0,0,1
4406,325,2024-04-07,referral,5,6,0,0,5
4406,325,2024-04-07,facebook_ads,6,6,0,0,8
4407,541,2024-04-20,organic_search,1,5,0,0,0
4407,541,2024-04-20,organic_search,2,5,0,0,0
4407,541,2024-04-20,facebook_ads,3,5,0,0,8
4407,541,2024-04-20,organic_search,4,5,0,0,0
4407,541,2024-04-20,referral,5,5,0,0,5
4408,93,2024-03-13,facebook_ads,1,6,0,0,8
4408,93,2024-03-13,referral,2,6,0,0,5
4408,93,2024-03-13,google_ads,3,6,0,0,12
4408,93,2024-03-13,email,4,6,0,0,1
4408,93,2024-03-13,facebook_ads,5,6,0,0,8
4408,93,2024-03-13,direct,6,6,0,0,0
4409,178,2024-08-13,direct,1,4,0,0,0
4409,178,2024-08-13,google_ads,2,4,0,0,12
4409,178,2024-08-13,email,3,4,0,0,1
4409,178,2024-08-13,direct,4,4,0,0,0
4410,94,2024-03-06,google_ads,1,3,0,0,12
4410,94,2024-03-06,referral,2,3,0,0,5
4410,94,2024-03-06,referral,3,3,0,0,5
4411,128,2024-04-10,facebook_ads,1,5,0,0,8
4411,128,2024-04-10,direct,2,5,0,0,0
4411,128,2024-04-10,facebook_ads,3,5,0,0,8
4411,128,2024-04-10,google_ads,4,5,0,0,12
4411,128,2024-04-10,facebook_ads,5,5,0,0,8
4412,304,2024-03-09,direct,1,6,0,0,0
4412,304,2024-03-09,facebook_ads,2,6,0,0,8
4412,304,2024-03-09,email,3,6,0,0,1
4412,304,2024-03-09,organic_search,4,6,0,0,0
4412,304,2024-03-09,organic_search,5,6,0,0,0
4412,304,2024-03-09,facebook_ads,6,6,0,0,8
4413,1468,2024-05-11,organic_search,1,2,0,0,0
4413,1468,2024-05-11,google_ads,2,2,0,0,12
4414,1208,2024-09-27,direct,1,4,0,0,0
4414,1208,2024-09-27,organic_search,2,4,0,0,0
4414,1208,2024-09-27,referral,3,4,0,0,5
4414,1208,2024-09-27,direct,4,4,0,0,0
4415,1928,2024-07-28,organic_search,1,1,0,0,0
4416,217,2024-05-22,facebook_ads,1,2,0,0,8
4416,217,2024-05-22,referral,2,2,0,0,5
4417,748,2024-05-02,facebook_ads,1,5,0,0,8
4417,748,2024-05-02,google_ads,2,5,0,0,12
4417,748,2024-05-02,referral,3,5,0,0,5
4417,748,2024-05-02,google_ads,4,5,0,0,12
4417,748,2024-05-02,direct,5,5,0,0,0
4418,648,2024-01-06,email,1,3,1,499,1
4418,648,2024-01-06,direct,2,3,1,499,0
4418,648,2024-01-06,direct,3,3,1,499,0
4419,718,2024-06-05,direct,1,5,0,0,0
4419,718,2024-06-05,referral,2,5,0,0,5
4419,718,2024-06-05,email,3,5,0,0,1
4419,718,2024-06-05,direct,4,5,0,0,0
4419,718,2024-06-05,referral,5,5,0,0,5
4420,1815,2024-01-22,direct,1,5,0,0,0
4420,1815,2024-01-22,direct,2,5,0,0,0
4420,1815,2024-01-22,direct,3,5,0,0,0
4420,1815,2024-01-22,organic_search,4,5,0,0,0
4420,1815,2024-01-22,google_ads,5,5,0,0,12
4421,890,2024-01-12,facebook_ads,1,6,0,0,8
4421,890,2024-01-12,organic_search,2,6,0,0,0
4421,890,2024-01-12,google_ads,3,6,0,0,12
4421,890,2024-01-12,facebook_ads,4,6,0,0,8
4421,890,2024-01-12,direct,5,6,0,0,0
4421,890,2024-01-12,facebook_ads,6,6,0,0,8
4422,1826,2024-01-31,facebook_ads,1,5,0,0,8
4422,1826,2024-01-31,email,2,5,0,0,1
4422,1826,2024-01-31,direct,3,5,0,0,0
4422,1826,2024-01-31,email,4,5,0,0,1
4422,1826,2024-01-31,google_ads,5,5,0,0,12
4423,1690,2024-05-22,facebook_ads,1,6,1,49,8
4423,1690,2024-05-22,referral,2,6,1,49,5
4423,1690,2024-05-22,google_ads,3,6,1,49,12
4423,1690,2024-05-22,direct,4,6,1,49,0
4423,1690,2024-05-22,organic_search,5,6,1,49,0
4423,1690,2024-05-22,organic_search,6,6,1,49,0
4424,278,2024-02-18,facebook_ads,1,4,0,0,8
4424,278,2024-02-18,organic_search,2,4,0,0,0
4424,278,2024-02-18,organic_search,3,4,0,0,0
4424,278,2024-02-18,referral,4,4,0,0,5
4425,1100,2024-09-12,referral,1,4,0,0,5
4425,1100,2024-09-12,direct,2,4,0,0,0
4425,1100,2024-09-12,direct,3,4,0,0,0
4425,1100,2024-09-12,direct,4,4,0,0,0
4426,331,2024-02-09,google_ads,1,6,1,99,12
4426,331,2024-02-09,organic_search,2,6,1,99,0
4426,331,2024-02-09,referral,3,6,1,99,5
4426,331,2024-02-09,referral,4,6,1,99,5
4426,331,2024-02-09,google_ads,5,6,1,99,12
4426,331,2024-02-09,email,6,6,1,99,1
4427,222,2024-01-26,facebook_ads,1,6,0,0,8
4427,222,2024-01-26,email,2,6,0,0,1
4427,222,2024-01-26,referral,3,6,0,0,5
4427,222,2024-01-26,direct,4,6,0,0,0
4427,222,2024-01-26,direct,5,6,0,0,0
4427,222,2024-01-26,referral,6,6,0,0,5
4428,1210,2024-01-03,referral,1,6,0,0,5
4428,1210,2024-01-03,direct,2,6,0,0,0
4428,1210,2024-01-03,direct,3,6,0,0,0
4428,1210,2024-01-03,referral,4,6,0,0,5
4428,1210,2024-01-03,facebook_ads,5,6,0,0,8
4428,1210,2024-01-03,direct,6,6,0,0,0
4429,1552,2024-09-07,direct,1,1,0,0,0
4430,923,2024-04-22,google_ads,1,4,0,0,12
4430,923,2024-04-22,google_ads,2,4,0,0,12
4430,923,2024-04-22,email,3,4,0,0,1
4430,923,2024-04-22,google_ads,4,4,0,0,12
4431,1695,2024-08-20,google_ads,1,5,0,0,12
4431,1695,2024-08-20,direct,2,5,0,0,0
4431,1695,2024-08-20,direct,3,5,0,0,0
4431,1695,2024-08-20,google_ads,4,5,0,0,12
4431,1695,2024-08-20,facebook_ads,5,5,0,0,8
4432,77,2024-04-18,google_ads,1,6,0,0,12
4432,77,2024-04-18,email,2,6,0,0,1
4432,77,2024-04-18,direct,3,6,0,0,0
4432,77,2024-04-18,organic_search,4,6,0,0,0
4432,77,2024-04-18,organic_search,5,6,0,0,0
4432,77,2024-04-18,organic_search,6,6,0,0,0
4433,1915,2024-07-03,facebook_ads,1,1,0,0,8
4434,762,2024-08-27,referral,1,2,0,0,5
4434,762,2024-08-27,referral,2,2,0,0,5
4435,976,2024-01-20,direct,1,1,0,0,0
4436,1080,2024-06-02,organic_search,1,4,0,0,0
4436,1080,2024-06-02,google_ads,2,4,0,0,12
4436,1080,2024-06-02,email,3,4,0,0,1
4436,1080,2024-06-02,referral,4,4,0,0,5
4437,542,2024-04-24,referral,1,2,1,299,5
4437,542,2024-04-24,email,2,2,1,299,1
4438,99,2024-05-03,organic_search,1,3,0,0,0
4438,99,2024-05-03,direct,2,3,0,0,0
4438,99,2024-05-03,referral,3,3,0,0,5
4439,1130,2024-02-21,facebook_ads,1,1,0,0,8
4440,1090,2024-01-13,email,1,5,0,0,1
4440,1090,2024-01-13,direct,2,5,0,0,0
4440,1090,2024-01-13,facebook_ads,3,5,0,0,8
4440,1090,2024-01-13,google_ads,4,5,0,0,12
4440,1090,2024-01-13,email,5,5,0,0,1
4441,1361,2024-07-23,google_ads,1,2,0,0,12
4441,1361,2024-07-23,email,2,2,0,0,1
4442,27,2024-07-23,facebook_ads,1,1,0,0,8
4443,405,2024-04-24,organic_search,1,4,0,0,0
4443,405,2024-04-24,facebook_ads,2,4,0,0,8
4443,405,2024-04-24,referral,3,4,0,0,5
4443,405,2024-04-24,google_ads,4,4,0,0,12
4444,1238,2024-04-10,email,1,6,0,0,1
4444,1238,2024-04-10,google_ads,2,6,0,0,12
4444,1238,2024-04-10,google_ads,3,6,0,0,12
4444,1238,2024-04-10,email,4,6,0,0,1
4444,1238,2024-04-10,referral,5,6,0,0,5
4444,1238,2024-04-10,email,6,6,0,0,1
4445,1382,2024-05-07,facebook_ads,1,1,0,0,8
4446,225,2024-03-07,facebook_ads,1,3,0,0,8
4446,225,2024-03-07,organic_search,2,3,0,0,0
4446,225,2024-03-07,referral,3,3,0,0,5
4447,429,2024-02-17,direct,1,3,0,0,0
4447,429,2024-02-17,facebook_ads,2,3,0,0,8
4447,429,2024-02-17,facebook_ads,3,3,0,0,8
4448,1241,2024-01-26,google_ads,1,4,0,0,12
4448,1241,2024-01-26,facebook_ads,2,4,0,0,8
4448,1241,2024-01-26,referral,3,4,0,0,5
4448,1241,2024-01-26,google_ads,4,4,0,0,12
4449,409,2024-08-23,referral,1,3,0,0,5
4449,409,2024-08-23,email,2,3,0,0,1
4449,409,2024-08-23,organic_search,3,3,0,0,0
4450,358,2024-02-02,direct,1,6,0,0,0
4450,358,2024-02-02,direct,2,6,0,0,0
4450,358,2024-02-02,email,3,6,0,0,1
4450,358,2024-02-02,referral,4,6,0,0,5
4450,358,2024-02-02,facebook_ads,5,6,0,0,8
4450,358,2024-02-02,google_ads,6,6,0,0,12
4451,202,2024-07-04,google_ads,1,1,0,0,12
4452,373,2024-05-02,organic_search,1,6,0,0,0
4452,373,2024-05-02,email,2,6,0,0,1
4452,373,2024-05-02,google_ads,3,6,0,0,12
4452,373,2024-05-02,facebook_ads,4,6,0,0,8
4452,373,2024-05-02,facebook_ads,5,6,0,0,8
4452,373,2024-05-02,facebook_ads,6,6,0,0,8
4453,1432,2024-03-23,organic_search,1,2,0,0,0
4453,1432,2024-03-23,direct,2,2,0,0,0
4454,703,2024-07-17,direct,1,1,0,0,0
4455,589,2024-04-27,google_ads,1,4,0,0,12
4455,589,2024-04-27,direct,2,4,0,0,0
4455,589,2024-04-27,facebook_ads,3,4,0,0,8
4455,589,2024-04-27,organic_search,4,4,0,0,0
4456,1719,2024-09-05,referral,1,5,0,0,5
4456,1719,2024-09-05,email,2,5,0,0,1
4456,1719,2024-09-05,google_ads,3,5,0,0,12
4456,1719,2024-09-05,direct,4,5,0,0,0
4456,1719,2024-09-05,facebook_ads,5,5,0,0,8
4457,704,2024-05-26,email,1,3,0,0,1
4457,704,2024-05-26,organic_search,2,3,0,0,0
4457,704,2024-05-26,google_ads,3,3,0,0,12
4458,1967,2024-03-21,organic_search,1,5,0,0,0
4458,1967,2024-03-21,organic_search,2,5,0,0,0
4458,1967,2024-03-21,organic_search,3,5,0,0,0
4458,1967,2024-03-21,direct,4,5,0,0,0
4458,1967,2024-03-21,referral,5,5,0,0,5
4459,692,2024-01-24,email,1,2,0,0,1
4459,692,2024-01-24,google_ads,2,2,0,0,12
4460,855,2024-06-03,referral,1,3,0,0,5
4460,855,2024-06-03,direct,2,3,0,0,0
4460,855,2024-06-03,google_ads,3,3,0,0,12
4461,493,2024-04-23,referral,1,1,1,149,5
4462,965,2024-05-22,google_ads,1,2,0,0,12
4462,965,2024-05-22,facebook_ads,2,2,0,0,8
4463,411,2024-02-25,email,1,2,0,0,1
4463,411,2024-02-25,direct,2,2,0,0,0
4464,1327,2024-03-25,direct,1,3,0,0,0
4464,1327,2024-03-25,referral,2,3,0,0,5
4464,1327,2024-03-25,email,3,3,0,0,1
4465,81,2024-02-29,direct,1,5,0,0,0
4465,81,2024-02-29,referral,2,5,0,0,5
4465,81,2024-02-29,direct,3,5,0,0,0
4465,81,2024-02-29,organic_search,4,5,0,0,0
4465,81,2024-02-29,referral,5,5,0,0,5
4466,292,2024-07-23,direct,1,3,1,149,0
4466,292,2024-07-23,organic_search,2,3,1,149,0
4466,292,2024-07-23,facebook_ads,3,3,1,149,8
4467,525,2024-06-01,facebook_ads,1,5,1,299,8
4467,525,2024-06-01,email,2,5,1,299,1
4467,525,2024-06-01,google_ads,3,5,1,299,12
4467,525,2024-06-01,google_ads,4,5,1,299,12
4467,525,2024-06-01,google_ads,5,5,1,299,12
4468,220,2024-07-02,email,1,6,0,0,1
4468,220,2024-07-02,referral,2,6,0,0,5
4468,220,2024-07-02,facebook_ads,3,6,0,0,8
4468,220,2024-07-02,organic_search,4,6,0,0,0
4468,220,2024-07-02,google_ads,5,6,0,0,12
4468,220,2024-07-02,direct,6,6,0,0,0
4469,714,2024-06-06,referral,1,4,0,0,5
4469,714,2024-06-06,direct,2,4,0,0,0
4469,714,2024-06-06,email,3,4,0,0,1
4469,714,2024-06-06,google_ads,4,4,0,0,12
4470,348,2024-02-23,facebook_ads,1,1,0,0,8
4471,1782,2024-04-01,referral,1,1,0,0,5
4472,663,2024-07-13,facebook_ads,1,6,0,0,8
4472,663,2024-07-13,organic_search,2,6,0,0,0
4472,663,2024-07-13,referral,3,6,0,0,5
4472,663,2024-07-13,direct,4,6,0,0,0
4472,663,2024-07-13,email,5,6,0,0,1
4472,663,2024-07-13,google_ads,6,6,0,0,12
4473,780,2024-05-28,organic_search,1,3,0,0,0
4473,780,2024-05-28,facebook_ads,2,3,0,0,8
4473,780,2024-05-28,organic_search,3,3,0,0,0
4474,2,2024-05-30,organic_search,1,6,0,0,0
4474,2,2024-05-30,email,2,6,0,0,1
4474,2,2024-05-30,organic_search,3,6,0,0,0
4474,2,2024-05-30,referral,4,6,0,0,5
4474,2,2024-05-30,referral,5,6,0,0,5
4474,2,2024-05-30,direct,6,6,0,0,0
4475,133,2024-08-07,direct,1,5,0,0,0
4475,133,2024-08-07,google_ads,2,5,0,0,12
4475,133,2024-08-07,direct,3,5,0,0,0
4475,133,2024-08-07,organic_search,4,5,0,0,0
4475,133,2024-08-07,email,5,5,0,0,1
4476,806,2024-06-22,facebook_ads,1,5,0,0,8
4476,806,2024-06-22,organic_search,2,5,0,0,0
4476,806,2024-06-22,organic_search,3,5,0,0,0
4476,806,2024-06-22,facebook_ads,4,5,0,0,8
4476,806,2024-06-22,email,5,5,0,0,1
4477,1940,2024-02-23,email,1,4,1,99,1
4477,1940,2024-02-23,facebook_ads,2,4,1,99,8
4477,1940,2024-02-23,google_ads,3,4,1,99,12
4477,1940,2024-02-23,email,4,4,1,99,1
4478,1522,2024-09-05,organic_search,1,6,0,0,0
4478,1522,2024-09-05,organic_search,2,6,0,0,0
4478,1522,2024-09-05,email,3,6,0,0,1
4478,1522,2024-09-05,referral,4,6,0,0,5
4478,1522,2024-09-05,organic_search,5,6,0,0,0
4478,1522,2024-09-05,facebook_ads,6,6,0,0,8
4479,1229,2024-05-07,google_ads,1,2,0,0,12
4479,1229,2024-05-07,organic_search,2,2,0,0,0
4480,1470,2024-07-10,direct,1,4,0,0,0
4480,1470,2024-07-10,direct,2,4,0,0,0
4480,1470,2024-07-10,google_ads,3,4,0,0,12
4480,1470,2024-07-10,facebook_ads,4,4,0,0,8
4481,737,2024-01-06,facebook_ads,1,1,1,49,8
4482,1415,2024-04-05,organic_search,1,2,0,0,0
4482,1415,2024-04-05,referral,2,2,0,0,5
4483,940,2024-05-13,organic_search,1,2,1,49,0
4483,940,2024-05-13,direct,2,2,1,49,0
4484,1843,2024-06-03,google_ads,1,2,0,0,12
4484,1843,2024-06-03,direct,2,2,0,0,0
4485,1221,2024-06-27,organic_search,1,3,0,0,0
4485,1221,2024-06-27,email,2,3,0,0,1
4485,1221,2024-06-27,referral,3,3,0,0,5
4486,1470,2024-01-13,direct,1,4,0,0,0
4486,1470,2024-01-13,email,2,4,0,0,1
4486,1470,2024-01-13,google_ads,3,4,0,0,12
4486,1470,2024-01-13,direct,4,4,0,0,0
4487,659,2024-01-12,referral,1,1,0,0,5
4488,1293,2024-02-21,google_ads,1,6,0,0,12
4488,1293,2024-02-21,facebook_ads,2,6,0,0,8
4488,1293,2024-02-21,email,3,6,0,0,1
4488,1293,2024-02-21,direct,4,6,0,0,0
4488,1293,2024-02-21,facebook_ads,5,6,0,0,8
4488,1293,2024-02-21,organic_search,6,6,0,0,0
4489,443,2024-01-22,email,1,3,0,0,1
4489,443,2024-01-22,facebook_ads,2,3,0,0,8
4489,443,2024-01-22,referral,3,3,0,0,5
4490,1996,2024-08-14,referral,1,5,0,0,5
4490,1996,2024-08-14,organic_search,2,5,0,0,0
4490,1996,2024-08-14,referral,3,5,0,0,5
4490,1996,2024-08-14,direct,4,5,0,0,0
4490,1996,2024-08-14,google_ads,5,5,0,0,12
4491,1581,2024-01-01,email,1,6,0,0,1
4491,1581,2024-01-01,google_ads,2,6,0,0,12
4491,1581,2024-01-01,email,3,6,0,0,1
4491,1581,2024-01-01,google_ads,4,6,0,0,12
4491,1581,2024-01-01,email,5,6,0,0,1
4491,1581,2024-01-01,google_ads,6,6,0,0,12
4492,1260,2024-05-25,organic_search,1,4,0,0,0
4492,1260,2024-05-25,facebook_ads,2,4,0,0,8
4492,1260,2024-05-25,facebook_ads,3,4,0,0,8
4492,1260,2024-05-25,facebook_ads,4,4,0,0,8
4493,894,2024-08-24,facebook_ads,1,1,0,0,8
4494,92,2024-04-27,email,1,5,0,0,1
4494,92,2024-04-27,google_ads,2,5,0,0,12
4494,92,2024-04-27,facebook_ads,3,5,0,0,8
4494,92,2024-04-27,google_ads,4,5,0,0,12
4494,92,2024-04-27,email,5,5,0,0,1
4495,19,2024-09-05,referral,1,3,0,0,5
4495,19,2024-09-05,facebook_ads,2,3,0,0,8
4495,19,2024-09-05,google_ads,3,3,0,0,12
4496,1176,2024-08-24,email,1,4,0,0,1
4496,1176,2024-08-24,facebook_ads,2,4,0,0,8
4496,1176,2024-08-24,organic_search,3,4,0,0,0
4496,1176,2024-08-24,referral,4,4,0,0,5
4497,962,2024-06-18,organic_search,1,1,1,49,0
4498,1729,2024-07-02,referral,1,3,0,0,5
4498,1729,2024-07-02,google_ads,2,3,0,0,12
4498,1729,2024-07-02,direct,3,3,0,0,0
4499,1988,2024-07-19,referral,1,1,0,0,5
4500,1798,2024-03-27,email,1,5,0,0,1
4500,1798,2024-03-27,direct,2,5,0,0,0
4500,1798,2024-03-27,referral,3,5,0,0,5
4500,1798,2024-03-27,organic_search,4,5,0,0,0
4500,1798,2024-03-27,facebook_ads,5,5,0,0,8
4501,727,2024-01-19,referral,1,2,0,0,5
4501,727,2024-01-19,organic_search,2,2,0,0,0
4502,1725,2024-04-28,email,1,5,0,0,1
4502,1725,2024-04-28,facebook_ads,2,5,0,0,8
4502,1725,2024-04-28,facebook_ads,3,5,0,0,8
4502,1725,2024-04-28,organic_search,4,5,0,0,0
4502,1725,2024-04-28,direct,5,5,0,0,0
4503,128,2024-06-10,organic_search,1,1,0,0,0
4504,874,2024-01-10,organic_search,1,2,0,0,0
4504,874,2024-01-10,organic_search,2,2,0,0,0
4505,688,2024-08-24,organic_search,1,2,1,299,0
4505,688,2024-08-24,organic_search,2,2,1,299,0
4506,1299,2024-08-19,referral,1,1,0,0,5
4507,4,2024-06-09,email,1,2,0,0,1
4507,4,2024-06-09,direct,2,2,0,0,0
4508,93,2024-03-28,email,1,2,0,0,1
4508,93,2024-03-28,google_ads,2,2,0,0,12
4509,1456,2024-08-05,google_ads,1,6,1,99,12
4509,1456,2024-08-05,google_ads,2,6,1,99,12
4509,1456,2024-08-05,organic_search,3,6,1,99,0
4509,1456,2024-08-05,direct,4,6,1,99,0
4509,1456,2024-08-05,google_ads,5,6,1,99,12
4509,1456,2024-08-05,direct,6,6,1,99,0
4510,1305,2024-07-18,referral,1,1,0,0,5
4511,544,2024-06-26,google_ads,1,1,0,0,12
4512,22,2024-08-22,email,1,1,0,0,1
4513,201,2024-01-27,facebook_ads,1,1,0,0,8
4514,1905,2024-04-19,facebook_ads,1,1,0,0,8
4515,1380,2024-03-14,email,1,6,0,0,1
4515,1380,2024-03-14,direct,2,6,0,0,0
4515,1380,2024-03-14,email,3,6,0,0,1
4515,1380,2024-03-14,email,4,6,0,0,1
4515,1380,2024-03-14,facebook_ads,5,6,0,0,8
4515,1380,2024-03-14,email,6,6,0,0,1
4516,979,2024-05-30,direct,1,4,0,0,0
4516,979,2024-05-30,email,2,4,0,0,1
4516,979,2024-05-30,google_ads,3,4,0,0,12
4516,979,2024-05-30,google_ads,4,4,0,0,12
4517,1620,2024-09-25,google_ads,1,4,0,0,12
4517,1620,2024-09-25,google_ads,2,4,0,0,12
4517,1620,2024-09-25,referral,3,4,0,0,5
4517,1620,2024-09-25,organic_search,4,4,0,0,0
4518,1333,2024-09-14,email,1,5,0,0,1
4518,1333,2024-09-14,referral,2,5,0,0,5
4518,1333,2024-09-14,email,3,5,0,0,1
4518,1333,2024-09-14,facebook_ads,4,5,0,0,8
4518,1333,2024-09-14,organic_search,5,5,0,0,0
4519,233,2024-09-10,google_ads,1,6,0,0,12
4519,233,2024-09-10,referral,2,6,0,0,5
4519,233,2024-09-10,direct,3,6,0,0,0
4519,233,2024-09-10,direct,4,6,0,0,0
4519,233,2024-09-10,facebook_ads,5,6,0,0,8
4519,233,2024-09-10,google_ads,6,6,0,0,12
4520,115,2024-08-27,direct,1,2,0,0,0
4520,115,2024-08-27,referral,2,2,0,0,5
4521,1984,2024-06-25,facebook_ads,1,2,0,0,8
4521,1984,2024-06-25,referral,2,2,0,0,5
4522,415,2024-08-06,google_ads,1,5,0,0,12
4522,415,2024-08-06,referral,2,5,0,0,5
4522,415,2024-08-06,referral,3,5,0,0,5
4522,415,2024-08-06,facebook_ads,4,5,0,0,8
4522,415,2024-08-06,referral,5,5,0,0,5
4523,1354,2024-07-05,facebook_ads,1,6,0,0,8
4523,1354,2024-07-05,organic_search,2,6,0,0,0
4523,1354,2024-07-05,organic_search,3,6,0,0,0
4523,1354,2024-07-05,organic_search,4,6,0,0,0
4523,1354,2024-07-05,organic_search,5,6,0,0,0
4523,1354,2024-07-05,direct,6,6,0,0,0
4524,1452,2024-01-25,referral,1,1,0,0,5
4525,1158,2024-02-25,google_ads,1,1,0,0,12
4526,935,2024-04-13,facebook_ads,1,3,0,0,8
4526,935,2024-04-13,organic_search,2,3,0,0,0
4526,935,2024-04-13,email,3,3,0,0,1
4527,1212,2024-06-04,email,1,3,0,0,1
4527,1212,2024-06-04,organic_search,2,3,0,0,0
4527,1212,2024-06-04,google_ads,3,3,0,0,12
4528,1773,2024-08-26,direct,1,2,1,299,0
4528,1773,2024-08-26,organic_search,2,2,1,299,0
4529,1867,2024-06-26,referral,1,1,0,0,5
4530,256,2024-06-17,google_ads,1,4,0,0,12
4530,256,2024-06-17,email,2,4,0,0,1
4530,256,2024-06-17,google_ads,3,4,0,0,12
4530,256,2024-06-17,email,4,4,0,0,1
4531,55,2024-02-10,google_ads,1,4,0,0,12
4531,55,2024-02-10,google_ads,2,4,0,0,12
4531,55,2024-02-10,direct,3,4,0,0,0
4531,55,2024-02-10,facebook_ads,4,4,0,0,8
4532,1951,2024-06-17,google_ads,1,3,0,0,12
4532,1951,2024-06-17,email,2,3,0,0,1
4532,1951,2024-06-17,referral,3,3,0,0,5
4533,1192,2024-09-22,email,1,6,0,0,1
4533,1192,2024-09-22,facebook_ads,2,6,0,0,8
4533,1192,2024-09-22,google_ads,3,6,0,0,12
4533,1192,2024-09-22,facebook_ads,4,6,0,0,8
4533,1192,2024-09-22,email,5,6,0,0,1
4533,1192,2024-09-22,google_ads,6,6,0,0,12
4534,1748,2024-05-30,organic_search,1,6,1,499,0
4534,1748,2024-05-30,email,2,6,1,499,1
4534,1748,2024-05-30,referral,3,6,1,499,5
4534,1748,2024-05-30,direct,4,6,1,499,0
4534,1748,2024-05-30,facebook_ads,5,6,1,499,8
4534,1748,2024-05-30,direct,6,6,1,499,0
4535,1753,2024-02-18,direct,1,2,0,0,0
4535,1753,2024-02-18,google_ads,2,2,0,0,12
4536,2,2024-07-12,organic_search,1,5,0,0,0
4536,2,2024-07-12,organic_search,2,5,0,0,0
4536,2,2024-07-12,google_ads,3,5,0,0,12
4536,2,2024-07-12,google_ads,4,5,0,0,12
4536,2,2024-07-12,facebook_ads,5,5,0,0,8
4537,1690,2024-04-11,google_ads,1,4,0,0,12
4537,1690,2024-04-11,google_ads,2,4,0,0,12
4537,1690,2024-04-11,email,3,4,0,0,1
4537,1690,2024-04-11,email,4,4,0,0,1
4538,938,2024-04-04,facebook_ads,1,4,0,0,8
4538,938,2024-04-04,facebook_ads,2,4,0,0,8
4538,938,2024-04-04,referral,3,4,0,0,5
4538,938,2024-04-04,google_ads,4,4,0,0,12
4539,186,2024-01-09,direct,1,2,0,0,0
4539,186,2024-01-09,email,2,2,0,0,1
4540,624,2024-02-08,direct,1,6,0,0,0
4540,624,2024-02-08,organic_search,2,6,0,0,0
4540,624,2024-02-08,google_ads,3,6,0,0,12
4540,624,2024-02-08,facebook_ads,4,6,0,0,8
4540,624,2024-02-08,referral,5,6,0,0,5
4540,624,2024-02-08,google_ads,6,6,0,0,12
4541,1227,2024-01-14,google_ads,1,2,0,0,12
4541,1227,2024-01-14,email,2,2,0,0,1
4542,285,2024-06-10,organic_search,1,3,1,499,0
4542,285,2024-06-10,email,2,3,1,499,1
4542,285,2024-06-10,referral,3,3,1,499,5
4543,1725,2024-05-18,referral,1,6,0,0,5
4543,1725,2024-05-18,email,2,6,0,0,1
4543,1725,2024-05-18,email,3,6,0,0,1
4543,1725,2024-05-18,organic_search,4,6,0,0,0
4543,1725,2024-05-18,facebook_ads,5,6,0,0,8
4543,1725,2024-05-18,facebook_ads,6,6,0,0,8
4544,1443,2024-08-10,organic_search,1,1,0,0,0
4545,711,2024-05-21,google_ads,1,6,0,0,12
4545,711,2024-05-21,facebook_ads,2,6,0,0,8
4545,711,2024-05-21,facebook_ads,3,6,0,0,8
4545,711,2024-05-21,organic_search,4,6,0,0,0
4545,711,2024-05-21,referral,5,6,0,0,5
4545,711,2024-05-21,facebook_ads,6,6,0,0,8
4546,223,2024-05-28,facebook_ads,1,1,1,99,8
4547,1530,2024-06-14,email,1,6,0,0,1
4547,1530,2024-06-14,organic_search,2,6,0,0,0
4547,1530,2024-06-14,email,3,6,0,0,1
4547,1530,2024-06-14,google_ads,4,6,0,0,12
4547,1530,2024-06-14,direct,5,6,0,0,0
4547,1530,2024-06-14,google_ads,6,6,0,0,12
4548,1759,2024-07-13,organic_search,1,5,1,49,0
4548,1759,2024-07-13,referral,2,5,1,49,5
4548,1759,2024-07-13,organic_search,3,5,1,49,0
4548,1759,2024-07-13,email,4,5,1,49,1
4548,1759,2024-07-13,referral,5,5,1,49,5
4549,973,2024-07-09,email,1,4,0,0,1
4549,973,2024-07-09,email,2,4,0,0,1
4549,973,2024-07-09,facebook_ads,3,4,0,0,8
4549,973,2024-07-09,facebook_ads,4,4,0,0,8
4550,840,2024-04-20,email,1,6,0,0,1
4550,840,2024-04-20,google_ads,2,6,0,0,12
4550,840,2024-04-20,google_ads,3,6,0,0,12
4550,840,2024-04-20,email,4,6,0,0,1
4550,840,2024-04-20,direct,5,6,0,0,0
4550,840,2024-04-20,email,6,6,0,0,1
4551,998,2024-06-06,direct,1,1,0,0,0
4552,382,2024-05-31,referral,1,5,0,0,5
4552,382,2024-05-31,direct,2,5,0,0,0
4552,382,2024-05-31,organic_search,3,5,0,0,0
4552,382,2024-05-31,direct,4,5,0,0,0
4552,382,2024-05-31,facebook_ads,5,5,0,0,8
4553,71,2024-05-03,email,1,3,0,0,1
4553,71,2024-05-03,referral,2,3,0,0,5
4553,71,2024-05-03,organic_search,3,3,0,0,0
4554,1712,2024-01-06,referral,1,1,1,149,5
4555,410,2024-02-29,referral,1,5,0,0,5
4555,410,2024-02-29,email,2,5,0,0,1
4555,410,2024-02-29,organic_search,3,5,0,0,0
4555,410,2024-02-29,referral,4,5,0,0,5
4555,410,2024-02-29,email,5,5,0,0,1
4556,845,2024-02-19,facebook_ads,1,4,0,0,8
4556,845,2024-02-19,organic_search,2,4,0,0,0
4556,845,2024-02-19,google_ads,3,4,0,0,12
4556,845,2024-02-19,referral,4,4,0,0,5
4557,286,2024-07-02,facebook_ads,1,5,0,0,8
4557,286,2024-07-02,google_ads,2,5,0,0,12
4557,286,2024-07-02,referral,3,5,0,0,5
4557,286,2024-07-02,organic_search,4,5,0,0,0
4557,286,2024-07-02,email,5,5,0,0,1
4558,945,2024-08-01,email,1,6,0,0,1
4558,945,2024-08-01,email,2,6,0,0,1
4558,945,2024-08-01,facebook_ads,3,6,0,0,8
4558,945,2024-08-01,referral,4,6,0,0,5
4558,945,2024-08-01,facebook_ads,5,6,0,0,8
4558,945,2024-08-01,facebook_ads,6,6,0,0,8
4559,1357,2024-08-18,email,1,6,1,299,1
4559,1357,2024-08-18,direct,2,6,1,299,0
4559,1357,2024-08-18,facebook_ads,3,6,1,299,8
4559,1357,2024-08-18,google_ads,4,6,1,299,12
4559,1357,2024-08-18,organic_search,5,6,1,299,0
4559,1357,2024-08-18,organic_search,6,6,1,299,0
4560,478,2024-08-30,referral,1,1,0,0,5
4561,1873,2024-02-28,email,1,2,1,299,1
4561,1873,2024-02-28,email,2,2,1,299,1
4562,1123,2024-09-21,facebook_ads,1,5,0,0,8
4562,1123,2024-09-21,organic_search,2,5,0,0,0
4562,1123,2024-09-21,referral,3,5,0,0,5
4562,1123,2024-09-21,direct,4,5,0,0,0
4562,1123,2024-09-21,organic_search,5,5,0,0,0
4563,1672,2024-09-21,google_ads,1,4,0,0,12
4563,1672,2024-09-21,direct,2,4,0,0,0
4563,1672,2024-09-21,google_ads,3,4,0,0,12
4563,1672,2024-09-21,referral,4,4,0,0,5
4564,1294,2024-03-26,facebook_ads,1,5,0,0,8
4564,1294,2024-03-26,google_ads,2,5,0,0,12
4564,1294,2024-03-26,facebook_ads,3,5,0,0,8
4564,1294,2024-03-26,referral,4,5,0,0,5
4564,1294,2024-03-26,direct,5,5,0,0,0
4565,436,2024-01-26,organic_search,1,5,0,0,0
4565,436,2024-01-26,referral,2,5,0,0,5
4565,436,2024-01-26,direct,3,5,0,0,0
4565,436,2024-01-26,organic_search,4,5,0,0,0
4565,436,2024-01-26,email,5,5,0,0,1
4566,797,2024-01-21,google_ads,1,1,0,0,12
4567,1777,2024-02-09,google_ads,1,3,0,0,12
4567,1777,2024-02-09,organic_search,2,3,0,0,0
4567,1777,2024-02-09,direct,3,3,0,0,0
4568,669,2024-03-17,referral,1,4,0,0,5
4568,669,2024-03-17,email,2,4,0,0,1
4568,669,2024-03-17,google_ads,3,4,0,0,12
4568,669,2024-03-17,referral,4,4,0,0,5
4569,1670,2024-07-02,google_ads,1,6,1,499,12
4569,1670,2024-07-02,email,2,6,1,499,1
4569,1670,2024-07-02,email,3,6,1,499,1
4569,1670,2024-07-02,email,4,6,1,499,1
4569,1670,2024-07-02,referral,5,6,1,499,5
4569,1670,2024-07-02,facebook_ads,6,6,1,499,8
4570,391,2024-08-18,facebook_ads,1,1,0,0,8
4571,1918,2024-05-20,referral,1,4,0,0,5
4571,1918,2024-05-20,referral,2,4,0,0,5
4571,1918,2024-05-20,email,3,4,0,0,1
4571,1918,2024-05-20,facebook_ads,4,4,0,0,8
4572,297,2024-05-14,google_ads,1,6,1,299,12
4572,297,2024-05-14,referral,2,6,1,299,5
4572,297,2024-05-14,google_ads,3,6,1,299,12
4572,297,2024-05-14,email,4,6,1,299,1
4572,297,2024-05-14,email,5,6,1,299,1
4572,297,2024-05-14,organic_search,6,6,1,299,0
4573,1218,2024-04-14,google_ads,1,2,1,99,12
4573,1218,2024-04-14,referral,2,2,1,99,5
4574,1790,2024-09-25,google_ads,1,6,0,0,12
4574,1790,2024-09-25,google_ads,2,6,0,0,12
4574,1790,2024-09-25,organic_search,3,6,0,0,0
4574,1790,2024-09-25,referral,4,6,0,0,5
4574,1790,2024-09-25,google_ads,5,6,0,0,12
4574,1790,2024-09-25,email,6,6,0,0,1
4575,1218,2024-01-01,facebook_ads,1,4,0,0,8
4575,1218,2024-01-01,referral,2,4,0,0,5
4575,1218,2024-01-01,referral,3,4,0,0,5
4575,1218,2024-01-01,direct,4,4,0,0,0
4576,1695,2024-07-18,google_ads,1,5,1,149,12
4576,1695,2024-07-18,facebook_ads,2,5,1,149,8
4576,1695,2024-07-18,facebook_ads,3,5,1,149,8
4576,1695,2024-07-18,direct,4,5,1,149,0
4576,1695,2024-07-18,direct,5,5,1,149,0
4577,14,2024-01-03,facebook_ads,1,4,0,0,8
4577,14,2024-01-03,referral,2,4,0,0,5
4577,14,2024-01-03,referral,3,4,0,0,5
4577,14,2024-01-03,email,4,4,0,0,1
4578,178,2024-05-02,facebook_ads,1,6,0,0,8
4578,178,2024-05-02,organic_search,2,6,0,0,0
4578,178,2024-05-02,email,3,6,0,0,1
4578,178,2024-05-02,referral,4,6,0,0,5
4578,178,2024-05-02,email,5,6,0,0,1
4578,178,2024-05-02,facebook_ads,6,6,0,0,8
4579,1197,2024-04-30,organic_search,1,6,1,49,0
4579,1197,2024-04-30,email,2,6,1,49,1
4579,1197,2024-04-30,facebook_ads,3,6,1,49,8
4579,1197,2024-04-30,google_ads,4,6,1,49,12
4579,1197,2024-04-30,organic_search,5,6,1,49,0
4579,1197,2024-04-30,organic_search,6,6,1,49,0
4580,666,2024-06-23,referral,1,5,0,0,5
4580,666,2024-06-23,facebook_ads,2,5,0,0,8
4580,666,2024-06-23,direct,3,5,0,0,0
4580,666,2024-06-23,referral,4,5,0,0,5
4580,666,2024-06-23,google_ads,5,5,0,0,12
4581,1353,2024-06-22,email,1,6,0,0,1
4581,1353,2024-06-22,google_ads,2,6,0,0,12
4581,1353,2024-06-22,referral,3,6,0,0,5
4581,1353,2024-06-22,referral,4,6,0,0,5
4581,1353,2024-06-22,facebook_ads,5,6,0,0,8
4581,1353,2024-06-22,google_ads,6,6,0,0,12
4582,1861,2024-07-04,email,1,5,0,0,1
4582,1861,2024-07-04,direct,2,5,0,0,0
4582,1861,2024-07-04,organic_search,3,5,0,0,0
4582,1861,2024-07-04,facebook_ads,4,5,0,0,8
4582,1861,2024-07-04,email,5,5,0,0,1
4583,95,2024-02-14,google_ads,1,5,1,49,12
4583,95,2024-02-14,organic_search,2,5,1,49,0
4583,95,2024-02-14,direct,3,5,1,49,0
4583,95,2024-02-14,facebook_ads,4,5,1,49,8
4583,95,2024-02-14,direct,5,5,1,49,0
4584,1590,2024-06-30,direct,1,2,0,0,0
4584,1590,2024-06-30,email,2,2,0,0,1
4585,636,2024-06-24,google_ads,1,1,0,0,12
4586,445,2024-08-06,google_ads,1,1,0,0,12
4587,151,2024-04-04,google_ads,1,4,1,99,12
4587,151,2024-04-04,direct,2,4,1,99,0
4587,151,2024-04-04,direct,3,4,1,99,0
4587,151,2024-04-04,direct,4,4,1,99,0
4588,453,2024-01-27,google_ads,1,1,0,0,12
4589,8,2024-08-22,organic_search,1,2,0,0,0
4589,8,2024-08-22,email,2,2,0,0,1
4590,150,2024-05-07,direct,1,1,0,0,0
4591,1881,2024-04-21,google_ads,1,2,0,0,12
4591,1881,2024-04-21,facebook_ads,2,2,0,0,8
4592,714,2024-06-19,email,1,6,1,99,1
4592,714,2024-06-19,direct,2,6,1,99,0
4592,714,2024-06-19,organic_search,3,6,1,99,0
4592,714,2024-06-19,google_ads,4,6,1,99,12
4592,714,2024-06-19,organic_search,5,6,1,99,0
4592,714,2024-06-19,organic_search,6,6,1,99,0
4593,477,2024-09-08,email,1,2,0,0,1
4593,477,2024-09-08,referral,2,2,0,0,5
4594,1331,2024-02-17,facebook_ads,1,1,0,0,8
4595,104,2024-04-15,facebook_ads,1,4,0,0,8
4595,104,2024-04-15,organic_search,2,4,0,0,0
4595,104,2024-04-15,direct,3,4,0,0,0
4595,104,2024-04-15,google_ads,4,4,0,0,12
4596,1150,2024-09-16,direct,1,6,0,0,0
4596,1150,2024-09-16,google_ads,2,6,0,0,12
4596,1150,2024-09-16,organic_search,3,6,0,0,0
4596,1150,2024-09-16,google_ads,4,6,0,0,12
4596,1150,2024-09-16,direct,5,6,0,0,0
4596,1150,2024-09-16,google_ads,6,6,0,0,12
4597,794,2024-07-27,referral,1,3,0,0,5
4597,794,2024-07-27,facebook_ads,2,3,0,0,8
4597,794,2024-07-27,email,3,3,0,0,1
4598,1072,2024-03-07,referral,1,5,0,0,5
4598,1072,2024-03-07,direct,2,5,0,0,0
4598,1072,2024-03-07,google_ads,3,5,0,0,12
4598,1072,2024-03-07,direct,4,5,0,0,0
4598,1072,2024-03-07,referral,5,5,0,0,5
4599,280,2024-06-09,email,1,1,0,0,1
4600,407,2024-07-18,referral,1,1,1,299,5
4601,1000,2024-07-08,email,1,3,0,0,1
4601,1000,2024-07-08,direct,2,3,0,0,0
4601,1000,2024-07-08,google_ads,3,3,0,0,12
4602,3,2024-01-17,google_ads,1,6,0,0,12
4602,3,2024-01-17,referral,2,6,0,0,5
4602,3,2024-01-17,direct,3,6,0,0,0
4602,3,2024-01-17,referral,4,6,0,0,5
4602,3,2024-01-17,facebook_ads,5,6,0,0,8
4602,3,2024-01-17,direct,6,6,0,0,0
4603,390,2024-07-17,google_ads,1,1,0,0,12
4604,1218,2024-01-19,organic_search,1,4,0,0,0
4604,1218,2024-01-19,organic_search,2,4,0,0,0
4604,1218,2024-01-19,email,3,4,0,0,1
4604,1218,2024-01-19,google_ads,4,4,0,0,12
4605,362,2024-06-29,direct,1,1,0,0,0
4606,404,2024-08-28,email,1,1,0,0,1
4607,1361,2024-04-04,organic_search,1,3,0,0,0
4607,1361,2024-04-04,facebook_ads,2,3,0,0,8
4607,1361,2024-04-04,organic_search,3,3,0,0,0
4608,1820,2024-09-01,referral,1,4,0,0,5
4608,1820,2024-09-01,email,2,4,0,0,1
4608,1820,2024-09-01,direct,3,4,0,0,0
4608,1820,2024-09-01,facebook_ads,4,4,0,0,8
4609,1421,2024-03-24,email,1,3,0,0,1
4609,1421,2024-03-24,direct,2,3,0,0,0
4609,1421,2024-03-24,facebook_ads,3,3,0,0,8
4610,1379,2024-03-17,organic_search,1,5,0,0,0
4610,1379,2024-03-17,google_ads,2,5,0,0,12
4610,1379,2024-03-17,google_ads,3,5,0,0,12
4610,1379,2024-03-17,referral,4,5,0,0,5
4610,1379,2024-03-17,referral,5,5,0,0,5
4611,404,2024-05-14,direct,1,2,0,0,0
4611,404,2024-05-14,referral,2,2,0,0,5
4612,488,2024-02-03,email,1,1,0,0,1
4613,1614,2024-03-07,organic_search,1,3,1,499,0
4613,1614,2024-03-07,google_ads,2,3,1,499,12
4613,1614,2024-03-07,facebook_ads,3,3,1,499,8
4614,1395,2024-01-30,email,1,2,0,0,1
4614,1395,2024-01-30,organic_search,2,2,0,0,0
4615,1164,2024-02-08,organic_search,1,1,0,0,0
4616,1787,2024-03-02,google_ads,1,5,0,0,12
4616,1787,2024-03-02,organic_search,2,5,0,0,0
4616,1787,2024-03-02,facebook_ads,3,5,0,0,8
4616,1787,2024-03-02,google_ads,4,5,0,0,12
4616,1787,2024-03-02,referral,5,5,0,0,5
4617,866,2024-03-12,google_ads,1,2,1,149,12
4617,866,2024-03-12,email,2,2,1,149,1
4618,1883,2024-08-26,referral,1,6,0,0,5
4618,1883,2024-08-26,google_ads,2,6,0,0,12
4618,1883,2024-08-26,google_ads,3,6,0,0,12
4618,1883,2024-08-26,email,4,6,0,0,1
4618,1883,2024-08-26,direct,5,6,0,0,0
4618,1883,2024-08-26,referral,6,6,0,0,5
4619,100,2024-07-07,facebook_ads,1,4,0,0,8
4619,100,2024-07-07,referral,2,4,0,0,5
4619,100,2024-07-07,organic_search,3,4,0,0,0
4619,100,2024-07-07,direct,4,4,0,0,0
4620,435,2024-08-25,referral,1,3,0,0,5
4620,435,2024-08-25,direct,2,3,0,0,0
4620,435,2024-08-25,facebook_ads,3,3,0,0,8
4621,1532,2024-09-13,google_ads,1,1,0,0,12
4622,927,2024-07-08,referral,1,2,0,0,5
4622,927,2024-07-08,google_ads,2,2,0,0,12
4623,1835,2024-08-20,organic_search,1,1,0,0,0
4624,713,2024-05-13,facebook_ads,1,4,0,0,8
4624,713,2024-05-13,email,2,4,0,0,1
4624,713,2024-05-13,organic_search,3,4,0,0,0
4624,713,2024-05-13,email,4,4,0,0,1
4625,202,2024-06-22,facebook_ads,1,6,1,499,8
4625,202,2024-06-22,referral,2,6,1,499,5
4625,202,2024-06-22,organic_search,3,6,1,499,0
4625,202,2024-06-22,organic_search,4,6,1,499,0
4625,202,2024-06-22,referral,5,6,1,499,5
4625,202,2024-06-22,organic_search,6,6,1,499,0
4626,1814,2024-08-30,organic_search,1,3,0,0,0
4626,1814,2024-08-30,email,2,3,0,0,1
4626,1814,2024-08-30,google_ads,3,3,0,0,12
4627,1315,2024-05-21,google_ads,1,3,1,99,12
4627,1315,2024-05-21,google_ads,2,3,1,99,12
4627,1315,2024-05-21,google_ads,3,3,1,99,12
4628,256,2024-07-09,referral,1,6,0,0,5
4628,256,2024-07-09,direct,2,6,0,0,0
4628,256,2024-07-09,referral,3,6,0,0,5
4628,256,2024-07-09,direct,4,6,0,0,0
4628,256,2024-07-09,google_ads,5,6,0,0,12
4628,256,2024-07-09,facebook_ads,6,6,0,0,8
4629,1061,2024-03-15,referral,1,2,0,0,5
4629,1061,2024-03-15,direct,2,2,0,0,0
4630,1413,2024-03-30,email,1,5,0,0,1
4630,1413,2024-03-30,organic_search,2,5,0,0,0
4630,1413,2024-03-30,email,3,5,0,0,1
4630,1413,2024-03-30,direct,4,5,0,0,0
4630,1413,2024-03-30,email,5,5,0,0,1
4631,78,2024-05-03,facebook_ads,1,4,0,0,8
4631,78,2024-05-03,referral,2,4,0,0,5
4631,78,2024-05-03,google_ads,3,4,0,0,12
4631,78,2024-05-03,referral,4,4,0,0,5
4632,345,2024-07-15,facebook_ads,1,5,1,499,8
4632,345,2024-07-15,email,2,5,1,499,1
4632,345,2024-07-15,organic_search,3,5,1,499,0
4632,345,2024-07-15,facebook_ads,4,5,1,499,8
4632,345,2024-07-15,referral,5,5,1,499,5
4633,654,2024-04-04,google_ads,1,4,0,0,12
4633,654,2024-04-04,facebook_ads,2,4,0,0,8
4633,654,2024-04-04,facebook_ads,3,4,0,0,8
4633,654,2024-04-04,facebook_ads,4,4,0,0,8
4634,731,2024-04-29,direct,1,5,0,0,0
4634,731,2024-04-29,direct,2,5,0,0,0
4634,731,2024-04-29,direct,3,5,0,0,0
4634,731,2024-04-29,email,4,5,0,0,1
4634,731,2024-04-29,email,5,5,0,0,1
4635,1830,2024-02-18,google_ads,1,2,0,0,12
4635,1830,2024-02-18,facebook_ads,2,2,0,0,8
4636,201,2024-04-05,referral,1,3,0,0,5
4636,201,2024-04-05,google_ads,2,3,0,0,12
4636,201,2024-04-05,google_ads,3,3,0,0,12
4637,966,2024-09-12,facebook_ads,1,6,1,299,8
4637,966,2024-09-12,google_ads,2,6,1,299,12
4637,966,2024-09-12,facebook_ads,3,6,1,299,8
4637,966,2024-09-12,direct,4,6,1,299,0
4637,966,2024-09-12,referral,5,6,1,299,5
4637,966,2024-09-12,referral,6,6,1,299,5
4638,96,2024-09-22,google_ads,1,1,0,0,12
4639,815,2024-02-18,referral,1,6,1,299,5
4639,815,2024-02-18,email,2,6,1,299,1
4639,815,2024-02-18,facebook_ads,3,6,1,299,8
4639,815,2024-02-18,organic_search,4,6,1,299,0
4639,815,2024-02-18,google_ads,5,6,1,299,12
4639,815,2024-02-18,facebook_ads,6,6,1,299,8
4640,1459,2024-02-03,organic_search,1,5,0,0,0
4640,1459,2024-02-03,organic_search,2,5,0,0,0
4640,1459,2024-02-03,google_ads,3,5,0,0,12
4640,1459,2024-02-03,facebook_ads,4,5,0,0,8
4640,1459,2024-02-03,referral,5,5,0,0,5
4641,1871,2024-04-20,direct,1,3,0,0,0
4641,1871,2024-04-20,email,2,3,0,0,1
4641,1871,2024-04-20,referral,3,3,0,0,5
4642,937,2024-05-27,facebook_ads,1,4,0,0,8
4642,937,2024-05-27,organic_search,2,4,0,0,0
4642,937,2024-05-27,organic_search,3,4,0,0,0
4642,937,2024-05-27,google_ads,4,4,0,0,12
4643,187,2024-05-29,email,1,1,0,0,1
4644,552,2024-09-24,google_ads,1,3,0,0,12
4644,552,2024-09-24,google_ads,2,3,0,0,12
4644,552,2024-09-24,direct,3,3,0,0,0
4645,139,2024-06-28,referral,1,3,0,0,5
4645,139,2024-06-28,google_ads,2,3,0,0,12
4645,139,2024-06-28,google_ads,3,3,0,0,12
4646,327,2024-06-24,referral,1,1,1,49,5
4647,346,2024-07-25,google_ads,1,2,0,0,12
4647,346,2024-07-25,email,2,2,0,0,1
4648,1440,2024-04-29,email,1,5,0,0,1
4648,1440,2024-04-29,organic_search,2,5,0,0,0
4648,1440,2024-04-29,direct,3,5,0,0,0
4648,1440,2024-04-29,google_ads,4,5,0,0,12
4648,1440,2024-04-29,direct,5,5,0,0,0
4649,623,2024-03-05,referral,1,3,0,0,5
4649,623,2024-03-05,organic_search,2,3,0,0,0
4649,623,2024-03-05,direct,3,3,0,0,0
4650,360,2024-06-20,google_ads,1,6,0,0,12
4650,360,2024-06-20,google_ads,2,6,0,0,12
4650,360,2024-06-20,referral,3,6,0,0,5
4650,360,2024-06-20,facebook_ads,4,6,0,0,8
4650,360,2024-06-20,referral,5,6,0,0,5
4650,360,2024-06-20,email,6,6,0,0,1
4651,965,2024-05-30,referral,1,2,0,0,5
4651,965,2024-05-30,google_ads,2,2,0,0,12
4652,1547,2024-05-23,direct,1,4,0,0,0
4652,1547,2024-05-23,facebook_ads,2,4,0,0,8
4652,1547,2024-05-23,referral,3,4,0,0,5
4652,1547,2024-05-23,organic_search,4,4,0,0,0
4653,155,2024-01-19,facebook_ads,1,5,0,0,8
4653,155,2024-01-19,referral,2,5,0,0,5
4653,155,2024-01-19,organic_search,3,5,0,0,0
4653,155,2024-01-19,referral,4,5,0,0,5
4653,155,2024-01-19,referral,5,5,0,0,5
4654,226,2024-06-29,email,1,3,0,0,1
4654,226,2024-06-29,email,2,3,0,0,1
4654,226,2024-06-29,direct,3,3,0,0,0
4655,1658,2024-07-03,facebook_ads,1,1,0,0,8
4656,873,2024-02-14,direct,1,4,0,0,0
4656,873,2024-02-14,direct,2,4,0,0,0
4656,873,2024-02-14,direct,3,4,0,0,0
4656,873,2024-02-14,email,4,4,0,0,1
4657,1917,2024-08-25,organic_search,1,1,0,0,0
4658,1195,2024-03-17,facebook_ads,1,3,0,0,8
4658,1195,2024-03-17,organic_search,2,3,0,0,0
4658,1195,2024-03-17,facebook_ads,3,3,0,0,8
4659,575,2024-04-26,facebook_ads,1,5,0,0,8
4659,575,2024-04-26,facebook_ads,2,5,0,0,8
4659,575,2024-04-26,referral,3,5,0,0,5
4659,575,2024-04-26,referral,4,5,0,0,5
4659,575,2024-04-26,referral,5,5,0,0,5
4660,799,2024-04-20,referral,1,2,0,0,5
4660,799,2024-04-20,facebook_ads,2,2,0,0,8
4661,1886,2024-05-03,organic_search,1,1,0,0,0
4662,627,2024-07-18,organic_search,1,1,0,0,0
4663,739,2024-02-06,direct,1,4,1,49,0
4663,739,2024-02-06,direct,2,4,1,49,0
4663,739,2024-02-06,organic_search,3,4,1,49,0
4663,739,2024-02-06,referral,4,4,1,49,5
4664,759,2024-07-11,google_ads,1,2,1,499,12
4664,759,2024-07-11,google_ads,2,2,1,499,12
4665,224,2024-07-03,referral,1,5,0,0,5
4665,224,2024-07-03,direct,2,5,0,0,0
4665,224,2024-07-03,email,3,5,0,0,1
4665,224,2024-07-03,organic_search,4,5,0,0,0
4665,224,2024-07-03,email,5,5,0,0,1
4666,1302,2024-05-11,referral,1,2,0,0,5
4666,1302,2024-05-11,facebook_ads,2,2,0,0,8
4667,784,2024-08-17,organic_search,1,6,0,0,0
4667,784,2024-08-17,referral,2,6,0,0,5
4667,784,2024-08-17,organic_search,3,6,0,0,0
4667,784,2024-08-17,referral,4,6,0,0,5
4667,784,2024-08-17,referral,5,6,0,0,5
4667,784,2024-08-17,google_ads,6,6,0,0,12
4668,1442,2024-09-24,email,1,6,0,0,1
4668,1442,2024-09-24,facebook_ads,2,6,0,0,8
4668,1442,2024-09-24,email,3,6,0,0,1
4668,1442,2024-09-24,direct,4,6,0,0,0
4668,1442,2024-09-24,direct,5,6,0,0,0
4668,1442,2024-09-24,organic_search,6,6,0,0,0
4669,85,2024-06-28,email,1,4,1,99,1
4669,85,2024-06-28,organic_search,2,4,1,99,0
4669,85,2024-06-28,referral,3,4,1,99,5
4669,85,2024-06-28,referral,4,4,1,99,5
4670,168,2024-05-21,facebook_ads,1,2,0,0,8
4670,168,2024-05-21,direct,2,2,0,0,0
4671,1199,2024-07-09,facebook_ads,1,3,0,0,8
4671,1199,2024-07-09,facebook_ads,2,3,0,0,8
4671,1199,2024-07-09,organic_search,3,3,0,0,0
4672,273,2024-03-18,direct,1,4,1,99,0
4672,273,2024-03-18,direct,2,4,1,99,0
4672,273,2024-03-18,email,3,4,1,99,1
4672,273,2024-03-18,email,4,4,1,99,1
4673,1536,2024-01-01,email,1,2,0,0,1
4673,1536,2024-01-01,google_ads,2,2,0,0,12
4674,1045,2024-09-19,referral,1,1,0,0,5
4675,1739,2024-08-11,referral,1,5,0,0,5
4675,1739,2024-08-11,email,2,5,0,0,1
4675,1739,2024-08-11,email,3,5,0,0,1
4675,1739,2024-08-11,organic_search,4,5,0,0,0
4675,1739,2024-08-11,facebook_ads,5,5,0,0,8
4676,419,2024-04-28,direct,1,6,0,0,0
4676,419,2024-04-28,organic_search,2,6,0,0,0
4676,419,2024-04-28,referral,3,6,0,0,5
4676,419,2024-04-28,google_ads,4,6,0,0,12
4676,419,2024-04-28,email,5,6,0,0,1
4676,419,2024-04-28,email,6,6,0,0,1
4677,1242,2024-08-18,email,1,6,0,0,1
4677,1242,2024-08-18,email,2,6,0,0,1
4677,1242,2024-08-18,google_ads,3,6,0,0,12
4677,1242,2024-08-18,organic_search,4,6,0,0,0
4677,1242,2024-08-18,organic_search,5,6,0,0,0
4677,1242,2024-08-18,direct,6,6,0,0,0
4678,1201,2024-07-23,facebook_ads,1,2,0,0,8
4678,1201,2024-07-23,google_ads,2,2,0,0,12
4679,237,2024-05-02,facebook_ads,1,1,1,299,8
4680,605,2024-08-29,direct,1,6,1,499,0
4680,605,2024-08-29,referral,2,6,1,499,5
4680,605,2024-08-29,organic_search,3,6,1,499,0
4680,605,2024-08-29,organic_search,4,6,1,499,0
4680,605,2024-08-29,organic_search,5,6,1,499,0
4680,605,2024-08-29,referral,6,6,1,499,5
4681,984,2024-05-29,facebook_ads,1,6,0,0,8
4681,984,2024-05-29,google_ads,2,6,0,0,12
4681,984,2024-05-29,facebook_ads,3,6,0,0,8
4681,984,2024-05-29,referral,4,6,0,0,5
4681,984,2024-05-29,referral,5,6,0,0,5
4681,984,2024-05-29,google_ads,6,6,0,0,12
4682,357,2024-05-07,email,1,3,0,0,1
4682,357,2024-05-07,direct,2,3,0,0,0
4682,357,2024-05-07,google_ads,3,3,0,0,12
4683,251,2024-06-06,direct,1,1,1,149,0
4684,422,2024-02-13,facebook_ads,1,4,1,99,8
4684,422,2024-02-13,referral,2,4,1,99,5
4684,422,2024-02-13,referral,3,4,1,99,5
4684,422,2024-02-13,google_ads,4,4,1,99,12
4685,1787,2024-04-24,direct,1,5,0,0,0
4685,1787,2024-04-24,direct,2,5,0,0,0
4685,1787,2024-04-24,organic_search,3,5,0,0,0
4685,1787,2024-04-24,direct,4,5,0,0,0
4685,1787,2024-04-24,email,5,5,0,0,1
4686,940,2024-07-18,google_ads,1,5,0,0,12
4686,940,2024-07-18,referral,2,5,0,0,5
4686,940,2024-07-18,referral,3,5,0,0,5
4686,940,2024-07-18,referral,4,5,0,0,5
4686,940,2024-07-18,facebook_ads,5,5,0,0,8
4687,1007,2024-08-15,email,1,5,0,0,1
4687,1007,2024-08-15,email,2,5,0,0,1
4687,1007,2024-08-15,facebook_ads,3,5,0,0,8
4687,1007,2024-08-15,direct,4,5,0,0,0
4687,1007,2024-08-15,facebook_ads,5,5,0,0,8
4688,1751,2024-04-20,google_ads,1,2,0,0,12
4688,1751,2024-04-20,referral,2,2,0,0,5
4689,807,2024-04-23,facebook_ads,1,3,1,49,8
4689,807,2024-04-23,email,2,3,1,49,1
4689,807,2024-04-23,direct,3,3,1,49,0
4690,1187,2024-02-20,facebook_ads,1,5,0,0,8
4690,1187,2024-02-20,google_ads,2,5,0,0,12
4690,1187,2024-02-20,google_ads,3,5,0,0,12
4690,1187,2024-02-20,google_ads,4,5,0,0,12
4690,1187,2024-02-20,google_ads,5,5,0,0,12
4691,1672,2024-03-20,referral,1,5,0,0,5
4691,1672,2024-03-20,google_ads,2,5,0,0,12
4691,1672,2024-03-20,facebook_ads,3,5,0,0,8
4691,1672,2024-03-20,google_ads,4,5,0,0,12
4691,1672,2024-03-20,organic_search,5,5,0,0,0
4692,357,2024-05-23,google_ads,1,4,1,99,12
4692,357,2024-05-23,facebook_ads,2,4,1,99,8
4692,357,2024-05-23,direct,3,4,1,99,0
4692,357,2024-05-23,referral,4,4,1,99,5
4693,1845,2024-05-30,direct,1,2,1,99,0
4693,1845,2024-05-30,facebook_ads,2,2,1,99,8
4694,1360,2024-02-23,email,1,4,0,0,1
4694,1360,2024-02-23,referral,2,4,0,0,5
4694,1360,2024-02-23,referral,3,4,0,0,5
4694,1360,2024-02-23,email,4,4,0,0,1
4695,870,2024-02-04,email,1,4,0,0,1
4695,870,2024-02-04,email,2,4,0,0,1
4695,870,2024-02-04,organic_search,3,4,0,0,0
4695,870,2024-02-04,facebook_ads,4,4,0,0,8
4696,1216,2024-02-16,organic_search,1,2,0,0,0
4696,1216,2024-02-16,email,2,2,0,0,1
4697,768,2024-01-14,direct,1,6,1,149,0
4697,768,2024-01-14,email,2,6,1,149,1
4697,768,2024-01-14,email,3,6,1,149,1
4697,768,2024-01-14,google_ads,4,6,1,149,12
4697,768,2024-01-14,referral,5,6,1,149,5
4697,768,2024-01-14,google_ads,6,6,1,149,12
4698,1162,2024-01-18,google_ads,1,3,1,149,12
4698,1162,2024-01-18,facebook_ads,2,3,1,149,8
4698,1162,2024-01-18,direct,3,3,1,149,0
4699,1873,2024-01-15,email,1,6,1,49,1
4699,1873,2024-01-15,facebook_ads,2,6,1,49,8
4699,1873,2024-01-15,facebook_ads,3,6,1,49,8
4699,1873,2024-01-15,google_ads,4,6,1,49,12
4699,1873,2024-01-15,direct,5,6,1,49,0
4699,1873,2024-01-15,direct,6,6,1,49,0
4700,865,2024-02-10,referral,1,4,0,0,5
4700,865,2024-02-10,email,2,4,0,0,1
4700,865,2024-02-10,facebook_ads,3,4,0,0,8
4700,865,2024-02-10,facebook_ads,4,4,0,0,8
4701,890,2024-01-15,google_ads,1,1,0,0,12
4702,73,2024-03-04,direct,1,5,0,0,0
4702,73,2024-03-04,email,2,5,0,0,1
4702,73,2024-03-04,organic_search,3,5,0,0,0
4702,73,2024-03-04,organic_search,4,5,0,0,0
4702,73,2024-03-04,direct,5,5,0,0,0
4703,724,2024-07-14,direct,1,2,0,0,0
4703,724,2024-07-14,email,2,2,0,0,1
4704,197,2024-03-17,facebook_ads,1,4,0,0,8
4704,197,2024-03-17,email,2,4,0,0,1
4704,197,2024-03-17,referral,3,4,0,0,5
4704,197,2024-03-17,facebook_ads,4,4,0,0,8
4705,817,2024-02-14,google_ads,1,1,0,0,12
4706,1717,2024-05-21,organic_search,1,1,0,0,0
4707,1850,2024-09-13,organic_search,1,1,0,0,0
4708,71,2024-02-16,google_ads,1,2,1,499,12
4708,71,2024-02-16,facebook_ads,2,2,1,499,8
4709,172,2024-09-03,email,1,3,0,0,1
4709,172,2024-09-03,facebook_ads,2,3,0,0,8
4709,172,2024-09-03,google_ads,3,3,0,0,12
4710,927,2024-01-08,google_ads,1,1,0,0,12
4711,693,2024-09-02,organic_search,1,6,1,299,0
4711,693,2024-09-02,organic_search,2,6,1,299,0
4711,693,2024-09-02,email,3,6,1,299,1
4711,693,2024-09-02,organic_search,4,6,1,299,0
4711,693,2024-09-02,direct,5,6,1,299,0
4711,693,2024-09-02,direct,6,6,1,299,0
4712,1433,2024-05-30,facebook_ads,1,5,0,0,8
4712,1433,2024-05-30,direct,2,5,0,0,0
4712,1433,2024-05-30,email,3,5,0,0,1
4712,1433,2024-05-30,facebook_ads,4,5,0,0,8
4712,1433,2024-05-30,google_ads,5,5,0,0,12
4713,1479,2024-03-05,email,1,1,0,0,1
4714,592,2024-01-27,google_ads,1,6,0,0,12
4714,592,2024-01-27,organic_search,2,6,0,0,0
4714,592,2024-01-27,organic_search,3,6,0,0,0
4714,592,2024-01-27,google_ads,4,6,0,0,12
4714,592,2024-01-27,facebook_ads,5,6,0,0,8
4714,592,2024-01-27,email,6,6,0,0,1
4715,843,2024-02-11,facebook_ads,1,5,0,0,8
4715,843,2024-02-11,direct,2,5,0,0,0
4715,843,2024-02-11,email,3,5,0,0,1
4715,843,2024-02-11,email,4,5,0,0,1
4715,843,2024-02-11,referral,5,5,0,0,5
4716,958,2024-06-23,direct,1,6,0,0,0
4716,958,2024-06-23,facebook_ads,2,6,0,0,8
4716,958,2024-06-23,referral,3,6,0,0,5
4716,958,2024-06-23,referral,4,6,0,0,5
4716,958,2024-06-23,email,5,6,0,0,1
4716,958,2024-06-23,direct,6,6,0,0,0
4717,1869,2024-03-24,direct,1,2,0,0,0
4717,1869,2024-03-24,direct,2,2,0,0,0
4718,1317,2024-06-06,direct,1,5,0,0,0
4718,1317,2024-06-06,google_ads,2,5,0,0,12
4718,1317,2024-06-06,email,3,5,0,0,1
4718,1317,2024-06-06,referral,4,5,0,0,5
4718,1317,2024-06-06,direct,5,5,0,0,0
4719,1552,2024-08-12,direct,1,1,0,0,0
4720,1454,2024-05-19,organic_search,1,6,0,0,0
4720,1454,2024-05-19,email,2,6,0,0,1
4720,1454,2024-05-19,direct,3,6,0,0,0
4720,1454,2024-05-19,facebook_ads,4,6,0,0,8
4720,1454,2024-05-19,direct,5,6,0,0,0
4720,1454,2024-05-19,direct,6,6,0,0,0
4721,1583,2024-02-21,google_ads,1,6,0,0,12
4721,1583,2024-02-21,referral,2,6,0,0,5
4721,1583,2024-02-21,direct,3,6,0,0,0
4721,1583,2024-02-21,referral,4,6,0,0,5
4721,1583,2024-02-21,organic_search,5,6,0,0,0
4721,1583,2024-02-21,email,6,6,0,0,1
4722,810,2024-03-24,email,1,2,0,0,1
4722,810,2024-03-24,direct,2,2,0,0,0
4723,824,2024-09-03,email,1,6,0,0,1
4723,824,2024-09-03,email,2,6,0,0,1
4723,824,2024-09-03,google_ads,3,6,0,0,12
4723,824,2024-09-03,facebook_ads,4,6,0,0,8
4723,824,2024-09-03,organic_search,5,6,0,0,0
4723,824,2024-09-03,email,6,6,0,0,1
4724,1484,2024-06-11,email,1,6,1,499,1
4724,1484,2024-06-11,referral,2,6,1,499,5
4724,1484,2024-06-11,facebook_ads,3,6,1,499,8
4724,1484,2024-06-11,referral,4,6,1,499,5
4724,1484,2024-06-11,facebook_ads,5,6,1,499,8
4724,1484,2024-06-11,direct,6,6,1,499,0
4725,789,2024-02-26,direct,1,1,0,0,0
4726,1827,2024-04-08,google_ads,1,1,0,0,12
4727,251,2024-03-17,organic_search,1,1,0,0,0
4728,918,2024-07-22,google_ads,1,1,0,0,12
4729,1973,2024-05-10,organic_search,1,5,0,0,0
4729,1973,2024-05-10,google_ads,2,5,0,0,12
4729,1973,2024-05-10,facebook_ads,3,5,0,0,8
4729,1973,2024-05-10,google_ads,4,5,0,0,12
4729,1973,2024-05-10,direct,5,5,0,0,0
4730,941,2024-05-26,organic_search,1,5,0,0,0
4730,941,2024-05-26,facebook_ads,2,5,0,0,8
4730,941,2024-05-26,google_ads,3,5,0,0,12
4730,941,2024-05-26,google_ads,4,5,0,0,12
4730,941,2024-05-26,email,5,5,0,0,1
4731,1927,2024-03-20,google_ads,1,4,0,0,12
4731,1927,2024-03-20,referral,2,4,0,0,5
4731,1927,2024-03-20,organic_search,3,4,0,0,0
4731,1927,2024-03-20,google_ads,4,4,0,0,12
4732,303,2024-02-01,organic_search,1,3,0,0,0
4732,303,2024-02-01,direct,2,3,0,0,0
4732,303,2024-02-01,facebook_ads,3,3,0,0,8
4733,1685,2024-01-03,facebook_ads,1,2,0,0,8
4733,1685,2024-01-03,direct,2,2,0,0,0
4734,706,2024-07-06,facebook_ads,1,6,0,0,8
4734,706,2024-07-06,google_ads,2,6,0,0,12
4734,706,2024-07-06,email,3,6,0,0,1
4734,706,2024-07-06,email,4,6,0,0,1
4734,706,2024-07-06,email,5,6,0,0,1
4734,706,2024-07-06,google_ads,6,6,0,0,12
4735,1541,2024-09-12,organic_search,1,2,0,0,0
4735,1541,2024-09-12,google_ads,2,2,0,0,12
4736,1846,2024-07-08,facebook_ads,1,1,0,0,8
4737,1056,2024-01-30,facebook_ads,1,1,0,0,8
4738,1463,2024-01-13,google_ads,1,5,0,0,12
4738,1463,2024-01-13,google_ads,2,5,0,0,12
4738,1463,2024-01-13,facebook_ads,3,5,0,0,8
4738,1463,2024-01-13,google_ads,4,5,0,0,12
4738,1463,2024-01-13,organic_search,5,5,0,0,0
4739,143,2024-03-27,direct,1,1,0,0,0
4740,166,2024-08-02,organic_search,1,4,0,0,0
4740,166,2024-08-02,facebook_ads,2,4,0,0,8
4740,166,2024-08-02,google_ads,3,4,0,0,12
4740,166,2024-08-02,google_ads,4,4,0,0,12
4741,1905,2024-01-07,google_ads,1,6,0,0,12
4741,1905,2024-01-07,direct,2,6,0,0,0
4741,1905,2024-01-07,direct,3,6,0,0,0
4741,1905,2024-01-07,direct,4,6,0,0,0
4741,1905,2024-01-07,google_ads,5,6,0,0,12
4741,1905,2024-01-07,referral,6,6,0,0,5
4742,1028,2024-09-18,referral,1,5,0,0,5
4742,1028,2024-09-18,email,2,5,0,0,1
4742,1028,2024-09-18,facebook_ads,3,5,0,0,8
4742,1028,2024-09-18,facebook_ads,4,5,0,0,8
4742,1028,2024-09-18,organic_search,5,5,0,0,0
4743,1970,2024-09-05,direct,1,4,0,0,0
4743,1970,2024-09-05,facebook_ads,2,4,0,0,8
4743,1970,2024-09-05,google_ads,3,4,0,0,12
4743,1970,2024-09-05,email,4,4,0,0,1
4744,1132,2024-08-09,google_ads,1,4,0,0,12
4744,1132,2024-08-09,direct,2,4,0,0,0
4744,1132,2024-08-09,direct,3,4,0,0,0
4744,1132,2024-08-09,organic_search,4,4,0,0,0
4745,1951,2024-07-25,email,1,3,0,0,1
4745,1951,2024-07-25,organic_search,2,3,0,0,0
4745,1951,2024-07-25,facebook_ads,3,3,0,0,8
4746,1033,2024-05-31,facebook_ads,1,1,0,0,8
4747,1255,2024-02-13,email,1,3,0,0,1
4747,1255,2024-02-13,facebook_ads,2,3,0,0,8
4747,1255,2024-02-13,facebook_ads,3,3,0,0,8
4748,847,2024-03-26,google_ads,1,1,0,0,12
4749,1343,2024-02-11,direct,1,4,0,0,0
4749,1343,2024-02-11,organic_search,2,4,0,0,0
4749,1343,2024-02-11,direct,3,4,0,0,0
4749,1343,2024-02-11,organic_search,4,4,0,0,0
4750,1795,2024-03-24,direct,1,1,1,49,0
4751,1564,2024-03-30,organic_search,1,4,1,99,0
4751,1564,2024-03-30,facebook_ads,2,4,1,99,8
4751,1564,2024-03-30,referral,3,4,1,99,5
4751,1564,2024-03-30,email,4,4,1,99,1
4752,246,2024-02-29,direct,1,4,0,0,0
4752,246,2024-02-29,direct,2,4,0,0,0
4752,246,2024-02-29,direct,3,4,0,0,0
4752,246,2024-02-29,google_ads,4,4,0,0,12
4753,1191,2024-09-20,organic_search,1,6,0,0,0
4753,1191,2024-09-20,facebook_ads,2,6,0,0,8
4753,1191,2024-09-20,email,3,6,0,0,1
4753,1191,2024-09-20,google_ads,4,6,0,0,12
4753,1191,2024-09-20,direct,5,6,0,0,0
4753,1191,2024-09-20,organic_search,6,6,0,0,0
4754,149,2024-01-22,email,1,3,0,0,1
4754,149,2024-01-22,email,2,3,0,0,1
4754,149,2024-01-22,organic_search,3,3,0,0,0
4755,1123,2024-06-16,facebook_ads,1,5,0,0,8
4755,1123,2024-06-16,referral,2,5,0,0,5
4755,1123,2024-06-16,referral,3,5,0,0,5
4755,1123,2024-06-16,direct,4,5,0,0,0
4755,1123,2024-06-16,facebook_ads,5,5,0,0,8
4756,761,2024-05-21,email,1,2,0,0,1
4756,761,2024-05-21,email,2,2,0,0,1
4757,445,2024-06-06,google_ads,1,5,0,0,12
4757,445,2024-06-06,direct,2,5,0,0,0
4757,445,2024-06-06,google_ads,3,5,0,0,12
4757,445,2024-06-06,organic_search,4,5,0,0,0
4757,445,2024-06-06,facebook_ads,5,5,0,0,8
4758,1046,2024-02-21,referral,1,1,1,149,5
4759,1479,2024-04-14,organic_search,1,6,0,0,0
4759,1479,2024-04-14,facebook_ads,2,6,0,0,8
4759,1479,2024-04-14,organic_search,3,6,0,0,0
4759,1479,2024-04-14,email,4,6,0,0,1
4759,1479,2024-04-14,referral,5,6,0,0,5
4759,1479,2024-04-14,facebook_ads,6,6,0,0,8
4760,1855,2024-08-26,organic_search,1,2,0,0,0
4760,1855,2024-08-26,email,2,2,0,0,1
4761,462,2024-09-25,email,1,5,0,0,1
4761,462,2024-09-25,direct,2,5,0,0,0
4761,462,2024-09-25,direct,3,5,0,0,0
4761,462,2024-09-25,google_ads,4,5,0,0,12
4761,462,2024-09-25,email,5,5,0,0,1
4762,1471,2024-03-31,referral,1,5,0,0,5
4762,1471,2024-03-31,referral,2,5,0,0,5
4762,1471,2024-03-31,facebook_ads,3,5,0,0,8
4762,1471,2024-03-31,google_ads,4,5,0,0,12
4762,1471,2024-03-31,google_ads,5,5,0,0,12
4763,340,2024-05-17,organic_search,1,3,0,0,0
4763,340,2024-05-17,referral,2,3,0,0,5
4763,340,2024-05-17,google_ads,3,3,0,0,12
4764,452,2024-09-05,facebook_ads,1,6,1,49,8
4764,452,2024-09-05,organic_search,2,6,1,49,0
4764,452,2024-09-05,email,3,6,1,49,1
4764,452,2024-09-05,direct,4,6,1,49,0
4764,452,2024-09-05,facebook_ads,5,6,1,49,8
4764,452,2024-09-05,email,6,6,1,49,1
4765,515,2024-08-09,referral,1,3,0,0,5
4765,515,2024-08-09,google_ads,2,3,0,0,12
4765,515,2024-08-09,referral,3,3,0,0,5
4766,227,2024-02-16,email,1,1,1,149,1
4767,524,2024-04-18,google_ads,1,6,1,499,12
4767,524,2024-04-18,facebook_ads,2,6,1,499,8
4767,524,2024-04-18,referral,3,6,1,499,5
4767,524,2024-04-18,email,4,6,1,499,1
4767,524,2024-04-18,google_ads,5,6,1,499,12
4767,524,2024-04-18,organic_search,6,6,1,499,0
4768,1392,2024-05-01,direct,1,6,0,0,0
4768,1392,2024-05-01,facebook_ads,2,6,0,0,8
4768,1392,2024-05-01,direct,3,6,0,0,0
4768,1392,2024-05-01,google_ads,4,6,0,0,12
4768,1392,2024-05-01,referral,5,6,0,0,5
4768,1392,2024-05-01,email,6,6,0,0,1
4769,1640,2024-01-19,email,1,5,1,499,1
4769,1640,2024-01-19,referral,2,5,1,499,5
4769,1640,2024-01-19,organic_search,3,5,1,499,0
4769,1640,2024-01-19,google_ads,4,5,1,499,12
4769,1640,2024-01-19,direct,5,5,1,499,0
4770,1278,2024-08-18,organic_search,1,5,0,0,0
4770,1278,2024-08-18,facebook_ads,2,5,0,0,8
4770,1278,2024-08-18,organic_search,3,5,0,0,0
4770,1278,2024-08-18,organic_search,4,5,0,0,0
4770,1278,2024-08-18,organic_search,5,5,0,0,0
4771,1670,2024-09-04,referral,1,5,0,0,5
4771,1670,2024-09-04,direct,2,5,0,0,0
4771,1670,2024-09-04,organic_search,3,5,0,0,0
4771,1670,2024-09-04,direct,4,5,0,0,0
4771,1670,2024-09-04,email,5,5,0,0,1
4772,296,2024-08-13,email,1,3,0,0,1
4772,296,2024-08-13,email,2,3,0,0,1
4772,296,2024-08-13,facebook_ads,3,3,0,0,8
4773,812,2024-08-29,google_ads,1,2,0,0,12
4773,812,2024-08-29,google_ads,2,2,0,0,12
4774,428,2024-03-31,organic_search,1,1,0,0,0
4775,417,2024-05-31,direct,1,6,1,299,0
4775,417,2024-05-31,email,2,6,1,299,1
4775,417,2024-05-31,email,3,6,1,299,1
4775,417,2024-05-31,google_ads,4,6,1,299,12
4775,417,2024-05-31,google_ads,5,6,1,299,12
4775,417,2024-05-31,email,6,6,1,299,1
4776,1905,2024-06-16,referral,1,1,1,99,5
4777,1979,2024-05-07,referral,1,2,0,0,5
4777,1979,2024-05-07,direct,2,2,0,0,0
4778,1952,2024-08-11,organic_search,1,4,0,0,0
4778,1952,2024-08-11,google_ads,2,4,0,0,12
4778,1952,2024-08-11,direct,3,4,0,0,0
4778,1952,2024-08-11,organic_search,4,4,0,0,0
4779,495,2024-03-01,organic_search,1,4,0,0,0
4779,495,2024-03-01,email,2,4,0,0,1
4779,495,2024-03-01,google_ads,3,4,0,0,12
4779,495,2024-03-01,email,4,4,0,0,1
4780,344,2024-07-24,google_ads,1,2,0,0,12
4780,344,2024-07-24,email,2,2,0,0,1
4781,1741,2024-06-14,facebook_ads,1,4,0,0,8
4781,1741,2024-06-14,google_ads,2,4,0,0,12
4781,1741,2024-06-14,referral,3,4,0,0,5
4781,1741,2024-06-14,facebook_ads,4,4,0,0,8
4782,1765,2024-04-10,referral,1,1,0,0,5
4783,166,2024-04-13,facebook_ads,1,3,0,0,8
4783,166,2024-04-13,referral,2,3,0,0,5
4783,166,2024-04-13,google_ads,3,3,0,0,12
4784,1929,2024-01-19,facebook_ads,1,4,0,0,8
4784,1929,2024-01-19,google_ads,2,4,0,0,12
4784,1929,2024-01-19,direct,3,4,0,0,0
4784,1929,2024-01-19,referral,4,4,0,0,5
4785,1949,2024-07-29,organic_search,1,2,0,0,0
4785,1949,2024-07-29,google_ads,2,2,0,0,12
4786,1245,2024-04-06,email,1,4,1,149,1
4786,1245,2024-04-06,facebook_ads,2,4,1,149,8
4786,1245,2024-04-06,google_ads,3,4,1,149,12
4786,1245,2024-04-06,facebook_ads,4,4,1,149,8
4787,712,2024-07-23,google_ads,1,3,0,0,12
4787,712,2024-07-23,referral,2,3,0,0,5
4787,712,2024-07-23,direct,3,3,0,0,0
4788,229,2024-05-19,referral,1,5,0,0,5
4788,229,2024-05-19,organic_search,2,5,0,0,0
4788,229,2024-05-19,direct,3,5,0,0,0
4788,229,2024-05-19,referral,4,5,0,0,5
4788,229,2024-05-19,facebook_ads,5,5,0,0,8
4789,1519,2024-08-07,referral,1,6,0,0,5
4789,1519,2024-08-07,referral,2,6,0,0,5
4789,1519,2024-08-07,organic_search,3,6,0,0,0
4789,1519,2024-08-07,organic_search,4,6,0,0,0
4789,1519,2024-08-07,referral,5,6,0,0,5
4789,1519,2024-08-07,facebook_ads,6,6,0,0,8
4790,563,2024-01-03,facebook_ads,1,6,1,99,8
4790,563,2024-01-03,facebook_ads,2,6,1,99,8
4790,563,2024-01-03,direct,3,6,1,99,0
4790,563,2024-01-03,google_ads,4,6,1,99,12
4790,563,2024-01-03,organic_search,5,6,1,99,0
4790,563,2024-01-03,referral,6,6,1,99,5
4791,873,2024-01-19,organic_search,1,1,0,0,0
4792,1577,2024-04-16,referral,1,4,1,99,5
4792,1577,2024-04-16,email,2,4,1,99,1
4792,1577,2024-04-16,referral,3,4,1,99,5
4792,1577,2024-04-16,referral,4,4,1,99,5
4793,1713,2024-09-27,referral,1,6,0,0,5
4793,1713,2024-09-27,direct,2,6,0,0,0
4793,1713,2024-09-27,referral,3,6,0,0,5
4793,1713,2024-09-27,referral,4,6,0,0,5
4793,1713,2024-09-27,direct,5,6,0,0,0
4793,1713,2024-09-27,email,6,6,0,0,1
4794,1761,2024-02-24,direct,1,5,0,0,0
4794,1761,2024-02-24,google_ads,2,5,0,0,12
4794,1761,2024-02-24,organic_search,3,5,0,0,0
4794,1761,2024-02-24,google_ads,4,5,0,0,12
4794,1761,2024-02-24,referral,5,5,0,0,5
4795,139,2024-07-30,direct,1,3,0,0,0
4795,139,2024-07-30,email,2,3,0,0,1
4795,139,2024-07-30,organic_search,3,3,0,0,0
4796,1995,2024-01-25,email,1,4,1,149,1
4796,1995,2024-01-25,direct,2,4,1,149,0
4796,1995,2024-01-25,referral,3,4,1,149,5
4796,1995,2024-01-25,direct,4,4,1,149,0
4797,1624,2024-08-12,organic_search,1,3,0,0,0
4797,1624,2024-08-12,email,2,3,0,0,1
4797,1624,2024-08-12,google_ads,3,3,0,0,12
4798,752,2024-01-01,email,1,4,0,0,1
4798,752,2024-01-01,facebook_ads,2,4,0,0,8
4798,752,2024-01-01,direct,3,4,0,0,0
4798,752,2024-01-01,email,4,4,0,0,1
4799,1231,2024-07-07,email,1,6,0,0,1
4799,1231,2024-07-07,organic_search,2,6,0,0,0
4799,1231,2024-07-07,direct,3,6,0,0,0
4799,1231,2024-07-07,facebook_ads,4,6,0,0,8
4799,1231,2024-07-07,email,5,6,0,0,1
4799,1231,2024-07-07,google_ads,6,6,0,0,12
4800,1874,2024-06-28,referral,1,5,0,0,5
4800,1874,2024-06-28,referral,2,5,0,0,5
4800,1874,2024-06-28,referral,3,5,0,0,5
4800,1874,2024-06-28,google_ads,4,5,0,0,12
4800,1874,2024-06-28,google_ads,5,5,0,0,12
4801,570,2024-01-30,facebook_ads,1,1,0,0,8
4802,1421,2024-03-01,google_ads,1,6,0,0,12
4802,1421,2024-03-01,facebook_ads,2,6,0,0,8
4802,1421,2024-03-01,organic_search,3,6,0,0,0
4802,1421,2024-03-01,organic_search,4,6,0,0,0
4802,1421,2024-03-01,direct,5,6,0,0,0
4802,1421,2024-03-01,organic_search,6,6,0,0,0
4803,96,2024-06-25,facebook_ads,1,4,0,0,8
4803,96,2024-06-25,facebook_ads,2,4,0,0,8
4803,96,2024-06-25,google_ads,3,4,0,0,12
4803,96,2024-06-25,email,4,4,0,0,1
4804,1607,2024-07-15,facebook_ads,1,1,0,0,8
4805,1609,2024-07-05,email,1,2,0,0,1
4805,1609,2024-07-05,facebook_ads,2,2,0,0,8
4806,1666,2024-06-15,organic_search,1,1,1,299,0
4807,820,2024-08-18,facebook_ads,1,3,0,0,8
4807,820,2024-08-18,email,2,3,0,0,1
4807,820,2024-08-18,email,3,3,0,0,1
4808,1569,2024-06-20,referral,1,3,0,0,5
4808,1569,2024-06-20,facebook_ads,2,3,0,0,8
4808,1569,2024-06-20,direct,3,3,0,0,0
4809,1884,2024-07-25,organic_search,1,3,0,0,0
4809,1884,2024-07-25,direct,2,3,0,0,0
4809,1884,2024-07-25,email,3,3,0,0,1
4810,1161,2024-03-14,referral,1,5,0,0,5
4810,1161,2024-03-14,referral,2,5,0,0,5
4810,1161,2024-03-14,organic_search,3,5,0,0,0
4810,1161,2024-03-14,facebook_ads,4,5,0,0,8
4810,1161,2024-03-14,google_ads,5,5,0,0,12
4811,320,2024-02-07,google_ads,1,2,0,0,12
4811,320,2024-02-07,facebook_ads,2,2,0,0,8
4812,1495,2024-08-21,google_ads,1,1,0,0,12
4813,384,2024-03-28,facebook_ads,1,1,0,0,8
4814,611,2024-09-13,email,1,2,1,99,1
4814,611,2024-09-13,direct,2,2,1,99,0
4815,1630,2024-07-24,google_ads,1,3,0,0,12
4815,1630,2024-07-24,organic_search,2,3,0,0,0
4815,1630,2024-07-24,direct,3,3,0,0,0
4816,1318,2024-05-12,direct,1,4,1,149,0
4816,1318,2024-05-12,direct,2,4,1,149,0
4816,1318,2024-05-12,google_ads,3,4,1,149,12
4816,1318,2024-05-12,referral,4,4,1,149,5
4817,1680,2024-02-04,email,1,5,0,0,1
4817,1680,2024-02-04,email,2,5,0,0,1
4817,1680,2024-02-04,facebook_ads,3,5,0,0,8
4817,1680,2024-02-04,direct,4,5,0,0,0
4817,1680,2024-02-04,email,5,5,0,0,1
4818,1720,2024-04-16,google_ads,1,4,0,0,12
4818,1720,2024-04-16,email,2,4,0,0,1
4818,1720,2024-04-16,organic_search,3,4,0,0,0
4818,1720,2024-04-16,organic_search,4,4,0,0,0
4819,595,2024-05-25,google_ads,1,6,0,0,12
4819,595,2024-05-25,google_ads,2,6,0,0,12
4819,595,2024-05-25,google_ads,3,6,0,0,12
4819,595,2024-05-25,organic_search,4,6,0,0,0
4819,595,2024-05-25,referral,5,6,0,0,5
4819,595,2024-05-25,email,6,6,0,0,1
4820,806,2024-02-08,direct,1,3,0,0,0
4820,806,2024-02-08,referral,2,3,0,0,5
4820,806,2024-02-08,referral,3,3,0,0,5
4821,221,2024-09-21,organic_search,1,4,0,0,0
4821,221,2024-09-21,direct,2,4,0,0,0
4821,221,2024-09-21,google_ads,3,4,0,0,12
4821,221,2024-09-21,facebook_ads,4,4,0,0,8
4822,198,2024-09-11,referral,1,1,0,0,5
4823,1783,2024-09-06,google_ads,1,5,0,0,12
4823,1783,2024-09-06,organic_search,2,5,0,0,0
4823,1783,2024-09-06,referral,3,5,0,0,5
4823,1783,2024-09-06,direct,4,5,0,0,0
4823,1783,2024-09-06,google_ads,5,5,0,0,12
4824,1682,2024-06-10,google_ads,1,3,0,0,12
4824,1682,2024-06-10,email,2,3,0,0,1
4824,1682,2024-06-10,facebook_ads,3,3,0,0,8
4825,1356,2024-02-07,organic_search,1,1,0,0,0
4826,1126,2024-04-01,email,1,5,0,0,1
4826,1126,2024-04-01,organic_search,2,5,0,0,0
4826,1126,2024-04-01,facebook_ads,3,5,0,0,8
4826,1126,2024-04-01,email,4,5,0,0,1
4826,1126,2024-04-01,facebook_ads,5,5,0,0,8
4827,449,2024-03-18,organic_search,1,3,0,0,0
4827,449,2024-03-18,google_ads,2,3,0,0,12
4827,449,2024-03-18,referral,3,3,0,0,5
4828,427,2024-04-03,organic_search,1,2,0,0,0
4828,427,2024-04-03,direct,2,2,0,0,0
4829,1179,2024-02-10,direct,1,2,0,0,0
4829,1179,2024-02-10,google_ads,2,2,0,0,12
4830,1088,2024-04-20,google_ads,1,6,0,0,12
4830,1088,2024-04-20,email,2,6,0,0,1
4830,1088,2024-04-20,email,3,6,0,0,1
4830,1088,2024-04-20,organic_search,4,6,0,0,0
4830,1088,2024-04-20,referral,5,6,0,0,5
4830,1088,2024-04-20,direct,6,6,0,0,0
4831,458,2024-02-18,facebook_ads,1,1,0,0,8
4832,1438,2024-05-03,google_ads,1,1,0,0,12
4833,53,2024-03-13,referral,1,5,0,0,5
4833,53,2024-03-13,organic_search,2,5,0,0,0
4833,53,2024-03-13,direct,3,5,0,0,0
4833,53,2024-03-13,referral,4,5,0,0,5
4833,53,2024-03-13,facebook_ads,5,5,0,0,8
4834,802,2024-09-24,direct,1,4,0,0,0
4834,802,2024-09-24,organic_search,2,4,0,0,0
4834,802,2024-09-24,email,3,4,0,0,1
4834,802,2024-09-24,organic_search,4,4,0,0,0
4835,184,2024-03-13,organic_search,1,2,0,0,0
4835,184,2024-03-13,google_ads,2,2,0,0,12
4836,429,2024-02-20,google_ads,1,4,0,0,12
4836,429,2024-02-20,google_ads,2,4,0,0,12
4836,429,2024-02-20,facebook_ads,3,4,0,0,8
4836,429,2024-02-20,google_ads,4,4,0,0,12
4837,1479,2024-05-13,organic_search,1,1,0,0,0
4838,908,2024-04-21,referral,1,6,0,0,5
4838,908,2024-04-21,google_ads,2,6,0,0,12
4838,908,2024-04-21,organic_search,3,6,0,0,0
4838,908,2024-04-21,direct,4,6,0,0,0
4838,908,2024-04-21,direct,5,6,0,0,0
4838,908,2024-04-21,referral,6,6,0,0,5
4839,2000,2024-06-03,email,1,3,0,0,1
4839,2000,2024-06-03,facebook_ads,2,3,0,0,8
4839,2000,2024-06-03,email,3,3,0,0,1
4840,464,2024-06-24,google_ads,1,5,0,0,12
4840,464,2024-06-24,facebook_ads,2,5,0,0,8
4840,464,2024-06-24,email,3,5,0,0,1
4840,464,2024-06-24,facebook_ads,4,5,0,0,8
4840,464,2024-06-24,organic_search,5,5,0,0,0
4841,70,2024-05-31,facebook_ads,1,4,0,0,8
4841,70,2024-05-31,referral,2,4,0,0,5
4841,70,2024-05-31,organic_search,3,4,0,0,0
4841,70,2024-05-31,direct,4,4,0,0,0
4842,1814,2024-02-16,direct,1,5,0,0,0
4842,1814,2024-02-16,facebook_ads,2,5,0,0,8
4842,1814,2024-02-16,direct,3,5,0,0,0
4842,1814,2024-02-16,referral,4,5,0,0,5
4842,1814,2024-02-16,direct,5,5,0,0,0
4843,1994,2024-08-09,facebook_ads,1,3,0,0,8
4843,1994,2024-08-09,referral,2,3,0,0,5
4843,1994,2024-08-09,referral,3,3,0,0,5
4844,1426,2024-07-02,facebook_ads,1,2,0,0,8
4844,1426,2024-07-02,facebook_ads,2,2,0,0,8
4845,1270,2024-09-21,email,1,6,0,0,1
4845,1270,2024-09-21,facebook_ads,2,6,0,0,8
4845,1270,2024-09-21,facebook_ads,3,6,0,0,8
4845,1270,2024-09-21,referral,4,6,0,0,5
4845,1270,2024-09-21,email,5,6,0,0,1
4845,1270,2024-09-21,facebook_ads,6,6,0,0,8
4846,404,2024-09-08,referral,1,2,0,0,5
4846,404,2024-09-08,email,2,2,0,0,1
4847,709,2024-09-02,organic_search,1,4,0,0,0
4847,709,2024-09-02,direct,2,4,0,0,0
4847,709,2024-09-02,referral,3,4,0,0,5
4847,709,2024-09-02,email,4,4,0,0,1
4848,1570,2024-07-30,facebook_ads,1,5,0,0,8
4848,1570,2024-07-30,direct,2,5,0,0,0
4848,1570,2024-07-30,email,3,5,0,0,1
4848,1570,2024-07-30,direct,4,5,0,0,0
4848,1570,2024-07-30,organic_search,5,5,0,0,0
4849,582,2024-06-27,email,1,6,0,0,1
4849,582,2024-06-27,organic_search,2,6,0,0,0
4849,582,2024-06-27,organic_search,3,6,0,0,0
4849,582,2024-06-27,facebook_ads,4,6,0,0,8
4849,582,2024-06-27,referral,5,6,0,0,5
4849,582,2024-06-27,direct,6,6,0,0,0
4850,1412,2024-03-23,organic_search,1,6,0,0,0
4850,1412,2024-03-23,organic_search,2,6,0,0,0
4850,1412,2024-03-23,email,3,6,0,0,1
4850,1412,2024-03-23,direct,4,6,0,0,0
4850,1412,2024-03-23,organic_search,5,6,0,0,0
4850,1412,2024-03-23,organic_search,6,6,0,0,0
4851,786,2024-01-05,facebook_ads,1,3,0,0,8
4851,786,2024-01-05,organic_search,2,3,0,0,0
4851,786,2024-01-05,direct,3,3,0,0,0
4852,506,2024-01-15,referral,1,4,0,0,5
4852,506,2024-01-15,google_ads,2,4,0,0,12
4852,506,2024-01-15,referral,3,4,0,0,5
4852,506,2024-01-15,referral,4,4,0,0,5
4853,1945,2024-02-17,direct,1,5,0,0,0
4853,1945,2024-02-17,direct,2,5,0,0,0
4853,1945,2024-02-17,google_ads,3,5,0,0,12
4853,1945,2024-02-17,google_ads,4,5,0,0,12
4853,1945,2024-02-17,organic_search,5,5,0,0,0
4854,1100,2024-02-03,organic_search,1,5,1,49,0
4854,1100,2024-02-03,google_ads,2,5,1,49,12
4854,1100,2024-02-03,email,3,5,1,49,1
4854,1100,2024-02-03,organic_search,4,5,1,49,0
4854,1100,2024-02-03,email,5,5,1,49,1
4855,1616,2024-04-29,referral,1,4,0,0,5
4855,1616,2024-04-29,email,2,4,0,0,1
4855,1616,2024-04-29,facebook_ads,3,4,0,0,8
4855,1616,2024-04-29,facebook_ads,4,4,0,0,8
4856,1097,2024-04-26,referral,1,3,1,99,5
4856,1097,2024-04-26,direct,2,3,1,99,0
4856,1097,2024-04-26,organic_search,3,3,1,99,0
4857,647,2024-05-24,email,1,3,0,0,1
4857,647,2024-05-24,referral,2,3,0,0,5
4857,647,2024-05-24,organic_search,3,3,0,0,0
4858,178,2024-06-02,email,1,4,0,0,1
4858,178,2024-06-02,organic_search,2,4,0,0,0
4858,178,2024-06-02,google_ads,3,4,0,0,12
4858,178,2024-06-02,google_ads,4,4,0,0,12
4859,351,2024-09-05,referral,1,4,0,0,5
4859,351,2024-09-05,referral,2,4,0,0,5
4859,351,2024-09-05,google_ads,3,4,0,0,12
4859,351,2024-09-05,facebook_ads,4,4,0,0,8
4860,1367,2024-06-05,organic_search,1,6,0,0,0
4860,1367,2024-06-05,organic_search,2,6,0,0,0
4860,1367,2024-06-05,direct,3,6,0,0,0
4860,1367,2024-06-05,direct,4,6,0,0,0
4860,1367,2024-06-05,direct,5,6,0,0,0
4860,1367,2024-06-05,email,6,6,0,0,1
4861,528,2024-06-01,google_ads,1,2,0,0,12
4861,528,2024-06-01,referral,2,2,0,0,5
4862,428,2024-03-09,google_ads,1,2,0,0,12
4862,428,2024-03-09,referral,2,2,0,0,5
4863,1717,2024-09-13,direct,1,3,0,0,0
4863,1717,2024-09-13,direct,2,3,0,0,0
4863,1717,2024-09-13,referral,3,3,0,0,5
4864,1861,2024-04-17,organic_search,1,3,0,0,0
4864,1861,2024-04-17,organic_search,2,3,0,0,0
4864,1861,2024-04-17,organic_search,3,3,0,0,0
4865,1505,2024-04-15,facebook_ads,1,2,0,0,8
4865,1505,2024-04-15,facebook_ads,2,2,0,0,8
4866,451,2024-03-20,google_ads,1,3,0,0,12
4866,451,2024-03-20,referral,2,3,0,0,5
4866,451,2024-03-20,google_ads,3,3,0,0,12
4867,433,2024-01-13,email,1,2,0,0,1
4867,433,2024-01-13,referral,2,2,0,0,5
4868,1836,2024-01-19,facebook_ads,1,3,0,0,8
4868,1836,2024-01-19,email,2,3,0,0,1
4868,1836,2024-01-19,direct,3,3,0,0,0
4869,610,2024-03-10,facebook_ads,1,4,0,0,8
4869,610,2024-03-10,google_ads,2,4,0,0,12
4869,610,2024-03-10,facebook_ads,3,4,0,0,8
4869,610,2024-03-10,organic_search,4,4,0,0,0
4870,1968,2024-05-11,google_ads,1,1,0,0,12
4871,1081,2024-07-20,google_ads,1,2,0,0,12
4871,1081,2024-07-20,google_ads,2,2,0,0,12
4872,981,2024-05-16,direct,1,1,0,0,0
4873,1444,2024-03-01,facebook_ads,1,1,1,49,8
4874,1532,2024-07-09,organic_search,1,3,0,0,0
4874,1532,2024-07-09,email,2,3,0,0,1
4874,1532,2024-07-09,facebook_ads,3,3,0,0,8
4875,1598,2024-03-30,referral,1,2,0,0,5
4875,1598,2024-03-30,referral,2,2,0,0,5
4876,457,2024-09-25,email,1,6,0,0,1
4876,457,2024-09-25,direct,2,6,0,0,0
4876,457,2024-09-25,organic_search,3,6,0,0,0
4876,457,2024-09-25,google_ads,4,6,0,0,12
4876,457,2024-09-25,direct,5,6,0,0,0
4876,457,2024-09-25,email,6,6,0,0,1
4877,463,2024-08-23,email,1,1,0,0,1
4878,294,2024-01-10,facebook_ads,1,6,0,0,8
4878,294,2024-01-10,direct,2,6,0,0,0
4878,294,2024-01-10,email,3,6,0,0,1
4878,294,2024-01-10,google_ads,4,6,0,0,12
4878,294,2024-01-10,facebook_ads,5,6,0,0,8
4878,294,2024-01-10,organic_search,6,6,0,0,0
4879,1616,2024-04-10,organic_search,1,3,0,0,0
4879,1616,2024-04-10,referral,2,3,0,0,5
4879,1616,2024-04-10,facebook_ads,3,3,0,0,8
4880,31,2024-02-19,organic_search,1,2,0,0,0
4880,31,2024-02-19,direct,2,2,0,0,0
4881,1576,2024-08-04,email,1,5,1,149,1
4881,1576,2024-08-04,direct,2,5,1,149,0
4881,1576,2024-08-04,google_ads,3,5,1,149,12
4881,1576,2024-08-04,facebook_ads,4,5,1,149,8
4881,1576,2024-08-04,email,5,5,1,149,1
4882,144,2024-04-15,email,1,1,0,0,1
4883,1512,2024-08-06,direct,1,4,0,0,0
4883,1512,2024-08-06,organic_search,2,4,0,0,0
4883,1512,2024-08-06,google_ads,3,4,0,0,12
4883,1512,2024-08-06,email,4,4,0,0,1
4884,1415,2024-06-19,direct,1,2,0,0,0
4884,1415,2024-06-19,email,2,2,0,0,1
4885,1194,2024-02-08,email,1,3,0,0,1
4885,1194,2024-02-08,google_ads,2,3,0,0,12
4885,1194,2024-02-08,facebook_ads,3,3,0,0,8
4886,905,2024-03-10,direct,1,3,1,499,0
4886,905,2024-03-10,direct,2,3,1,499,0
4886,905,2024-03-10,referral,3,3,1,499,5
4887,1749,2024-07-18,referral,1,5,0,0,5
4887,1749,2024-07-18,email,2,5,0,0,1
4887,1749,2024-07-18,email,3,5,0,0,1
4887,1749,2024-07-18,referral,4,5,0,0,5
4887,1749,2024-07-18,facebook_ads,5,5,0,0,8
4888,1401,2024-09-21,direct,1,3,0,0,0
4888,1401,2024-09-21,referral,2,3,0,0,5
4888,1401,2024-09-21,organic_search,3,3,0,0,0
4889,863,2024-08-04,organic_search,1,3,0,0,0
4889,863,2024-08-04,google_ads,2,3,0,0,12
4889,863,2024-08-04,email,3,3,0,0,1
4890,176,2024-01-21,direct,1,4,0,0,0
4890,176,2024-01-21,email,2,4,0,0,1
4890,176,2024-01-21,google_ads,3,4,0,0,12
4890,176,2024-01-21,facebook_ads,4,4,0,0,8
4891,60,2024-04-26,google_ads,1,3,0,0,12
4891,60,2024-04-26,email,2,3,0,0,1
4891,60,2024-04-26,organic_search,3,3,0,0,0
4892,962,2024-06-08,organic_search,1,3,0,0,0
4892,962,2024-06-08,google_ads,2,3,0,0,12
4892,962,2024-06-08,referral,3,3,0,0,5
4893,332,2024-05-21,google_ads,1,3,0,0,12
4893,332,2024-05-21,google_ads,2,3,0,0,12
4893,332,2024-05-21,google_ads,3,3,0,0,12
4894,1149,2024-01-17,direct,1,2,0,0,0
4894,1149,2024-01-17,facebook_ads,2,2,0,0,8
4895,1963,2024-08-06,referral,1,6,0,0,5
4895,1963,2024-08-06,google_ads,2,6,0,0,12
4895,1963,2024-08-06,organic_search,3,6,0,0,0
4895,1963,2024-08-06,email,4,6,0,0,1
4895,1963,2024-08-06,facebook_ads,5,6,0,0,8
4895,1963,2024-08-06,email,6,6,0,0,1
4896,1535,2024-06-26,organic_search,1,1,0,0,0
4897,400,2024-06-04,google_ads,1,5,1,49,12
4897,400,2024-06-04,facebook_ads,2,5,1,49,8
4897,400,2024-06-04,organic_search,3,5,1,49,0
4897,400,2024-06-04,facebook_ads,4,5,1,49,8
4897,400,2024-06-04,referral,5,5,1,49,5
4898,955,2024-03-20,referral,1,1,0,0,5
4899,709,2024-05-15,facebook_ads,1,1,0,0,8
4900,659,2024-02-17,direct,1,6,0,0,0
4900,659,2024-02-17,referral,2,6,0,0,5
4900,659,2024-02-17,direct,3,6,0,0,0
4900,659,2024-02-17,referral,4,6,0,0,5
4900,659,2024-02-17,google_ads,5,6,0,0,12
4900,659,2024-02-17,referral,6,6,0,0,5
4901,1296,2024-04-28,organic_search,1,2,0,0,0
4901,1296,2024-04-28,direct,2,2,0,0,0
4902,245,2024-02-03,facebook_ads,1,1,1,299,8
4903,962,2024-06-11,email,1,6,1,49,1
4903,962,2024-06-11,google_ads,2,6,1,49,12
4903,962,2024-06-11,email,3,6,1,49,1
4903,962,2024-06-11,email,4,6,1,49,1
4903,962,2024-06-11,google_ads,5,6,1,49,12
4903,962,2024-06-11,referral,6,6,1,49,5
4904,1512,2024-01-20,direct,1,2,0,0,0
4904,1512,2024-01-20,facebook_ads,2,2,0,0,8
4905,19,2024-03-31,facebook_ads,1,4,1,499,8
4905,19,2024-03-31,google_ads,2,4,1,499,12
4905,19,2024-03-31,email,3,4,1,499,1
4905,19,2024-03-31,email,4,4,1,499,1
4906,501,2024-07-10,direct,1,6,0,0,0
4906,501,2024-07-10,organic_search,2,6,0,0,0
4906,501,2024-07-10,google_ads,3,6,0,0,12
4906,501,2024-07-10,google_ads,4,6,0,0,12
4906,501,2024-07-10,google_ads,5,6,0,0,12
4906,501,2024-07-10,direct,6,6,0,0,0
4907,669,2024-04-30,direct,1,6,0,0,0
4907,669,2024-04-30,facebook_ads,2,6,0,0,8
4907,669,2024-04-30,direct,3,6,0,0,0
4907,669,2024-04-30,referral,4,6,0,0,5
4907,669,2024-04-30,email,5,6,0,0,1
4907,669,2024-04-30,direct,6,6,0,0,0
4908,1650,2024-04-19,email,1,1,0,0,1
4909,470,2024-07-30,referral,1,1,0,0,5
4910,1831,2024-02-11,organic_search,1,5,0,0,0
4910,1831,2024-02-11,referral,2,5,0,0,5
4910,1831,2024-02-11,organic_search,3,5,0,0,0
4910,1831,2024-02-11,email,4,5,0,0,1
4910,1831,2024-02-11,referral,5,5,0,0,5
4911,1479,2024-06-10,google_ads,1,2,0,0,12
4911,1479,2024-06-10,referral,2,2,0,0,5
4912,1258,2024-06-02,direct,1,1,0,0,0
4913,28,2024-03-21,direct,1,5,0,0,0
4913,28,2024-03-21,email,2,5,0,0,1
4913,28,2024-03-21,organic_search,3,5,0,0,0
4913,28,2024-03-21,referral,4,5,0,0,5
4913,28,2024-03-21,google_ads,5,5,0,0,12
4914,645,2024-08-23,direct,1,3,0,0,0
4914,645,2024-08-23,google_ads,2,3,0,0,12
4914,645,2024-08-23,referral,3,3,0,0,5
4915,1816,2024-09-04,referral,1,1,0,0,5
4916,912,2024-01-26,direct,1,4,0,0,0
4916,912,2024-01-26,organic_search,2,4,0,0,0
4916,912,2024-01-26,referral,3,4,0,0,5
4916,912,2024-01-26,google_ads,4,4,0,0,12
4917,625,2024-02-25,email,1,5,1,49,1
4917,625,2024-02-25,referral,2,5,1,49,5
4917,625,2024-02-25,google_ads,3,5,1,49,12
4917,625,2024-02-25,google_ads,4,5,1,49,12
4917,625,2024-02-25,facebook_ads,5,5,1,49,8
4918,1085,2024-09-27,referral,1,2,1,149,5
4918,1085,2024-09-27,organic_search,2,2,1,149,0
4919,757,2024-01-28,google_ads,1,2,1,299,12
4919,757,2024-01-28,email,2,2,1,299,1
4920,832,2024-08-08,email,1,3,0,0,1
4920,832,2024-08-08,email,2,3,0,0,1
4920,832,2024-08-08,direct,3,3,0,0,0
4921,855,2024-04-09,referral,1,2,1,499,5
4921,855,2024-04-09,email,2,2,1,499,1
4922,1470,2024-01-28,email,1,1,0,0,1
4923,1103,2024-02-14,google_ads,1,1,0,0,12
4924,89,2024-04-03,email,1,6,0,0,1
4924,89,2024-04-03,email,2,6,0,0,1
4924,89,2024-04-03,google_ads,3,6,0,0,12
4924,89,2024-04-03,google_ads,4,6,0,0,12
4924,89,2024-04-03,direct,5,6,0,0,0
4924,89,2024-04-03,google_ads,6,6,0,0,12
4925,1981,2024-06-11,email,1,5,0,0,1
4925,1981,2024-06-11,organic_search,2,5,0,0,0
4925,1981,2024-06-11,direct,3,5,0,0,0
4925,1981,2024-06-11,organic_search,4,5,0,0,0
4925,1981,2024-06-11,google_ads,5,5,0,0,12
4926,154,2024-04-18,google_ads,1,4,0,0,12
4926,154,2024-04-18,facebook_ads,2,4,0,0,8
4926,154,2024-04-18,facebook_ads,3,4,0,0,8
4926,154,2024-04-18,email,4,4,0,0,1
4927,572,2024-04-13,facebook_ads,1,6,0,0,8
4927,572,2024-04-13,facebook_ads,2,6,0,0,8
4927,572,2024-04-13,referral,3,6,0,0,5
4927,572,2024-04-13,facebook_ads,4,6,0,0,8
4927,572,2024-04-13,direct,5,6,0,0,0
4927,572,2024-04-13,facebook_ads,6,6,0,0,8
4928,1140,2024-09-19,referral,1,2,0,0,5
4928,1140,2024-09-19,facebook_ads,2,2,0,0,8
4929,613,2024-02-09,email,1,1,0,0,1
4930,889,2024-06-25,organic_search,1,6,0,0,0
4930,889,2024-06-25,direct,2,6,0,0,0
4930,889,2024-06-25,email,3,6,0,0,1
4930,889,2024-06-25,direct,4,6,0,0,0
4930,889,2024-06-25,organic_search,5,6,0,0,0
4930,889,2024-06-25,email,6,6,0,0,1
4931,1056,2024-09-12,google_ads,1,6,0,0,12
4931,1056,2024-09-12,google_ads,2,6,0,0,12
4931,1056,2024-09-12,email,3,6,0,0,1
4931,1056,2024-09-12,organic_search,4,6,0,0,0
4931,1056,2024-09-12,referral,5,6,0,0,5
4931,1056,2024-09-12,email,6,6,0,0,1
4932,1171,2024-01-28,direct,1,5,0,0,0
4932,1171,2024-01-28,direct,2,5,0,0,0
4932,1171,2024-01-28,direct,3,5,0,0,0
4932,1171,2024-01-28,direct,4,5,0,0,0
4932,1171,2024-01-28,organic_search,5,5,0,0,0
4933,872,2024-07-03,google_ads,1,4,0,0,12
4933,872,2024-07-03,direct,2,4,0,0,0
4933,872,2024-07-03,facebook_ads,3,4,0,0,8
4933,872,2024-07-03,organic_search,4,4,0,0,0
4934,1668,2024-06-30,email,1,5,0,0,1
4934,1668,2024-06-30,facebook_ads,2,5,0,0,8
4934,1668,2024-06-30,email,3,5,0,0,1
4934,1668,2024-06-30,google_ads,4,5,0,0,12
4934,1668,2024-06-30,google_ads,5,5,0,0,12
4935,1592,2024-05-20,organic_search,1,5,0,0,0
4935,1592,2024-05-20,organic_search,2,5,0,0,0
4935,1592,2024-05-20,direct,3,5,0,0,0
4935,1592,2024-05-20,direct,4,5,0,0,0
4935,1592,2024-05-20,organic_search,5,5,0,0,0
4936,1299,2024-01-16,email,1,2,0,0,1
4936,1299,2024-01-16,email,2,2,0,0,1
4937,1933,2024-06-25,google_ads,1,4,0,0,12
4937,1933,2024-06-25,direct,2,4,0,0,0
4937,1933,2024-06-25,google_ads,3,4,0,0,12
4937,1933,2024-06-25,facebook_ads,4,4,0,0,8
4938,630,2024-08-20,organic_search,1,2,0,0,0
4938,630,2024-08-20,referral,2,2,0,0,5
4939,809,2024-04-08,google_ads,1,2,0,0,12
4939,809,2024-04-08,email,2,2,0,0,1
4940,1327,2024-09-09,google_ads,1,4,0,0,12
4940,1327,2024-09-09,referral,2,4,0,0,5
4940,1327,2024-09-09,facebook_ads,3,4,0,0,8
4940,1327,2024-09-09,organic_search,4,4,0,0,0
4941,1790,2024-04-25,google_ads,1,2,0,0,12
4941,1790,2024-04-25,email,2,2,0,0,1
4942,495,2024-02-25,referral,1,5,0,0,5
4942,495,2024-02-25,direct,2,5,0,0,0
4942,495,2024-02-25,email,3,5,0,0,1
4942,495,2024-02-25,referral,4,5,0,0,5
4942,495,2024-02-25,email,5,5,0,0,1
4943,603,2024-08-06,organic_search,1,1,0,0,0
4944,1960,2024-06-02,facebook_ads,1,6,0,0,8
4944,1960,2024-06-02,email,2,6,0,0,1
4944,1960,2024-06-02,google_ads,3,6,0,0,12
4944,1960,2024-06-02,facebook_ads,4,6,0,0,8
4944,1960,2024-06-02,referral,5,6,0,0,5
4944,1960,2024-06-02,email,6,6,0,0,1
4945,1898,2024-06-14,organic_search,1,1,0,0,0
4946,568,2024-01-22,google_ads,1,4,0,0,12
4946,568,2024-01-22,direct,2,4,0,0,0
4946,568,2024-01-22,google_ads,3,4,0,0,12
4946,568,2024-01-22,google_ads,4,4,0,0,12
4947,1913,2024-03-27,google_ads,1,1,0,0,12
4948,1391,2024-08-24,referral,1,2,0,0,5
4948,1391,2024-08-24,direct,2,2,0,0,0
4949,650,2024-09-06,google_ads,1,3,0,0,12
4949,650,2024-09-06,google_ads,2,3,0,0,12
4949,650,2024-09-06,email,3,3,0,0,1
4950,1968,2024-07-15,referral,1,6,0,0,5
4950,1968,2024-07-15,email,2,6,0,0,1
4950,1968,2024-07-15,direct,3,6,0,0,0
4950,1968,2024-07-15,email,4,6,0,0,1
4950,1968,2024-07-15,email,5,6,0,0,1
4950,1968,2024-07-15,organic_search,6,6,0,0,0
4951,1852,2024-09-24,google_ads,1,2,0,0,12
4951,1852,2024-09-24,facebook_ads,2,2,0,0,8
4952,208,2024-06-11,facebook_ads,1,6,1,499,8
4952,208,2024-06-11,direct,2,6,1,499,0
4952,208,2024-06-11,email,3,6,1,499,1
4952,208,2024-06-11,organic_search,4,6,1,499,0
4952,208,2024-06-11,email,5,6,1,499,1
4952,208,2024-06-11,direct,6,6,1,499,0
4953,1066,2024-06-04,organic_search,1,6,0,0,0
4953,1066,2024-06-04,referral,2,6,0,0,5
4953,1066,2024-06-04,email,3,6,0,0,1
4953,1066,2024-06-04,referral,4,6,0,0,5
4953,1066,2024-06-04,organic_search,5,6,0,0,0
4953,1066,2024-06-04,organic_search,6,6,0,0,0
4954,334,2024-09-21,email,1,1,0,0,1
4955,1776,2024-01-07,organic_search,1,4,0,0,0
4955,1776,2024-01-07,facebook_ads,2,4,0,0,8
4955,1776,2024-01-07,organic_search,3,4,0,0,0
4955,1776,2024-01-07,facebook_ads,4,4,0,0,8
4956,475,2024-05-02,facebook_ads,1,1,0,0,8
4957,20,2024-05-28,email,1,1,0,0,1
4958,246,2024-02-03,google_ads,1,2,0,0,12
4958,246,2024-02-03,facebook_ads,2,2,0,0,8
4959,77,2024-01-14,email,1,6,0,0,1
4959,77,2024-01-14,referral,2,6,0,0,5
4959,77,2024-01-14,referral,3,6,0,0,5
4959,77,2024-01-14,facebook_ads,4,6,0,0,8
4959,77,2024-01-14,google_ads,5,6,0,0,12
4959,77,2024-01-14,google_ads,6,6,0,0,12
4960,459,2024-08-13,google_ads,1,3,0,0,12
4960,459,2024-08-13,organic_search,2,3,0,0,0
4960,459,2024-08-13,direct,3,3,0,0,0
4961,249,2024-04-01,organic_search,1,2,0,0,0
4961,249,2024-04-01,facebook_ads,2,2,0,0,8
4962,1692,2024-03-21,google_ads,1,1,0,0,12
4963,615,2024-03-05,email,1,5,0,0,1
4963,615,2024-03-05,facebook_ads,2,5,0,0,8
4963,615,2024-03-05,email,3,5,0,0,1
4963,615,2024-03-05,organic_search,4,5,0,0,0
4963,615,2024-03-05,google_ads,5,5,0,0,12
4964,990,2024-04-01,referral,1,6,0,0,5
4964,990,2024-04-01,facebook_ads,2,6,0,0,8
4964,990,2024-04-01,organic_search,3,6,0,0,0
4964,990,2024-04-01,google_ads,4,6,0,0,12
4964,990,2024-04-01,facebook_ads,5,6,0,0,8
4964,990,2024-04-01,organic_search,6,6,0,0,0
4965,1472,2024-06-27,organic_search,1,5,1,499,0
4965,1472,2024-06-27,google_ads,2,5,1,499,12
4965,1472,2024-06-27,google_ads,3,5,1,499,12
4965,1472,2024-06-27,organic_search,4,5,1,499,0
4965,1472,2024-06-27,email,5,5,1,499,1
4966,19,2024-02-29,facebook_ads,1,6,0,0,8
4966,19,2024-02-29,direct,2,6,0,0,0
4966,19,2024-02-29,google_ads,3,6,0,0,12
4966,19,2024-02-29,facebook_ads,4,6,0,0,8
4966,19,2024-02-29,direct,5,6,0,0,0
4966,19,2024-02-29,organic_search,6,6,0,0,0
4967,1383,2024-06-03,organic_search,1,3,0,0,0
4967,1383,2024-06-03,referral,2,3,0,0,5
4967,1383,2024-06-03,email,3,3,0,0,1
4968,947,2024-05-25,direct,1,5,0,0,0
4968,947,2024-05-25,direct,2,5,0,0,0
4968,947,2024-05-25,email,3,5,0,0,1
4968,947,2024-05-25,organic_search,4,5,0,0,0
4968,947,2024-05-25,organic_search,5,5,0,0,0
4969,932,2024-05-17,email,1,4,0,0,1
4969,932,2024-05-17,referral,2,4,0,0,5
4969,932,2024-05-17,organic_search,3,4,0,0,0
4969,932,2024-05-17,direct,4,4,0,0,0
4970,156,2024-09-16,referral,1,6,1,149,5
4970,156,2024-09-16,referral,2,6,1,149,5
4970,156,2024-09-16,google_ads,3,6,1,149,12
4970,156,2024-09-16,email,4,6,1,149,1
4970,156,2024-09-16,email,5,6,1,149,1
4970,156,2024-09-16,direct,6,6,1,149,0
4971,1021,2024-04-19,referral,1,5,0,0,5
4971,1021,2024-04-19,google_ads,2,5,0,0,12
4971,1021,2024-04-19,google_ads,3,5,0,0,12
4971,1021,2024-04-19,referral,4,5,0,0,5
4971,1021,2024-04-19,google_ads,5,5,0,0,12
4972,1365,2024-06-22,direct,1,5,0,0,0
4972,1365,2024-06-22,email,2,5,0,0,1
4972,1365,2024-06-22,referral,3,5,0,0,5
4972,1365,2024-06-22,facebook_ads,4,5,0,0,8
4972,1365,2024-06-22,organic_search,5,5,0,0,0
4973,1042,2024-07-08,facebook_ads,1,3,1,499,8
4973,1042,2024-07-08,facebook_ads,2,3,1,499,8
4973,1042,2024-07-08,organic_search,3,3,1,499,0
4974,1451,2024-04-11,referral,1,5,0,0,5
4974,1451,2024-04-11,referral,2,5,0,0,5
4974,1451,2024-04-11,direct,3,5,0,0,0
4974,1451,2024-04-11,facebook_ads,4,5,0,0,8
4974,1451,2024-04-11,facebook_ads,5,5,0,0,8
4975,1818,2024-08-22,facebook_ads,1,3,0,0,8
4975,1818,2024-08-22,google_ads,2,3,0,0,12
4975,1818,2024-08-22,direct,3,3,0,0,0
4976,98,2024-03-12,direct,1,1,0,0,0
4977,123,2024-07-11,organic_search,1,4,0,0,0
4977,123,2024-07-11,google_ads,2,4,0,0,12
4977,123,2024-07-11,google_ads,3,4,0,0,12
4977,123,2024-07-11,direct,4,4,0,0,0
4978,218,2024-06-22,direct,1,6,1,149,0
4978,218,2024-06-22,facebook_ads,2,6,1,149,8
4978,218,2024-06-22,organic_search,3,6,1,149,0
4978,218,2024-06-22,email,4,6,1,149,1
4978,218,2024-06-22,organic_search,5,6,1,149,0
4978,218,2024-06-22,google_ads,6,6,1,149,12
4979,997,2024-02-17,organic_search,1,4,1,49,0
4979,997,2024-02-17,email,2,4,1,49,1
4979,997,2024-02-17,organic_search,3,4,1,49,0
4979,997,2024-02-17,direct,4,4,1,49,0
4980,297,2024-05-15,email,1,4,0,0,1
4980,297,2024-05-15,referral,2,4,0,0,5
4980,297,2024-05-15,referral,3,4,0,0,5
4980,297,2024-05-15,email,4,4,0,0,1
4981,356,2024-07-23,organic_search,1,2,0,0,0
4981,356,2024-07-23,email,2,2,0,0,1
4982,803,2024-02-04,direct,1,2,1,149,0
4982,803,2024-02-04,referral,2,2,1,149,5
4983,1369,2024-01-02,facebook_ads,1,2,0,0,8
4983,1369,2024-01-02,google_ads,2,2,0,0,12
4984,642,2024-08-21,referral,1,5,0,0,5
4984,642,2024-08-21,direct,2,5,0,0,0
4984,642,2024-08-21,email,3,5,0,0,1
4984,642,2024-08-21,direct,4,5,0,0,0
4984,642,2024-08-21,email,5,5,0,0,1
4985,1407,2024-08-31,referral,1,2,0,0,5
4985,1407,2024-08-31,direct,2,2,0,0,0
4986,1343,2024-04-21,organic_search,1,6,0,0,0
4986,1343,2024-04-21,email,2,6,0,0,1
4986,1343,2024-04-21,facebook_ads,3,6,0,0,8
4986,1343,2024-04-21,organic_search,4,6,0,0,0
4986,1343,2024-04-21,google_ads,5,6,0,0,12
4986,1343,2024-04-21,facebook_ads,6,6,0,0,8
4987,610,2024-04-01,organic_search,1,3,0,0,0
4987,610,2024-04-01,facebook_ads,2,3,0,0,8
4987,610,2024-04-01,direct,3,3,0,0,0
4988,1995,2024-04-02,direct,1,6,1,149,0
4988,1995,2024-04-02,organic_search,2,6,1,149,0
4988,1995,2024-04-02,email,3,6,1,149,1
4988,1995,2024-04-02,organic_search,4,6,1,149,0
4988,1995,2024-04-02,referral,5,6,1,149,5
4988,1995,2024-04-02,referral,6,6,1,149,5
4989,587,2024-03-08,organic_search,1,1,0,0,0
4990,1017,2024-04-30,referral,1,2,0,0,5
4990,1017,2024-04-30,facebook_ads,2,2,0,0,8
4991,98,2024-09-17,facebook_ads,1,5,0,0,8
4991,98,2024-09-17,referral,2,5,0,0,5
4991,98,2024-09-17,referral,3,5,0,0,5
4991,98,2024-09-17,direct,4,5,0,0,0
4991,98,2024-09-17,facebook_ads,5,5,0,0,8
4992,662,2024-06-16,facebook_ads,1,5,0,0,8
4992,662,2024-06-16,email,2,5,0,0,1
4992,662,2024-06-16,google_ads,3,5,0,0,12
4992,662,2024-06-16,referral,4,5,0,0,5
4992,662,2024-06-16,referral,5,5,0,0,5
4993,452,2024-04-18,google_ads,1,3,0,0,12
4993,452,2024-04-18,organic_search,2,3,0,0,0
4993,452,2024-04-18,facebook_ads,3,3,0,0,8
4994,1357,2024-06-17,facebook_ads,1,5,1,299,8
4994,1357,2024-06-17,direct,2,5,1,299,0
4994,1357,2024-06-17,direct,3,5,1,299,0
4994,1357,2024-06-17,google_ads,4,5,1,299,12
4994,1357,2024-06-17,referral,5,5,1,299,5
4995,233,2024-03-09,email,1,4,0,0,1
4995,233,2024-03-09,facebook_ads,2,4,0,0,8
4995,233,2024-03-09,organic_search,3,4,0,0,0
4995,233,2024-03-09,google_ads,4,4,0,0,12
4996,1403,2024-07-29,facebook_ads,1,4,1,149,8
4996,1403,2024-07-29,direct,2,4,1,149,0
4996,1403,2024-07-29,referral,3,4,1,149,5
4996,1403,2024-07-29,organic_search,4,4,1,149,0
4997,419,2024-09-19,referral,1,5,0,0,5
4997,419,2024-09-19,email,2,5,0,0,1
4997,419,2024-09-19,facebook_ads,3,5,0,0,8
4997,419,2024-09-19,google_ads,4,5,0,0,12
4997,419,2024-09-19,email,5,5,0,0,1
4998,75,2024-06-17,referral,1,1,0,0,5
4999,1629,2024-06-05,google_ads,1,3,0,0,12
4999,1629,2024-06-05,direct,2,3,0,0,0
4999,1629,2024-06-05,email,3,3,0,0,1
5000,1699,2024-09-15,organic_search,1,2,0,0,0
5000,1699,2024-09-15,referral,2,2,0,0,5
